2026-07-22 00:03:52 [http-nio-8081-exec-9] DEBUG org.hibernate.SQL - 
    select
        tk1_0.id,
        tk1_0.anh,
        tk1_0.cccd,
        tk1_0.email,
        tk1_0.ho_ten,
        tk1_0.khoa_den,
        tk1_0.lan_dang_nhap_cuoi,
        tk1_0.mat_khau,
        tk1_0.ngay_cap_nhat,
        tk1_0.ngay_tao,
        tk1_0.nguoi_tao_id,
        tk1_0.so_dien_thoai,
        tk1_0.so_lan_dang_nhap_sai,
        tk1_0.ten_dang_nhap,
        tk1_0.trang_thai,
        tk1_0.vai_tro_id 
    from
        tai_khoan tk1_0 
    where
        tk1_0.ten_dang_nhap=?
2026-07-22 00:03:52 [http-nio-8081-exec-9] TRACE org.hibernate.orm.jdbc.bind - binding parameter (1:VARCHAR) <- [admin]
2026-07-22 00:03:52 [http-nio-8081-exec-9] DEBUG org.hibernate.SQL - 
    select
        vt1_0.id,
        vt1_0.ma_vai_tro,
        vt1_0.mo_ta,
        vt1_0.ngay_cap_nhat,
        vt1_0.ngay_tao,
        vt1_0.ten_vai_tro,
        vt1_0.trang_thai 
    from
        vai_tro vt1_0 
    where
        vt1_0.id=?
2026-07-22 00:03:52 [http-nio-8081-exec-9] TRACE org.hibernate.orm.jdbc.bind - binding parameter (1:INTEGER) <- [4]
2026-07-22 00:03:52 [http-nio-8081-exec-9] DEBUG org.hibernate.SQL - 
    select
        tk1_0.id,
        tk1_0.anh,
        tk1_0.cccd,
        tk1_0.email,
        tk1_0.ho_ten,
        tk1_0.khoa_den,
        tk1_0.lan_dang_nhap_cuoi,
        tk1_0.mat_khau,
        tk1_0.ngay_cap_nhat,
        tk1_0.ngay_tao,
        tk1_0.nguoi_tao_id,
        tk1_0.so_dien_thoai,
        tk1_0.so_lan_dang_nhap_sai,
        tk1_0.ten_dang_nhap,
        tk1_0.trang_thai,
        tk1_0.vai_tro_id 
    from
        tai_khoan tk1_0 
    where
        tk1_0.ten_dang_nhap=?
2026-07-22 00:03:52 [http-nio-8081-exec-9] TRACE org.hibernate.orm.jdbc.bind - binding parameter (1:VARCHAR) <- [admin]
2026-07-22 00:03:52 [http-nio-8081-exec-9] DEBUG org.hibernate.SQL - 
    select
        vt1_0.id,
        vt1_0.ma_vai_tro,
        vt1_0.mo_ta,
        vt1_0.ngay_cap_nhat,
        vt1_0.ngay_tao,
        vt1_0.ten_vai_tro,
        vt1_0.trang_thai 
    from
        vai_tro vt1_0 
    where
        vt1_0.id=?
2026-07-22 00:03:52 [http-nio-8081-exec-9] TRACE org.hibernate.orm.jdbc.bind - binding parameter (1:INTEGER) <- [4]
2026-07-22 00:04:36 [http-nio-8081-exec-2] DEBUG org.hibernate.SQL - 
    select
        kh1_0.makh,
        kh1_0.macth,
        kh1_0.ngaybatdau,
        kh1_0.ngayketthuc,
        kh1_0.tenkhoahoc,
        kh1_0.trangthai 
    from
        khoa_hoc kh1_0
2026-07-22 00:04:36 [http-nio-8081-exec-2] DEBUG org.hibernate.SQL - 
    select
        cth1_0.macth,
        cth1_0.hangbang,
        cth1_0.hocphi,
        cth1_0.sobuoilythuyet,
        cth1_0.sobuoithuchanh,
        cth1_0.tenchuongtrinh 
    from
        chuong_trinh_hoc cth1_0 
    where
        cth1_0.macth=?
2026-07-22 00:04:36 [http-nio-8081-exec-2] TRACE org.hibernate.orm.jdbc.bind - binding parameter (1:INTEGER) <- [1]
2026-07-22 00:04:36 [http-nio-8081-exec-2] DEBUG org.hibernate.SQL - 
    select
        cth1_0.macth,
        cth1_0.hangbang,
        cth1_0.hocphi,
        cth1_0.sobuoilythuyet,
        cth1_0.sobuoithuchanh,
        cth1_0.tenchuongtrinh 
    from
        chuong_trinh_hoc cth1_0 
    where
        cth1_0.macth=?
2026-07-22 00:04:36 [http-nio-8081-exec-2] TRACE org.hibernate.orm.jdbc.bind - binding parameter (1:INTEGER) <- [2]
2026-07-22 00:04:36 [http-nio-8081-exec-3] DEBUG org.hibernate.SQL - 
    select
        pt1_0.maphongthi,
        pt1_0.diadiem,
        pt1_0.succhua,
        pt1_0.tenphong,
        pt1_0.trangthai 
    from
        phong_thi pt1_0
2026-07-22 00:04:36 [http-nio-8081-exec-4] DEBUG org.hibernate.SQL - 
    select
        ct1_0.macathi,
        ct1_0.gio_bat_dau,
        ct1_0.gio_ket_thuc,
        ct1_0.ten_ca 
    from
        ca_thi ct1_0
2026-07-22 00:04:36 [http-nio-8081-exec-7] DEBUG org.hibernate.SQL - 
    select
        lt1_0.malichthi,
        lt1_0.macathi,
        lt1_0.ghichu,
        lt1_0.ngaythi,
        lt1_0.maphongthi 
    from
        lich_thi lt1_0
2026-07-22 00:04:36 [http-nio-8081-exec-7] DEBUG org.hibernate.SQL - 
    select
        ct1_0.macathi,
        ct1_0.gio_bat_dau,
        ct1_0.gio_ket_thuc,
        ct1_0.ten_ca 
    from
        ca_thi ct1_0 
    where
        ct1_0.macathi=?
2026-07-22 00:04:36 [http-nio-8081-exec-7] TRACE org.hibernate.orm.jdbc.bind - binding parameter (1:INTEGER) <- [1]
2026-07-22 00:04:36 [http-nio-8081-exec-7] DEBUG org.hibernate.SQL - 
    select
        pt1_0.maphongthi,
        pt1_0.diadiem,
        pt1_0.succhua,
        pt1_0.tenphong,
        pt1_0.trangthai 
    from
        phong_thi pt1_0 
    where
        pt1_0.maphongthi=?
2026-07-22 00:04:36 [http-nio-8081-exec-7] TRACE org.hibernate.orm.jdbc.bind - binding parameter (1:INTEGER) <- [1]
2026-07-22 00:04:36 [http-nio-8081-exec-7] DEBUG org.hibernate.SQL - 
    select
        pt1_0.maphongthi,
        pt1_0.diadiem,
        pt1_0.succhua,
        pt1_0.tenphong,
        pt1_0.trangthai 
    from
        phong_thi pt1_0 
    where
        pt1_0.maphongthi=?
2026-07-22 00:04:36 [http-nio-8081-exec-7] TRACE org.hibernate.orm.jdbc.bind - binding parameter (1:INTEGER) <- [2]
2026-07-22 00:05:00 [http-nio-8081-exec-6] DEBUG org.hibernate.SQL - 
    select
        lh1_0.malop,
        lh1_0.magv,
        lh1_0.makh,
        lh1_0.soluong,
        lh1_0.tenlop,
        lh1_0.trangthai 
    from
        lop_hoc lh1_0
2026-07-22 00:05:01 [http-nio-8081-exec-6] DEBUG org.hibernate.SQL - 
    select
        kh1_0.makh,
        cth1_0.macth,
        cth1_0.hangbang,
        cth1_0.hocphi,
        cth1_0.sobuoilythuyet,
        cth1_0.sobuoithuchanh,
        cth1_0.tenchuongtrinh,
        kh1_0.ngaybatdau,
        kh1_0.ngayketthuc,
        kh1_0.tenkhoahoc,
        kh1_0.trangthai 
    from
        khoa_hoc kh1_0 
    left join
        chuong_trinh_hoc cth1_0 
            on cth1_0.macth=kh1_0.macth 
    where
        kh1_0.makh=?
2026-07-22 00:05:01 [http-nio-8081-exec-6] TRACE org.hibernate.orm.jdbc.bind - binding parameter (1:INTEGER) <- [1]
2026-07-22 00:05:01 [http-nio-8081-exec-6] DEBUG org.hibernate.SQL - 
    select
        kh1_0.makh,
        cth1_0.macth,
        cth1_0.hangbang,
        cth1_0.hocphi,
        cth1_0.sobuoilythuyet,
        cth1_0.sobuoithuchanh,
        cth1_0.tenchuongtrinh,
        kh1_0.ngaybatdau,
        kh1_0.ngayketthuc,
        kh1_0.tenkhoahoc,
        kh1_0.trangthai 
    from
        khoa_hoc kh1_0 
    left join
        chuong_trinh_hoc cth1_0 
            on cth1_0.macth=kh1_0.macth 
    where
        kh1_0.makh=?
2026-07-22 00:05:01 [http-nio-8081-exec-6] TRACE org.hibernate.orm.jdbc.bind - binding parameter (1:INTEGER) <- [2]
2026-07-22 00:05:01 [http-nio-8081-exec-5] DEBUG org.hibernate.SQL - 
    select
        mh1_0.mamh,
        mh1_0.so_tiet,
        mh1_0.tenmonhoc 
    from
        mon_hoc mh1_0
2026-07-22 00:05:01 [http-nio-8081-exec-8] DEBUG org.hibernate.SQL - 
    select
        ct1_0.macathi,
        ct1_0.gio_bat_dau,
        ct1_0.gio_ket_thuc,
        ct1_0.ten_ca 
    from
        ca_thi ct1_0
2026-07-22 00:05:04 [http-nio-8081-exec-10] DEBUG org.hibernate.SQL - 
    select
        tk1_0.id,
        tk1_0.anh,
        tk1_0.cccd,
        tk1_0.email,
        tk1_0.ho_ten,
        tk1_0.khoa_den,
        tk1_0.lan_dang_nhap_cuoi,
        tk1_0.mat_khau,
        tk1_0.ngay_cap_nhat,
        tk1_0.ngay_tao,
        tk1_0.nguoi_tao_id,
        tk1_0.so_dien_thoai,
        tk1_0.so_lan_dang_nhap_sai,
        tk1_0.ten_dang_nhap,
        tk1_0.trang_thai,
        tk1_0.vai_tro_id 
    from
        tai_khoan tk1_0 
    where
        tk1_0.ten_dang_nhap=?
2026-07-22 00:05:04 [http-nio-8081-exec-10] TRACE org.hibernate.orm.jdbc.bind - binding parameter (1:VARCHAR) <- [giaovien1]
2026-07-22 00:05:04 [http-nio-8081-exec-10] DEBUG org.hibernate.SQL - 
    select
        vt1_0.id,
        vt1_0.ma_vai_tro,
        vt1_0.mo_ta,
        vt1_0.ngay_cap_nhat,
        vt1_0.ngay_tao,
        vt1_0.ten_vai_tro,
        vt1_0.trang_thai 
    from
        vai_tro vt1_0 
    where
        vt1_0.id=?
2026-07-22 00:05:04 [http-nio-8081-exec-10] TRACE org.hibernate.orm.jdbc.bind - binding parameter (1:INTEGER) <- [3]
2026-07-22 00:05:04 [http-nio-8081-exec-9] DEBUG org.hibernate.SQL - 
    select
        tk1_0.id,
        tk1_0.anh,
        tk1_0.cccd,
        tk1_0.email,
        tk1_0.ho_ten,
        tk1_0.khoa_den,
        tk1_0.lan_dang_nhap_cuoi,
        tk1_0.mat_khau,
        tk1_0.ngay_cap_nhat,
        tk1_0.ngay_tao,
        tk1_0.nguoi_tao_id,
        tk1_0.so_dien_thoai,
        tk1_0.so_lan_dang_nhap_sai,
        tk1_0.ten_dang_nhap,
        tk1_0.trang_thai,
        tk1_0.vai_tro_id 
    from
        tai_khoan tk1_0 
    where
        tk1_0.ten_dang_nhap=?
2026-07-22 00:05:04 [http-nio-8081-exec-9] TRACE org.hibernate.orm.jdbc.bind - binding parameter (1:VARCHAR) <- [giaovien1]
2026-07-22 00:05:04 [http-nio-8081-exec-9] DEBUG org.hibernate.SQL - 
    select
        vt1_0.id,
        vt1_0.ma_vai_tro,
        vt1_0.mo_ta,
        vt1_0.ngay_cap_nhat,
        vt1_0.ngay_tao,
        vt1_0.ten_vai_tro,
        vt1_0.trang_thai 
    from
        vai_tro vt1_0 
    where
        vt1_0.id=?
2026-07-22 00:05:04 [http-nio-8081-exec-9] TRACE org.hibernate.orm.jdbc.bind - binding parameter (1:INTEGER) <- [3]
2026-07-22 00:05:04 [http-nio-8081-exec-9] DEBUG org.hibernate.SQL - 
    select
        acd1_0.id,
        acd1_0.ghichu,
        acd1_0.matk,
        acd1_0.ngaytao,
        acd1_0.trangthai,
        acd1_0.url 
    from
        anh_cho_duyet acd1_0 
    where
        acd1_0.matk=?
2026-07-22 00:05:04 [http-nio-8081-exec-9] TRACE org.hibernate.orm.jdbc.bind - binding parameter (1:INTEGER) <- [5]
2026-07-22 00:05:29 [http-nio-8081-exec-3] DEBUG org.hibernate.SQL - 
    select
        tk1_0.id,
        tk1_0.anh,
        tk1_0.cccd,
        tk1_0.email,
        tk1_0.ho_ten,
        tk1_0.khoa_den,
        tk1_0.lan_dang_nhap_cuoi,
        tk1_0.mat_khau,
        tk1_0.ngay_cap_nhat,
        tk1_0.ngay_tao,
        tk1_0.nguoi_tao_id,
        tk1_0.so_dien_thoai,
        tk1_0.so_lan_dang_nhap_sai,
        tk1_0.ten_dang_nhap,
        tk1_0.trang_thai,
        tk1_0.vai_tro_id 
    from
        tai_khoan tk1_0 
    where
        tk1_0.ten_dang_nhap=?
2026-07-22 00:05:29 [http-nio-8081-exec-3] TRACE org.hibernate.orm.jdbc.bind - binding parameter (1:VARCHAR) <- [giaovien1]
2026-07-22 00:05:29 [http-nio-8081-exec-3] DEBUG org.hibernate.SQL - 
    select
        vt1_0.id,
        vt1_0.ma_vai_tro,
        vt1_0.mo_ta,
        vt1_0.ngay_cap_nhat,
        vt1_0.ngay_tao,
        vt1_0.ten_vai_tro,
        vt1_0.trang_thai 
    from
        vai_tro vt1_0 
    where
        vt1_0.id=?
2026-07-22 00:05:29 [http-nio-8081-exec-3] TRACE org.hibernate.orm.jdbc.bind - binding parameter (1:INTEGER) <- [3]
2026-07-22 00:05:29 [http-nio-8081-exec-3] DEBUG org.hibernate.SQL - 
    select
        tk1_0.id,
        tk1_0.anh,
        tk1_0.cccd,
        tk1_0.email,
        tk1_0.ho_ten,
        tk1_0.khoa_den,
        tk1_0.lan_dang_nhap_cuoi,
        tk1_0.mat_khau,
        tk1_0.ngay_cap_nhat,
        tk1_0.ngay_tao,
        tk1_0.nguoi_tao_id,
        tk1_0.so_dien_thoai,
        tk1_0.so_lan_dang_nhap_sai,
        tk1_0.ten_dang_nhap,
        tk1_0.trang_thai,
        tk1_0.vai_tro_id 
    from
        tai_khoan tk1_0 
    where
        tk1_0.ten_dang_nhap=?
2026-07-22 00:05:29 [http-nio-8081-exec-3] TRACE org.hibernate.orm.jdbc.bind - binding parameter (1:VARCHAR) <- [giaovien1]
2026-07-22 00:05:29 [http-nio-8081-exec-3] DEBUG org.hibernate.SQL - 
    select
        vt1_0.id,
        vt1_0.ma_vai_tro,
        vt1_0.mo_ta,
        vt1_0.ngay_cap_nhat,
        vt1_0.ngay_tao,
        vt1_0.ten_vai_tro,
        vt1_0.trang_thai 
    from
        vai_tro vt1_0 
    where
        vt1_0.id=?
2026-07-22 00:05:29 [http-nio-8081-exec-3] TRACE org.hibernate.orm.jdbc.bind - binding parameter (1:INTEGER) <- [3]
2026-07-22 00:05:29 [http-nio-8081-exec-4] DEBUG org.hibernate.SQL - 
    select
        tk1_0.id,
        tk1_0.anh,
        tk1_0.cccd,
        tk1_0.email,
        tk1_0.ho_ten,
        tk1_0.khoa_den,
        tk1_0.lan_dang_nhap_cuoi,
        tk1_0.mat_khau,
        tk1_0.ngay_cap_nhat,
        tk1_0.ngay_tao,
        tk1_0.nguoi_tao_id,
        tk1_0.so_dien_thoai,
        tk1_0.so_lan_dang_nhap_sai,
        tk1_0.ten_dang_nhap,
        tk1_0.trang_thai,
        tk1_0.vai_tro_id 
    from
        tai_khoan tk1_0 
    where
        tk1_0.ten_dang_nhap=?
2026-07-22 00:05:29 [http-nio-8081-exec-7] DEBUG org.hibernate.SQL - 
    select
        tk1_0.id,
        tk1_0.anh,
        tk1_0.cccd,
        tk1_0.email,
        tk1_0.ho_ten,
        tk1_0.khoa_den,
        tk1_0.lan_dang_nhap_cuoi,
        tk1_0.mat_khau,
        tk1_0.ngay_cap_nhat,
        tk1_0.ngay_tao,
        tk1_0.nguoi_tao_id,
        tk1_0.so_dien_thoai,
        tk1_0.so_lan_dang_nhap_sai,
        tk1_0.ten_dang_nhap,
        tk1_0.trang_thai,
        tk1_0.vai_tro_id 
    from
        tai_khoan tk1_0 
    where
        tk1_0.ten_dang_nhap=?
2026-07-22 00:05:29 [http-nio-8081-exec-4] TRACE org.hibernate.orm.jdbc.bind - binding parameter (1:VARCHAR) <- [giaovien1]
2026-07-22 00:05:29 [http-nio-8081-exec-4] DEBUG org.hibernate.SQL - 
    select
        vt1_0.id,
        vt1_0.ma_vai_tro,
        vt1_0.mo_ta,
        vt1_0.ngay_cap_nhat,
        vt1_0.ngay_tao,
        vt1_0.ten_vai_tro,
        vt1_0.trang_thai 
    from
        vai_tro vt1_0 
    where
        vt1_0.id=?
2026-07-22 00:05:29 [http-nio-8081-exec-4] TRACE org.hibernate.orm.jdbc.bind - binding parameter (1:INTEGER) <- [3]
2026-07-22 00:05:29 [http-nio-8081-exec-4] DEBUG org.hibernate.SQL - 
    select
        gv1_0.magv,
        gv1_0.cccd,
        gv1_0.diachi,
        gv1_0.email,
        gv1_0.gioitinh,
        gv1_0.hangday,
        gv1_0.hoten,
        gv1_0.ngaysinh,
        gv1_0.sodienthoai 
    from
        giao_vien gv1_0
2026-07-22 00:05:29 [http-nio-8081-exec-7] TRACE org.hibernate.orm.jdbc.bind - binding parameter (1:VARCHAR) <- [giaovien1]
2026-07-22 00:05:29 [http-nio-8081-exec-7] DEBUG org.hibernate.SQL - 
    select
        vt1_0.id,
        vt1_0.ma_vai_tro,
        vt1_0.mo_ta,
        vt1_0.ngay_cap_nhat,
        vt1_0.ngay_tao,
        vt1_0.ten_vai_tro,
        vt1_0.trang_thai 
    from
        vai_tro vt1_0 
    where
        vt1_0.id=?
2026-07-22 00:05:29 [http-nio-8081-exec-7] TRACE org.hibernate.orm.jdbc.bind - binding parameter (1:INTEGER) <- [3]
2026-07-22 00:05:29 [http-nio-8081-exec-7] DEBUG org.hibernate.SQL - 
    select
        gv1_0.magv,
        gv1_0.cccd,
        gv1_0.diachi,
        gv1_0.email,
        gv1_0.gioitinh,
        gv1_0.hangday,
        gv1_0.hoten,
        gv1_0.ngaysinh,
        gv1_0.sodienthoai 
    from
        giao_vien gv1_0
2026-07-22 00:05:39 [http-nio-8081-exec-6] DEBUG org.hibernate.SQL - 
    select
        tk1_0.id,
        tk1_0.anh,
        tk1_0.cccd,
        tk1_0.email,
        tk1_0.ho_ten,
        tk1_0.khoa_den,
        tk1_0.lan_dang_nhap_cuoi,
        tk1_0.mat_khau,
        tk1_0.ngay_cap_nhat,
        tk1_0.ngay_tao,
        tk1_0.nguoi_tao_id,
        tk1_0.so_dien_thoai,
        tk1_0.so_lan_dang_nhap_sai,
        tk1_0.ten_dang_nhap,
        tk1_0.trang_thai,
        tk1_0.vai_tro_id 
    from
        tai_khoan tk1_0 
    where
        tk1_0.ten_dang_nhap=?
2026-07-22 00:05:39 [http-nio-8081-exec-5] DEBUG org.hibernate.SQL - 
    select
        tk1_0.id,
        tk1_0.anh,
        tk1_0.cccd,
        tk1_0.email,
        tk1_0.ho_ten,
        tk1_0.khoa_den,
        tk1_0.lan_dang_nhap_cuoi,
        tk1_0.mat_khau,
        tk1_0.ngay_cap_nhat,
        tk1_0.ngay_tao,
        tk1_0.nguoi_tao_id,
        tk1_0.so_dien_thoai,
        tk1_0.so_lan_dang_nhap_sai,
        tk1_0.ten_dang_nhap,
        tk1_0.trang_thai,
        tk1_0.vai_tro_id 
    from
        tai_khoan tk1_0 
    where
        tk1_0.ten_dang_nhap=?
2026-07-22 00:05:39 [http-nio-8081-exec-6] TRACE org.hibernate.orm.jdbc.bind - binding parameter (1:VARCHAR) <- [giaovien1]
2026-07-22 00:05:39 [http-nio-8081-exec-5] TRACE org.hibernate.orm.jdbc.bind - binding parameter (1:VARCHAR) <- [giaovien1]
2026-07-22 00:05:39 [http-nio-8081-exec-6] DEBUG org.hibernate.SQL - 
    select
        vt1_0.id,
        vt1_0.ma_vai_tro,
        vt1_0.mo_ta,
        vt1_0.ngay_cap_nhat,
        vt1_0.ngay_tao,
        vt1_0.ten_vai_tro,
        vt1_0.trang_thai 
    from
        vai_tro vt1_0 
    where
        vt1_0.id=?
2026-07-22 00:05:39 [http-nio-8081-exec-5] DEBUG org.hibernate.SQL - 
    select
        vt1_0.id,
        vt1_0.ma_vai_tro,
        vt1_0.mo_ta,
        vt1_0.ngay_cap_nhat,
        vt1_0.ngay_tao,
        vt1_0.ten_vai_tro,
        vt1_0.trang_thai 
    from
        vai_tro vt1_0 
    where
        vt1_0.id=?
2026-07-22 00:05:39 [http-nio-8081-exec-6] TRACE org.hibernate.orm.jdbc.bind - binding parameter (1:INTEGER) <- [3]
2026-07-22 00:05:39 [http-nio-8081-exec-5] TRACE org.hibernate.orm.jdbc.bind - binding parameter (1:INTEGER) <- [3]
2026-07-22 00:05:39 [http-nio-8081-exec-6] DEBUG org.hibernate.SQL - 
    select
        gv1_0.magv,
        gv1_0.cccd,
        gv1_0.diachi,
        gv1_0.email,
        gv1_0.gioitinh,
        gv1_0.hangday,
        gv1_0.hoten,
        gv1_0.ngaysinh,
        gv1_0.sodienthoai 
    from
        giao_vien gv1_0
2026-07-22 00:05:39 [http-nio-8081-exec-5] DEBUG org.hibernate.SQL - 
    select
        gv1_0.magv,
        gv1_0.cccd,
        gv1_0.diachi,
        gv1_0.email,
        gv1_0.gioitinh,
        gv1_0.hangday,
        gv1_0.hoten,
        gv1_0.ngaysinh,
        gv1_0.sodienthoai 
    from
        giao_vien gv1_0
2026-07-22 00:05:52 [http-nio-8081-exec-8] DEBUG org.hibernate.SQL - 
    select
        tk1_0.id,
        tk1_0.anh,
        tk1_0.cccd,
        tk1_0.email,
        tk1_0.ho_ten,
        tk1_0.khoa_den,
        tk1_0.lan_dang_nhap_cuoi,
        tk1_0.mat_khau,
        tk1_0.ngay_cap_nhat,
        tk1_0.ngay_tao,
        tk1_0.nguoi_tao_id,
        tk1_0.so_dien_thoai,
        tk1_0.so_lan_dang_nhap_sai,
        tk1_0.ten_dang_nhap,
        tk1_0.trang_thai,
        tk1_0.vai_tro_id 
    from
        tai_khoan tk1_0 
    where
        tk1_0.ten_dang_nhap=?
2026-07-22 00:05:52 [http-nio-8081-exec-8] TRACE org.hibernate.orm.jdbc.bind - binding parameter (1:VARCHAR) <- [giaovien1]
2026-07-22 00:05:52 [http-nio-8081-exec-8] DEBUG org.hibernate.SQL - 
    select
        vt1_0.id,
        vt1_0.ma_vai_tro,
        vt1_0.mo_ta,
        vt1_0.ngay_cap_nhat,
        vt1_0.ngay_tao,
        vt1_0.ten_vai_tro,
        vt1_0.trang_thai 
    from
        vai_tro vt1_0 
    where
        vt1_0.id=?
2026-07-22 00:05:52 [http-nio-8081-exec-8] TRACE org.hibernate.orm.jdbc.bind - binding parameter (1:INTEGER) <- [3]
2026-07-22 00:05:52 [http-nio-8081-exec-10] DEBUG org.hibernate.SQL - 
    select
        tk1_0.id,
        tk1_0.anh,
        tk1_0.cccd,
        tk1_0.email,
        tk1_0.ho_ten,
        tk1_0.khoa_den,
        tk1_0.lan_dang_nhap_cuoi,
        tk1_0.mat_khau,
        tk1_0.ngay_cap_nhat,
        tk1_0.ngay_tao,
        tk1_0.nguoi_tao_id,
        tk1_0.so_dien_thoai,
        tk1_0.so_lan_dang_nhap_sai,
        tk1_0.ten_dang_nhap,
        tk1_0.trang_thai,
        tk1_0.vai_tro_id 
    from
        tai_khoan tk1_0 
    where
        tk1_0.ten_dang_nhap=?
2026-07-22 00:05:52 [http-nio-8081-exec-10] TRACE org.hibernate.orm.jdbc.bind - binding parameter (1:VARCHAR) <- [giaovien1]
2026-07-22 00:05:52 [http-nio-8081-exec-10] DEBUG org.hibernate.SQL - 
    select
        vt1_0.id,
        vt1_0.ma_vai_tro,
        vt1_0.mo_ta,
        vt1_0.ngay_cap_nhat,
        vt1_0.ngay_tao,
        vt1_0.ten_vai_tro,
        vt1_0.trang_thai 
    from
        vai_tro vt1_0 
    where
        vt1_0.id=?
2026-07-22 00:05:52 [http-nio-8081-exec-10] TRACE org.hibernate.orm.jdbc.bind - binding parameter (1:INTEGER) <- [3]
2026-07-22 00:05:52 [http-nio-8081-exec-10] DEBUG org.hibernate.SQL - 
    select
        acd1_0.id,
        acd1_0.ghichu,
        acd1_0.matk,
        acd1_0.ngaytao,
        acd1_0.trangthai,
        acd1_0.url 
    from
        anh_cho_duyet acd1_0 
    where
        acd1_0.matk=?
2026-07-22 00:05:52 [http-nio-8081-exec-10] TRACE org.hibernate.orm.jdbc.bind - binding parameter (1:INTEGER) <- [5]
2026-07-22 00:05:59 [http-nio-8081-exec-1] DEBUG org.hibernate.SQL - 
    select
        tk1_0.id,
        tk1_0.anh,
        tk1_0.cccd,
        tk1_0.email,
        tk1_0.ho_ten,
        tk1_0.khoa_den,
        tk1_0.lan_dang_nhap_cuoi,
        tk1_0.mat_khau,
        tk1_0.ngay_cap_nhat,
        tk1_0.ngay_tao,
        tk1_0.nguoi_tao_id,
        tk1_0.so_dien_thoai,
        tk1_0.so_lan_dang_nhap_sai,
        tk1_0.ten_dang_nhap,
        tk1_0.trang_thai,
        tk1_0.vai_tro_id 
    from
        tai_khoan tk1_0 
    where
        tk1_0.ten_dang_nhap=?
2026-07-22 00:05:59 [http-nio-8081-exec-9] DEBUG org.hibernate.SQL - 
    select
        tk1_0.id,
        tk1_0.anh,
        tk1_0.cccd,
        tk1_0.email,
        tk1_0.ho_ten,
        tk1_0.khoa_den,
        tk1_0.lan_dang_nhap_cuoi,
        tk1_0.mat_khau,
        tk1_0.ngay_cap_nhat,
        tk1_0.ngay_tao,
        tk1_0.nguoi_tao_id,
        tk1_0.so_dien_thoai,
        tk1_0.so_lan_dang_nhap_sai,
        tk1_0.ten_dang_nhap,
        tk1_0.trang_thai,
        tk1_0.vai_tro_id 
    from
        tai_khoan tk1_0 
    where
        tk1_0.ten_dang_nhap=?
2026-07-22 00:05:59 [http-nio-8081-exec-1] TRACE org.hibernate.orm.jdbc.bind - binding parameter (1:VARCHAR) <- [giaovien1]
2026-07-22 00:05:59 [http-nio-8081-exec-1] DEBUG org.hibernate.SQL - 
    select
        vt1_0.id,
        vt1_0.ma_vai_tro,
        vt1_0.mo_ta,
        vt1_0.ngay_cap_nhat,
        vt1_0.ngay_tao,
        vt1_0.ten_vai_tro,
        vt1_0.trang_thai 
    from
        vai_tro vt1_0 
    where
        vt1_0.id=?
2026-07-22 00:05:59 [http-nio-8081-exec-1] TRACE org.hibernate.orm.jdbc.bind - binding parameter (1:INTEGER) <- [3]
2026-07-22 00:05:59 [http-nio-8081-exec-9] TRACE org.hibernate.orm.jdbc.bind - binding parameter (1:VARCHAR) <- [giaovien1]
2026-07-22 00:05:59 [http-nio-8081-exec-1] DEBUG org.hibernate.SQL - 
    select
        gv1_0.magv,
        gv1_0.cccd,
        gv1_0.diachi,
        gv1_0.email,
        gv1_0.gioitinh,
        gv1_0.hangday,
        gv1_0.hoten,
        gv1_0.ngaysinh,
        gv1_0.sodienthoai 
    from
        giao_vien gv1_0
2026-07-22 00:05:59 [http-nio-8081-exec-9] DEBUG org.hibernate.SQL - 
    select
        vt1_0.id,
        vt1_0.ma_vai_tro,
        vt1_0.mo_ta,
        vt1_0.ngay_cap_nhat,
        vt1_0.ngay_tao,
        vt1_0.ten_vai_tro,
        vt1_0.trang_thai 
    from
        vai_tro vt1_0 
    where
        vt1_0.id=?
2026-07-22 00:05:59 [http-nio-8081-exec-9] TRACE org.hibernate.orm.jdbc.bind - binding parameter (1:INTEGER) <- [3]
2026-07-22 00:05:59 [http-nio-8081-exec-9] DEBUG org.hibernate.SQL - 
    select
        gv1_0.magv,
        gv1_0.cccd,
        gv1_0.diachi,
        gv1_0.email,
        gv1_0.gioitinh,
        gv1_0.hangday,
        gv1_0.hoten,
        gv1_0.ngaysinh,
        gv1_0.sodienthoai 
    from
        giao_vien gv1_0
2026-07-22 00:06:17 [http-nio-8081-exec-3] DEBUG org.hibernate.SQL - 
    select
        tsh1_0.mathi,
        tsh1_0.ghichu,
        tsh1_0.mahv,
        tsh1_0.ketqua,
        tsh1_0.malichthi,
        tsh1_0.ngaythi 
    from
        thi_sat_hach tsh1_0
2026-07-22 00:06:18 [http-nio-8081-exec-3] DEBUG org.hibernate.SQL - 
    select
        hv1_0.mahv,
        hv1_0.cccd,
        hv1_0.diachi,
        hv1_0.email,
        hv1_0.gioitinh,
        hv1_0.hoten,
        hv1_0.ngaydangky,
        hv1_0.ngaysinh,
        hv1_0.sodienthoai 
    from
        hoc_vien hv1_0 
    where
        hv1_0.mahv=?
2026-07-22 00:06:18 [http-nio-8081-exec-3] TRACE org.hibernate.orm.jdbc.bind - binding parameter (1:INTEGER) <- [1]
2026-07-22 00:06:27 [http-nio-8081-exec-4] DEBUG org.hibernate.SQL - 
    select
        tk1_0.id,
        tk1_0.anh,
        tk1_0.cccd,
        tk1_0.email,
        tk1_0.ho_ten,
        tk1_0.khoa_den,
        tk1_0.lan_dang_nhap_cuoi,
        tk1_0.mat_khau,
        tk1_0.ngay_cap_nhat,
        tk1_0.ngay_tao,
        tk1_0.nguoi_tao_id,
        tk1_0.so_dien_thoai,
        tk1_0.so_lan_dang_nhap_sai,
        tk1_0.ten_dang_nhap,
        tk1_0.trang_thai,
        tk1_0.vai_tro_id 
    from
        tai_khoan tk1_0 
    where
        tk1_0.ten_dang_nhap=?
2026-07-22 00:06:27 [http-nio-8081-exec-7] DEBUG org.hibernate.SQL - 
    select
        tk1_0.id,
        tk1_0.anh,
        tk1_0.cccd,
        tk1_0.email,
        tk1_0.ho_ten,
        tk1_0.khoa_den,
        tk1_0.lan_dang_nhap_cuoi,
        tk1_0.mat_khau,
        tk1_0.ngay_cap_nhat,
        tk1_0.ngay_tao,
        tk1_0.nguoi_tao_id,
        tk1_0.so_dien_thoai,
        tk1_0.so_lan_dang_nhap_sai,
        tk1_0.ten_dang_nhap,
        tk1_0.trang_thai,
        tk1_0.vai_tro_id 
    from
        tai_khoan tk1_0 
    where
        tk1_0.ten_dang_nhap=?
2026-07-22 00:06:27 [http-nio-8081-exec-4] TRACE org.hibernate.orm.jdbc.bind - binding parameter (1:VARCHAR) <- [giaovien1]
2026-07-22 00:06:27 [http-nio-8081-exec-4] DEBUG org.hibernate.SQL - 
    select
        vt1_0.id,
        vt1_0.ma_vai_tro,
        vt1_0.mo_ta,
        vt1_0.ngay_cap_nhat,
        vt1_0.ngay_tao,
        vt1_0.ten_vai_tro,
        vt1_0.trang_thai 
    from
        vai_tro vt1_0 
    where
        vt1_0.id=?
2026-07-22 00:06:27 [http-nio-8081-exec-4] TRACE org.hibernate.orm.jdbc.bind - binding parameter (1:INTEGER) <- [3]
2026-07-22 00:06:27 [http-nio-8081-exec-4] DEBUG org.hibernate.SQL - 
    select
        gv1_0.magv,
        gv1_0.cccd,
        gv1_0.diachi,
        gv1_0.email,
        gv1_0.gioitinh,
        gv1_0.hangday,
        gv1_0.hoten,
        gv1_0.ngaysinh,
        gv1_0.sodienthoai 
    from
        giao_vien gv1_0
2026-07-22 00:06:27 [http-nio-8081-exec-7] TRACE org.hibernate.orm.jdbc.bind - binding parameter (1:VARCHAR) <- [giaovien1]
2026-07-22 00:06:27 [http-nio-8081-exec-7] DEBUG org.hibernate.SQL - 
    select
        vt1_0.id,
        vt1_0.ma_vai_tro,
        vt1_0.mo_ta,
        vt1_0.ngay_cap_nhat,
        vt1_0.ngay_tao,
        vt1_0.ten_vai_tro,
        vt1_0.trang_thai 
    from
        vai_tro vt1_0 
    where
        vt1_0.id=?
2026-07-22 00:06:27 [http-nio-8081-exec-7] TRACE org.hibernate.orm.jdbc.bind - binding parameter (1:INTEGER) <- [3]
2026-07-22 00:06:27 [http-nio-8081-exec-7] DEBUG org.hibernate.SQL - 
    select
        gv1_0.magv,
        gv1_0.cccd,
        gv1_0.diachi,
        gv1_0.email,
        gv1_0.gioitinh,
        gv1_0.hangday,
        gv1_0.hoten,
        gv1_0.ngaysinh,
        gv1_0.sodienthoai 
    from
        giao_vien gv1_0
2026-07-22 00:09:28 [http-nio-8081-exec-8] DEBUG org.hibernate.SQL - 
    select
        tk1_0.id,
        tk1_0.anh,
        tk1_0.cccd,
        tk1_0.email,
        tk1_0.ho_ten,
        tk1_0.khoa_den,
        tk1_0.lan_dang_nhap_cuoi,
        tk1_0.mat_khau,
        tk1_0.ngay_cap_nhat,
        tk1_0.ngay_tao,
        tk1_0.nguoi_tao_id,
        tk1_0.so_dien_thoai,
        tk1_0.so_lan_dang_nhap_sai,
        tk1_0.ten_dang_nhap,
        tk1_0.trang_thai,
        tk1_0.vai_tro_id 
    from
        tai_khoan tk1_0 
    where
        tk1_0.ten_dang_nhap=?
2026-07-22 00:09:28 [http-nio-8081-exec-10] DEBUG org.hibernate.SQL - 
    select
        tk1_0.id,
        tk1_0.anh,
        tk1_0.cccd,
        tk1_0.email,
        tk1_0.ho_ten,
        tk1_0.khoa_den,
        tk1_0.lan_dang_nhap_cuoi,
        tk1_0.mat_khau,
        tk1_0.ngay_cap_nhat,
        tk1_0.ngay_tao,
        tk1_0.nguoi_tao_id,
        tk1_0.so_dien_thoai,
        tk1_0.so_lan_dang_nhap_sai,
        tk1_0.ten_dang_nhap,
        tk1_0.trang_thai,
        tk1_0.vai_tro_id 
    from
        tai_khoan tk1_0 
    where
        tk1_0.ten_dang_nhap=?
2026-07-22 00:09:28 [http-nio-8081-exec-10] TRACE org.hibernate.orm.jdbc.bind - binding parameter (1:VARCHAR) <- [giaovien1]
2026-07-22 00:09:28 [http-nio-8081-exec-8] TRACE org.hibernate.orm.jdbc.bind - binding parameter (1:VARCHAR) <- [giaovien1]
2026-07-22 00:09:28 [http-nio-8081-exec-8] DEBUG org.hibernate.SQL - 
    select
        vt1_0.id,
        vt1_0.ma_vai_tro,
        vt1_0.mo_ta,
        vt1_0.ngay_cap_nhat,
        vt1_0.ngay_tao,
        vt1_0.ten_vai_tro,
        vt1_0.trang_thai 
    from
        vai_tro vt1_0 
    where
        vt1_0.id=?
2026-07-22 00:09:28 [http-nio-8081-exec-10] DEBUG org.hibernate.SQL - 
    select
        vt1_0.id,
        vt1_0.ma_vai_tro,
        vt1_0.mo_ta,
        vt1_0.ngay_cap_nhat,
        vt1_0.ngay_tao,
        vt1_0.ten_vai_tro,
        vt1_0.trang_thai 
    from
        vai_tro vt1_0 
    where
        vt1_0.id=?
2026-07-22 00:09:28 [http-nio-8081-exec-8] TRACE org.hibernate.orm.jdbc.bind - binding parameter (1:INTEGER) <- [3]
2026-07-22 00:09:28 [http-nio-8081-exec-10] TRACE org.hibernate.orm.jdbc.bind - binding parameter (1:INTEGER) <- [3]
2026-07-22 00:09:28 [http-nio-8081-exec-10] DEBUG org.hibernate.SQL - 
    select
        gv1_0.magv,
        gv1_0.cccd,
        gv1_0.diachi,
        gv1_0.email,
        gv1_0.gioitinh,
        gv1_0.hangday,
        gv1_0.hoten,
        gv1_0.ngaysinh,
        gv1_0.sodienthoai 
    from
        giao_vien gv1_0
2026-07-22 00:09:28 [http-nio-8081-exec-8] DEBUG org.hibernate.SQL - 
    select
        gv1_0.magv,
        gv1_0.cccd,
        gv1_0.diachi,
        gv1_0.email,
        gv1_0.gioitinh,
        gv1_0.hangday,
        gv1_0.hoten,
        gv1_0.ngaysinh,
        gv1_0.sodienthoai 
    from
        giao_vien gv1_0
2026-07-22 00:09:29 [http-nio-8081-exec-1] DEBUG org.hibernate.SQL - 
    select
        tk1_0.id,
        tk1_0.anh,
        tk1_0.cccd,
        tk1_0.email,
        tk1_0.ho_ten,
        tk1_0.khoa_den,
        tk1_0.lan_dang_nhap_cuoi,
        tk1_0.mat_khau,
        tk1_0.ngay_cap_nhat,
        tk1_0.ngay_tao,
        tk1_0.nguoi_tao_id,
        tk1_0.so_dien_thoai,
        tk1_0.so_lan_dang_nhap_sai,
        tk1_0.ten_dang_nhap,
        tk1_0.trang_thai,
        tk1_0.vai_tro_id 
    from
        tai_khoan tk1_0 
    where
        tk1_0.ten_dang_nhap=?
2026-07-22 00:09:29 [http-nio-8081-exec-9] DEBUG org.hibernate.SQL - 
    select
        tk1_0.id,
        tk1_0.anh,
        tk1_0.cccd,
        tk1_0.email,
        tk1_0.ho_ten,
        tk1_0.khoa_den,
        tk1_0.lan_dang_nhap_cuoi,
        tk1_0.mat_khau,
        tk1_0.ngay_cap_nhat,
        tk1_0.ngay_tao,
        tk1_0.nguoi_tao_id,
        tk1_0.so_dien_thoai,
        tk1_0.so_lan_dang_nhap_sai,
        tk1_0.ten_dang_nhap,
        tk1_0.trang_thai,
        tk1_0.vai_tro_id 
    from
        tai_khoan tk1_0 
    where
        tk1_0.ten_dang_nhap=?
2026-07-22 00:09:29 [http-nio-8081-exec-9] TRACE org.hibernate.orm.jdbc.bind - binding parameter (1:VARCHAR) <- [giaovien1]
2026-07-22 00:09:29 [http-nio-8081-exec-1] TRACE org.hibernate.orm.jdbc.bind - binding parameter (1:VARCHAR) <- [giaovien1]
2026-07-22 00:09:29 [http-nio-8081-exec-9] DEBUG org.hibernate.SQL - 
    select
        vt1_0.id,
        vt1_0.ma_vai_tro,
        vt1_0.mo_ta,
        vt1_0.ngay_cap_nhat,
        vt1_0.ngay_tao,
        vt1_0.ten_vai_tro,
        vt1_0.trang_thai 
    from
        vai_tro vt1_0 
    where
        vt1_0.id=?
2026-07-22 00:09:29 [http-nio-8081-exec-1] DEBUG org.hibernate.SQL - 
    select
        vt1_0.id,
        vt1_0.ma_vai_tro,
        vt1_0.mo_ta,
        vt1_0.ngay_cap_nhat,
        vt1_0.ngay_tao,
        vt1_0.ten_vai_tro,
        vt1_0.trang_thai 
    from
        vai_tro vt1_0 
    where
        vt1_0.id=?
2026-07-22 00:09:29 [http-nio-8081-exec-9] TRACE org.hibernate.orm.jdbc.bind - binding parameter (1:INTEGER) <- [3]
2026-07-22 00:09:29 [http-nio-8081-exec-1] TRACE org.hibernate.orm.jdbc.bind - binding parameter (1:INTEGER) <- [3]
2026-07-22 00:09:29 [http-nio-8081-exec-1] DEBUG org.hibernate.SQL - 
    select
        gv1_0.magv,
        gv1_0.cccd,
        gv1_0.diachi,
        gv1_0.email,
        gv1_0.gioitinh,
        gv1_0.hangday,
        gv1_0.hoten,
        gv1_0.ngaysinh,
        gv1_0.sodienthoai 
    from
        giao_vien gv1_0
2026-07-22 00:09:29 [http-nio-8081-exec-9] DEBUG org.hibernate.SQL - 
    select
        gv1_0.magv,
        gv1_0.cccd,
        gv1_0.diachi,
        gv1_0.email,
        gv1_0.gioitinh,
        gv1_0.hangday,
        gv1_0.hoten,
        gv1_0.ngaysinh,
        gv1_0.sodienthoai 
    from
        giao_vien gv1_0
2026-07-22 00:09:42 [http-nio-8081-exec-2] DEBUG org.hibernate.SQL - 
    select
        tk1_0.id,
        tk1_0.anh,
        tk1_0.cccd,
        tk1_0.email,
        tk1_0.ho_ten,
        tk1_0.khoa_den,
        tk1_0.lan_dang_nhap_cuoi,
        tk1_0.mat_khau,
        tk1_0.ngay_cap_nhat,
        tk1_0.ngay_tao,
        tk1_0.nguoi_tao_id,
        tk1_0.so_dien_thoai,
        tk1_0.so_lan_dang_nhap_sai,
        tk1_0.ten_dang_nhap,
        tk1_0.trang_thai,
        tk1_0.vai_tro_id 
    from
        tai_khoan tk1_0 
    where
        tk1_0.ten_dang_nhap=?
2026-07-22 00:09:42 [http-nio-8081-exec-3] DEBUG org.hibernate.SQL - 
    select
        tk1_0.id,
        tk1_0.anh,
        tk1_0.cccd,
        tk1_0.email,
        tk1_0.ho_ten,
        tk1_0.khoa_den,
        tk1_0.lan_dang_nhap_cuoi,
        tk1_0.mat_khau,
        tk1_0.ngay_cap_nhat,
        tk1_0.ngay_tao,
        tk1_0.nguoi_tao_id,
        tk1_0.so_dien_thoai,
        tk1_0.so_lan_dang_nhap_sai,
        tk1_0.ten_dang_nhap,
        tk1_0.trang_thai,
        tk1_0.vai_tro_id 
    from
        tai_khoan tk1_0 
    where
        tk1_0.ten_dang_nhap=?
2026-07-22 00:09:42 [http-nio-8081-exec-3] TRACE org.hibernate.orm.jdbc.bind - binding parameter (1:VARCHAR) <- [giaovien1]
2026-07-22 00:09:42 [http-nio-8081-exec-2] TRACE org.hibernate.orm.jdbc.bind - binding parameter (1:VARCHAR) <- [giaovien1]
2026-07-22 00:09:42 [http-nio-8081-exec-3] DEBUG org.hibernate.SQL - 
    select
        vt1_0.id,
        vt1_0.ma_vai_tro,
        vt1_0.mo_ta,
        vt1_0.ngay_cap_nhat,
        vt1_0.ngay_tao,
        vt1_0.ten_vai_tro,
        vt1_0.trang_thai 
    from
        vai_tro vt1_0 
    where
        vt1_0.id=?
2026-07-22 00:09:42 [http-nio-8081-exec-2] DEBUG org.hibernate.SQL - 
    select
        vt1_0.id,
        vt1_0.ma_vai_tro,
        vt1_0.mo_ta,
        vt1_0.ngay_cap_nhat,
        vt1_0.ngay_tao,
        vt1_0.ten_vai_tro,
        vt1_0.trang_thai 
    from
        vai_tro vt1_0 
    where
        vt1_0.id=?
2026-07-22 00:09:42 [http-nio-8081-exec-2] TRACE org.hibernate.orm.jdbc.bind - binding parameter (1:INTEGER) <- [3]
2026-07-22 00:09:42 [http-nio-8081-exec-3] TRACE org.hibernate.orm.jdbc.bind - binding parameter (1:INTEGER) <- [3]
2026-07-22 00:09:42 [http-nio-8081-exec-2] DEBUG org.hibernate.SQL - 
    select
        gv1_0.magv,
        gv1_0.cccd,
        gv1_0.diachi,
        gv1_0.email,
        gv1_0.gioitinh,
        gv1_0.hangday,
        gv1_0.hoten,
        gv1_0.ngaysinh,
        gv1_0.sodienthoai 
    from
        giao_vien gv1_0
2026-07-22 00:09:42 [http-nio-8081-exec-3] DEBUG org.hibernate.SQL - 
    select
        gv1_0.magv,
        gv1_0.cccd,
        gv1_0.diachi,
        gv1_0.email,
        gv1_0.gioitinh,
        gv1_0.hangday,
        gv1_0.hoten,
        gv1_0.ngaysinh,
        gv1_0.sodienthoai 
    from
        giao_vien gv1_0
2026-07-22 00:11:14 [http-nio-8081-exec-6] DEBUG org.hibernate.SQL - 
    select
        tk1_0.id,
        tk1_0.anh,
        tk1_0.cccd,
        tk1_0.email,
        tk1_0.ho_ten,
        tk1_0.khoa_den,
        tk1_0.lan_dang_nhap_cuoi,
        tk1_0.mat_khau,
        tk1_0.ngay_cap_nhat,
        tk1_0.ngay_tao,
        tk1_0.nguoi_tao_id,
        tk1_0.so_dien_thoai,
        tk1_0.so_lan_dang_nhap_sai,
        tk1_0.ten_dang_nhap,
        tk1_0.trang_thai,
        tk1_0.vai_tro_id 
    from
        tai_khoan tk1_0 
    where
        tk1_0.ten_dang_nhap=?
2026-07-22 00:11:14 [http-nio-8081-exec-5] DEBUG org.hibernate.SQL - 
    select
        tk1_0.id,
        tk1_0.anh,
        tk1_0.cccd,
        tk1_0.email,
        tk1_0.ho_ten,
        tk1_0.khoa_den,
        tk1_0.lan_dang_nhap_cuoi,
        tk1_0.mat_khau,
        tk1_0.ngay_cap_nhat,
        tk1_0.ngay_tao,
        tk1_0.nguoi_tao_id,
        tk1_0.so_dien_thoai,
        tk1_0.so_lan_dang_nhap_sai,
        tk1_0.ten_dang_nhap,
        tk1_0.trang_thai,
        tk1_0.vai_tro_id 
    from
        tai_khoan tk1_0 
    where
        tk1_0.ten_dang_nhap=?
2026-07-22 00:11:14 [http-nio-8081-exec-5] TRACE org.hibernate.orm.jdbc.bind - binding parameter (1:VARCHAR) <- [giaovien1]
2026-07-22 00:11:14 [http-nio-8081-exec-6] TRACE org.hibernate.orm.jdbc.bind - binding parameter (1:VARCHAR) <- [giaovien1]
2026-07-22 00:11:14 [http-nio-8081-exec-6] DEBUG org.hibernate.SQL - 
    select
        vt1_0.id,
        vt1_0.ma_vai_tro,
        vt1_0.mo_ta,
        vt1_0.ngay_cap_nhat,
        vt1_0.ngay_tao,
        vt1_0.ten_vai_tro,
        vt1_0.trang_thai 
    from
        vai_tro vt1_0 
    where
        vt1_0.id=?
2026-07-22 00:11:14 [http-nio-8081-exec-5] DEBUG org.hibernate.SQL - 
    select
        vt1_0.id,
        vt1_0.ma_vai_tro,
        vt1_0.mo_ta,
        vt1_0.ngay_cap_nhat,
        vt1_0.ngay_tao,
        vt1_0.ten_vai_tro,
        vt1_0.trang_thai 
    from
        vai_tro vt1_0 
    where
        vt1_0.id=?
2026-07-22 00:11:14 [http-nio-8081-exec-6] TRACE org.hibernate.orm.jdbc.bind - binding parameter (1:INTEGER) <- [3]
2026-07-22 00:11:14 [http-nio-8081-exec-5] TRACE org.hibernate.orm.jdbc.bind - binding parameter (1:INTEGER) <- [3]
2026-07-22 00:11:14 [http-nio-8081-exec-6] DEBUG org.hibernate.SQL - 
    select
        gv1_0.magv,
        gv1_0.cccd,
        gv1_0.diachi,
        gv1_0.email,
        gv1_0.gioitinh,
        gv1_0.hangday,
        gv1_0.hoten,
        gv1_0.ngaysinh,
        gv1_0.sodienthoai 
    from
        giao_vien gv1_0
2026-07-22 00:11:14 [http-nio-8081-exec-5] DEBUG org.hibernate.SQL - 
    select
        gv1_0.magv,
        gv1_0.cccd,
        gv1_0.diachi,
        gv1_0.email,
        gv1_0.gioitinh,
        gv1_0.hangday,
        gv1_0.hoten,
        gv1_0.ngaysinh,
        gv1_0.sodienthoai 
    from
        giao_vien gv1_0
2026-07-22 00:11:17 [http-nio-8081-exec-10] DEBUG org.hibernate.SQL - 
    select
        gv1_0.magv,
        gv1_0.cccd,
        gv1_0.diachi,
        gv1_0.email,
        gv1_0.gioitinh,
        gv1_0.hangday,
        gv1_0.hoten,
        gv1_0.ngaysinh,
        gv1_0.sodienthoai 
    from
        giao_vien gv1_0
2026-07-22 00:11:18 [http-nio-8081-exec-8] DEBUG org.hibernate.SQL - 
    select
        cth1_0.macth,
        cth1_0.hangbang,
        cth1_0.hocphi,
        cth1_0.sobuoilythuyet,
        cth1_0.sobuoithuchanh,
        cth1_0.tenchuongtrinh 
    from
        chuong_trinh_hoc cth1_0
2026-07-22 00:11:18 [http-nio-8081-exec-9] DEBUG org.hibernate.SQL - 
    select
        kh1_0.makh,
        kh1_0.macth,
        kh1_0.ngaybatdau,
        kh1_0.ngayketthuc,
        kh1_0.tenkhoahoc,
        kh1_0.trangthai 
    from
        khoa_hoc kh1_0
2026-07-22 00:11:18 [http-nio-8081-exec-9] DEBUG org.hibernate.SQL - 
    select
        cth1_0.macth,
        cth1_0.hangbang,
        cth1_0.hocphi,
        cth1_0.sobuoilythuyet,
        cth1_0.sobuoithuchanh,
        cth1_0.tenchuongtrinh 
    from
        chuong_trinh_hoc cth1_0 
    where
        cth1_0.macth=?
2026-07-22 00:11:18 [http-nio-8081-exec-9] TRACE org.hibernate.orm.jdbc.bind - binding parameter (1:INTEGER) <- [1]
2026-07-22 00:11:18 [http-nio-8081-exec-9] DEBUG org.hibernate.SQL - 
    select
        cth1_0.macth,
        cth1_0.hangbang,
        cth1_0.hocphi,
        cth1_0.sobuoilythuyet,
        cth1_0.sobuoithuchanh,
        cth1_0.tenchuongtrinh 
    from
        chuong_trinh_hoc cth1_0 
    where
        cth1_0.macth=?
2026-07-22 00:11:18 [http-nio-8081-exec-9] TRACE org.hibernate.orm.jdbc.bind - binding parameter (1:INTEGER) <- [2]
2026-07-22 00:11:18 [http-nio-8081-exec-1] DEBUG org.hibernate.SQL - 
    select
        gv1_0.magv,
        gv1_0.cccd,
        gv1_0.diachi,
        gv1_0.email,
        gv1_0.gioitinh,
        gv1_0.hangday,
        gv1_0.hoten,
        gv1_0.ngaysinh,
        gv1_0.sodienthoai 
    from
        giao_vien gv1_0
2026-07-22 00:11:18 [http-nio-8081-exec-3] DEBUG org.hibernate.SQL - 
    select
        lh1_0.malop,
        lh1_0.magv,
        lh1_0.makh,
        lh1_0.soluong,
        lh1_0.tenlop,
        lh1_0.trangthai 
    from
        lop_hoc lh1_0
2026-07-22 00:11:18 [http-nio-8081-exec-3] DEBUG org.hibernate.SQL - 
    select
        kh1_0.makh,
        cth1_0.macth,
        cth1_0.hangbang,
        cth1_0.hocphi,
        cth1_0.sobuoilythuyet,
        cth1_0.sobuoithuchanh,
        cth1_0.tenchuongtrinh,
        kh1_0.ngaybatdau,
        kh1_0.ngayketthuc,
        kh1_0.tenkhoahoc,
        kh1_0.trangthai 
    from
        khoa_hoc kh1_0 
    left join
        chuong_trinh_hoc cth1_0 
            on cth1_0.macth=kh1_0.macth 
    where
        kh1_0.makh=?
2026-07-22 00:11:18 [http-nio-8081-exec-3] TRACE org.hibernate.orm.jdbc.bind - binding parameter (1:INTEGER) <- [1]
2026-07-22 00:11:18 [http-nio-8081-exec-3] DEBUG org.hibernate.SQL - 
    select
        kh1_0.makh,
        cth1_0.macth,
        cth1_0.hangbang,
        cth1_0.hocphi,
        cth1_0.sobuoilythuyet,
        cth1_0.sobuoithuchanh,
        cth1_0.tenchuongtrinh,
        kh1_0.ngaybatdau,
        kh1_0.ngayketthuc,
        kh1_0.tenkhoahoc,
        kh1_0.trangthai 
    from
        khoa_hoc kh1_0 
    left join
        chuong_trinh_hoc cth1_0 
            on cth1_0.macth=kh1_0.macth 
    where
        kh1_0.makh=?
2026-07-22 00:11:18 [http-nio-8081-exec-3] TRACE org.hibernate.orm.jdbc.bind - binding parameter (1:INTEGER) <- [2]
2026-07-22 00:11:19 [http-nio-8081-exec-2] DEBUG org.hibernate.SQL - 
    select
        cth1_0.macth,
        cth1_0.hangbang,
        cth1_0.hocphi,
        cth1_0.sobuoilythuyet,
        cth1_0.sobuoithuchanh,
        cth1_0.tenchuongtrinh 
    from
        chuong_trinh_hoc cth1_0
2026-07-22 00:11:19 [http-nio-8081-exec-7] DEBUG org.hibernate.SQL - 
    select
        gv1_0.magv,
        gv1_0.cccd,
        gv1_0.diachi,
        gv1_0.email,
        gv1_0.gioitinh,
        gv1_0.hangday,
        gv1_0.hoten,
        gv1_0.ngaysinh,
        gv1_0.sodienthoai 
    from
        giao_vien gv1_0
2026-07-22 00:11:19 [http-nio-8081-exec-4] DEBUG org.hibernate.SQL - 
    select
        tk1_0.id,
        tk1_0.anh,
        tk1_0.cccd,
        tk1_0.email,
        tk1_0.ho_ten,
        tk1_0.khoa_den,
        tk1_0.lan_dang_nhap_cuoi,
        tk1_0.mat_khau,
        tk1_0.ngay_cap_nhat,
        tk1_0.ngay_tao,
        tk1_0.nguoi_tao_id,
        tk1_0.so_dien_thoai,
        tk1_0.so_lan_dang_nhap_sai,
        tk1_0.ten_dang_nhap,
        tk1_0.trang_thai,
        tk1_0.vai_tro_id 
    from
        tai_khoan tk1_0 
    where
        tk1_0.ten_dang_nhap=?
2026-07-22 00:11:19 [http-nio-8081-exec-5] DEBUG org.hibernate.SQL - 
    select
        tk1_0.id,
        tk1_0.anh,
        tk1_0.cccd,
        tk1_0.email,
        tk1_0.ho_ten,
        tk1_0.khoa_den,
        tk1_0.lan_dang_nhap_cuoi,
        tk1_0.mat_khau,
        tk1_0.ngay_cap_nhat,
        tk1_0.ngay_tao,
        tk1_0.nguoi_tao_id,
        tk1_0.so_dien_thoai,
        tk1_0.so_lan_dang_nhap_sai,
        tk1_0.ten_dang_nhap,
        tk1_0.trang_thai,
        tk1_0.vai_tro_id 
    from
        tai_khoan tk1_0 
    where
        tk1_0.ten_dang_nhap=?
2026-07-22 00:11:19 [http-nio-8081-exec-5] TRACE org.hibernate.orm.jdbc.bind - binding parameter (1:VARCHAR) <- [giaovien1]
2026-07-22 00:11:19 [http-nio-8081-exec-4] TRACE org.hibernate.orm.jdbc.bind - binding parameter (1:VARCHAR) <- [giaovien1]
2026-07-22 00:11:19 [http-nio-8081-exec-5] DEBUG org.hibernate.SQL - 
    select
        vt1_0.id,
        vt1_0.ma_vai_tro,
        vt1_0.mo_ta,
        vt1_0.ngay_cap_nhat,
        vt1_0.ngay_tao,
        vt1_0.ten_vai_tro,
        vt1_0.trang_thai 
    from
        vai_tro vt1_0 
    where
        vt1_0.id=?
2026-07-22 00:11:19 [http-nio-8081-exec-4] DEBUG org.hibernate.SQL - 
    select
        vt1_0.id,
        vt1_0.ma_vai_tro,
        vt1_0.mo_ta,
        vt1_0.ngay_cap_nhat,
        vt1_0.ngay_tao,
        vt1_0.ten_vai_tro,
        vt1_0.trang_thai 
    from
        vai_tro vt1_0 
    where
        vt1_0.id=?
2026-07-22 00:11:19 [http-nio-8081-exec-5] TRACE org.hibernate.orm.jdbc.bind - binding parameter (1:INTEGER) <- [3]
2026-07-22 00:11:19 [http-nio-8081-exec-4] TRACE org.hibernate.orm.jdbc.bind - binding parameter (1:INTEGER) <- [3]
2026-07-22 00:11:19 [http-nio-8081-exec-4] DEBUG org.hibernate.SQL - 
    select
        gv1_0.magv,
        gv1_0.cccd,
        gv1_0.diachi,
        gv1_0.email,
        gv1_0.gioitinh,
        gv1_0.hangday,
        gv1_0.hoten,
        gv1_0.ngaysinh,
        gv1_0.sodienthoai 
    from
        giao_vien gv1_0
2026-07-22 00:11:19 [http-nio-8081-exec-5] DEBUG org.hibernate.SQL - 
    select
        gv1_0.magv,
        gv1_0.cccd,
        gv1_0.diachi,
        gv1_0.email,
        gv1_0.gioitinh,
        gv1_0.hangday,
        gv1_0.hoten,
        gv1_0.ngaysinh,
        gv1_0.sodienthoai 
    from
        giao_vien gv1_0
2026-07-22 00:11:21 [http-nio-8081-exec-6] DEBUG org.hibernate.SQL - 
    select
        lh1_0.malop,
        lh1_0.magv,
        lh1_0.makh,
        lh1_0.soluong,
        lh1_0.tenlop,
        lh1_0.trangthai 
    from
        lop_hoc lh1_0
2026-07-22 00:11:21 [http-nio-8081-exec-6] DEBUG org.hibernate.SQL - 
    select
        kh1_0.makh,
        cth1_0.macth,
        cth1_0.hangbang,
        cth1_0.hocphi,
        cth1_0.sobuoilythuyet,
        cth1_0.sobuoithuchanh,
        cth1_0.tenchuongtrinh,
        kh1_0.ngaybatdau,
        kh1_0.ngayketthuc,
        kh1_0.tenkhoahoc,
        kh1_0.trangthai 
    from
        khoa_hoc kh1_0 
    left join
        chuong_trinh_hoc cth1_0 
            on cth1_0.macth=kh1_0.macth 
    where
        kh1_0.makh=?
2026-07-22 00:11:21 [http-nio-8081-exec-6] TRACE org.hibernate.orm.jdbc.bind - binding parameter (1:INTEGER) <- [1]
2026-07-22 00:11:21 [http-nio-8081-exec-6] DEBUG org.hibernate.SQL - 
    select
        kh1_0.makh,
        cth1_0.macth,
        cth1_0.hangbang,
        cth1_0.hocphi,
        cth1_0.sobuoilythuyet,
        cth1_0.sobuoithuchanh,
        cth1_0.tenchuongtrinh,
        kh1_0.ngaybatdau,
        kh1_0.ngayketthuc,
        kh1_0.tenkhoahoc,
        kh1_0.trangthai 
    from
        khoa_hoc kh1_0 
    left join
        chuong_trinh_hoc cth1_0 
            on cth1_0.macth=kh1_0.macth 
    where
        kh1_0.makh=?
2026-07-22 00:11:21 [http-nio-8081-exec-6] TRACE org.hibernate.orm.jdbc.bind - binding parameter (1:INTEGER) <- [2]
2026-07-22 00:11:23 [http-nio-8081-exec-10] DEBUG org.hibernate.SQL - 
    select
        tk1_0.id,
        tk1_0.anh,
        tk1_0.cccd,
        tk1_0.email,
        tk1_0.ho_ten,
        tk1_0.khoa_den,
        tk1_0.lan_dang_nhap_cuoi,
        tk1_0.mat_khau,
        tk1_0.ngay_cap_nhat,
        tk1_0.ngay_tao,
        tk1_0.nguoi_tao_id,
        tk1_0.so_dien_thoai,
        tk1_0.so_lan_dang_nhap_sai,
        tk1_0.ten_dang_nhap,
        tk1_0.trang_thai,
        tk1_0.vai_tro_id 
    from
        tai_khoan tk1_0 
    where
        tk1_0.ten_dang_nhap=?
2026-07-22 00:11:23 [http-nio-8081-exec-8] DEBUG org.hibernate.SQL - 
    select
        tk1_0.id,
        tk1_0.anh,
        tk1_0.cccd,
        tk1_0.email,
        tk1_0.ho_ten,
        tk1_0.khoa_den,
        tk1_0.lan_dang_nhap_cuoi,
        tk1_0.mat_khau,
        tk1_0.ngay_cap_nhat,
        tk1_0.ngay_tao,
        tk1_0.nguoi_tao_id,
        tk1_0.so_dien_thoai,
        tk1_0.so_lan_dang_nhap_sai,
        tk1_0.ten_dang_nhap,
        tk1_0.trang_thai,
        tk1_0.vai_tro_id 
    from
        tai_khoan tk1_0 
    where
        tk1_0.ten_dang_nhap=?
2026-07-22 00:11:23 [http-nio-8081-exec-8] TRACE org.hibernate.orm.jdbc.bind - binding parameter (1:VARCHAR) <- [giaovien1]
2026-07-22 00:11:23 [http-nio-8081-exec-10] TRACE org.hibernate.orm.jdbc.bind - binding parameter (1:VARCHAR) <- [giaovien1]
2026-07-22 00:11:23 [http-nio-8081-exec-8] DEBUG org.hibernate.SQL - 
    select
        vt1_0.id,
        vt1_0.ma_vai_tro,
        vt1_0.mo_ta,
        vt1_0.ngay_cap_nhat,
        vt1_0.ngay_tao,
        vt1_0.ten_vai_tro,
        vt1_0.trang_thai 
    from
        vai_tro vt1_0 
    where
        vt1_0.id=?
2026-07-22 00:11:23 [http-nio-8081-exec-10] DEBUG org.hibernate.SQL - 
    select
        vt1_0.id,
        vt1_0.ma_vai_tro,
        vt1_0.mo_ta,
        vt1_0.ngay_cap_nhat,
        vt1_0.ngay_tao,
        vt1_0.ten_vai_tro,
        vt1_0.trang_thai 
    from
        vai_tro vt1_0 
    where
        vt1_0.id=?
2026-07-22 00:11:23 [http-nio-8081-exec-8] TRACE org.hibernate.orm.jdbc.bind - binding parameter (1:INTEGER) <- [3]
2026-07-22 00:11:23 [http-nio-8081-exec-10] TRACE org.hibernate.orm.jdbc.bind - binding parameter (1:INTEGER) <- [3]
2026-07-22 00:11:23 [http-nio-8081-exec-10] DEBUG org.hibernate.SQL - 
    select
        gv1_0.magv,
        gv1_0.cccd,
        gv1_0.diachi,
        gv1_0.email,
        gv1_0.gioitinh,
        gv1_0.hangday,
        gv1_0.hoten,
        gv1_0.ngaysinh,
        gv1_0.sodienthoai 
    from
        giao_vien gv1_0
2026-07-22 00:11:23 [http-nio-8081-exec-8] DEBUG org.hibernate.SQL - 
    select
        gv1_0.magv,
        gv1_0.cccd,
        gv1_0.diachi,
        gv1_0.email,
        gv1_0.gioitinh,
        gv1_0.hangday,
        gv1_0.hoten,
        gv1_0.ngaysinh,
        gv1_0.sodienthoai 
    from
        giao_vien gv1_0
2026-07-22 00:11:26 [http-nio-8081-exec-9] DEBUG org.hibernate.SQL - 
    select
        tk1_0.id,
        tk1_0.anh,
        tk1_0.cccd,
        tk1_0.email,
        tk1_0.ho_ten,
        tk1_0.khoa_den,
        tk1_0.lan_dang_nhap_cuoi,
        tk1_0.mat_khau,
        tk1_0.ngay_cap_nhat,
        tk1_0.ngay_tao,
        tk1_0.nguoi_tao_id,
        tk1_0.so_dien_thoai,
        tk1_0.so_lan_dang_nhap_sai,
        tk1_0.ten_dang_nhap,
        tk1_0.trang_thai,
        tk1_0.vai_tro_id 
    from
        tai_khoan tk1_0 
    where
        tk1_0.ten_dang_nhap=?
2026-07-22 00:11:26 [http-nio-8081-exec-9] TRACE org.hibernate.orm.jdbc.bind - binding parameter (1:VARCHAR) <- [giaovien1]
2026-07-22 00:11:26 [http-nio-8081-exec-9] DEBUG org.hibernate.SQL - 
    select
        vt1_0.id,
        vt1_0.ma_vai_tro,
        vt1_0.mo_ta,
        vt1_0.ngay_cap_nhat,
        vt1_0.ngay_tao,
        vt1_0.ten_vai_tro,
        vt1_0.trang_thai 
    from
        vai_tro vt1_0 
    where
        vt1_0.id=?
2026-07-22 00:11:26 [http-nio-8081-exec-9] TRACE org.hibernate.orm.jdbc.bind - binding parameter (1:INTEGER) <- [3]
2026-07-22 00:11:26 [http-nio-8081-exec-1] DEBUG org.hibernate.SQL - 
    select
        tk1_0.id,
        tk1_0.anh,
        tk1_0.cccd,
        tk1_0.email,
        tk1_0.ho_ten,
        tk1_0.khoa_den,
        tk1_0.lan_dang_nhap_cuoi,
        tk1_0.mat_khau,
        tk1_0.ngay_cap_nhat,
        tk1_0.ngay_tao,
        tk1_0.nguoi_tao_id,
        tk1_0.so_dien_thoai,
        tk1_0.so_lan_dang_nhap_sai,
        tk1_0.ten_dang_nhap,
        tk1_0.trang_thai,
        tk1_0.vai_tro_id 
    from
        tai_khoan tk1_0 
    where
        tk1_0.ten_dang_nhap=?
2026-07-22 00:11:26 [http-nio-8081-exec-1] TRACE org.hibernate.orm.jdbc.bind - binding parameter (1:VARCHAR) <- [giaovien1]
2026-07-22 00:11:26 [http-nio-8081-exec-1] DEBUG org.hibernate.SQL - 
    select
        vt1_0.id,
        vt1_0.ma_vai_tro,
        vt1_0.mo_ta,
        vt1_0.ngay_cap_nhat,
        vt1_0.ngay_tao,
        vt1_0.ten_vai_tro,
        vt1_0.trang_thai 
    from
        vai_tro vt1_0 
    where
        vt1_0.id=?
2026-07-22 00:11:26 [http-nio-8081-exec-1] TRACE org.hibernate.orm.jdbc.bind - binding parameter (1:INTEGER) <- [3]
2026-07-22 00:11:26 [http-nio-8081-exec-1] DEBUG org.hibernate.SQL - 
    select
        acd1_0.id,
        acd1_0.ghichu,
        acd1_0.matk,
        acd1_0.ngaytao,
        acd1_0.trangthai,
        acd1_0.url 
    from
        anh_cho_duyet acd1_0 
    where
        acd1_0.matk=?
2026-07-22 00:11:26 [http-nio-8081-exec-1] TRACE org.hibernate.orm.jdbc.bind - binding parameter (1:INTEGER) <- [5]
2026-07-22 00:11:28 [http-nio-8081-exec-2] DEBUG org.hibernate.SQL - 
    select
        tk1_0.id,
        tk1_0.anh,
        tk1_0.cccd,
        tk1_0.email,
        tk1_0.ho_ten,
        tk1_0.khoa_den,
        tk1_0.lan_dang_nhap_cuoi,
        tk1_0.mat_khau,
        tk1_0.ngay_cap_nhat,
        tk1_0.ngay_tao,
        tk1_0.nguoi_tao_id,
        tk1_0.so_dien_thoai,
        tk1_0.so_lan_dang_nhap_sai,
        tk1_0.ten_dang_nhap,
        tk1_0.trang_thai,
        tk1_0.vai_tro_id 
    from
        tai_khoan tk1_0 
    where
        tk1_0.ten_dang_nhap=?
2026-07-22 00:11:28 [http-nio-8081-exec-3] DEBUG org.hibernate.SQL - 
    select
        tk1_0.id,
        tk1_0.anh,
        tk1_0.cccd,
        tk1_0.email,
        tk1_0.ho_ten,
        tk1_0.khoa_den,
        tk1_0.lan_dang_nhap_cuoi,
        tk1_0.mat_khau,
        tk1_0.ngay_cap_nhat,
        tk1_0.ngay_tao,
        tk1_0.nguoi_tao_id,
        tk1_0.so_dien_thoai,
        tk1_0.so_lan_dang_nhap_sai,
        tk1_0.ten_dang_nhap,
        tk1_0.trang_thai,
        tk1_0.vai_tro_id 
    from
        tai_khoan tk1_0 
    where
        tk1_0.ten_dang_nhap=?
2026-07-22 00:11:28 [http-nio-8081-exec-2] TRACE org.hibernate.orm.jdbc.bind - binding parameter (1:VARCHAR) <- [giaovien1]
2026-07-22 00:11:28 [http-nio-8081-exec-3] TRACE org.hibernate.orm.jdbc.bind - binding parameter (1:VARCHAR) <- [giaovien1]
2026-07-22 00:11:28 [http-nio-8081-exec-3] DEBUG org.hibernate.SQL - 
    select
        vt1_0.id,
        vt1_0.ma_vai_tro,
        vt1_0.mo_ta,
        vt1_0.ngay_cap_nhat,
        vt1_0.ngay_tao,
        vt1_0.ten_vai_tro,
        vt1_0.trang_thai 
    from
        vai_tro vt1_0 
    where
        vt1_0.id=?
2026-07-22 00:11:28 [http-nio-8081-exec-2] DEBUG org.hibernate.SQL - 
    select
        vt1_0.id,
        vt1_0.ma_vai_tro,
        vt1_0.mo_ta,
        vt1_0.ngay_cap_nhat,
        vt1_0.ngay_tao,
        vt1_0.ten_vai_tro,
        vt1_0.trang_thai 
    from
        vai_tro vt1_0 
    where
        vt1_0.id=?
2026-07-22 00:11:28 [http-nio-8081-exec-3] TRACE org.hibernate.orm.jdbc.bind - binding parameter (1:INTEGER) <- [3]
2026-07-22 00:11:28 [http-nio-8081-exec-2] TRACE org.hibernate.orm.jdbc.bind - binding parameter (1:INTEGER) <- [3]
2026-07-22 00:11:28 [http-nio-8081-exec-3] DEBUG org.hibernate.SQL - 
    select
        gv1_0.magv,
        gv1_0.cccd,
        gv1_0.diachi,
        gv1_0.email,
        gv1_0.gioitinh,
        gv1_0.hangday,
        gv1_0.hoten,
        gv1_0.ngaysinh,
        gv1_0.sodienthoai 
    from
        giao_vien gv1_0
2026-07-22 00:11:28 [http-nio-8081-exec-2] DEBUG org.hibernate.SQL - 
    select
        gv1_0.magv,
        gv1_0.cccd,
        gv1_0.diachi,
        gv1_0.email,
        gv1_0.gioitinh,
        gv1_0.hangday,
        gv1_0.hoten,
        gv1_0.ngaysinh,
        gv1_0.sodienthoai 
    from
        giao_vien gv1_0
2026-07-22 00:11:50 [http-nio-8081-exec-7] DEBUG org.hibernate.SQL - 
    select
        gv1_0.magv,
        gv1_0.cccd,
        gv1_0.diachi,
        gv1_0.email,
        gv1_0.gioitinh,
        gv1_0.hangday,
        gv1_0.hoten,
        gv1_0.ngaysinh,
        gv1_0.sodienthoai 
    from
        giao_vien gv1_0
2026-07-22 00:11:51 [http-nio-8081-exec-4] DEBUG org.hibernate.SQL - 
    select
        cth1_0.macth,
        cth1_0.hangbang,
        cth1_0.hocphi,
        cth1_0.sobuoilythuyet,
        cth1_0.sobuoithuchanh,
        cth1_0.tenchuongtrinh 
    from
        chuong_trinh_hoc cth1_0
2026-07-22 00:11:52 [http-nio-8081-exec-5] DEBUG org.hibernate.SQL - 
    select
        gv1_0.magv,
        gv1_0.cccd,
        gv1_0.diachi,
        gv1_0.email,
        gv1_0.gioitinh,
        gv1_0.hangday,
        gv1_0.hoten,
        gv1_0.ngaysinh,
        gv1_0.sodienthoai 
    from
        giao_vien gv1_0
2026-07-22 00:11:52 [http-nio-8081-exec-8] DEBUG org.hibernate.SQL - 
    select
        tk1_0.id,
        tk1_0.anh,
        tk1_0.cccd,
        tk1_0.email,
        tk1_0.ho_ten,
        tk1_0.khoa_den,
        tk1_0.lan_dang_nhap_cuoi,
        tk1_0.mat_khau,
        tk1_0.ngay_cap_nhat,
        tk1_0.ngay_tao,
        tk1_0.nguoi_tao_id,
        tk1_0.so_dien_thoai,
        tk1_0.so_lan_dang_nhap_sai,
        tk1_0.ten_dang_nhap,
        tk1_0.trang_thai,
        tk1_0.vai_tro_id 
    from
        tai_khoan tk1_0 
    where
        tk1_0.ten_dang_nhap=?
2026-07-22 00:11:52 [http-nio-8081-exec-6] DEBUG org.hibernate.SQL - 
    select
        tk1_0.id,
        tk1_0.anh,
        tk1_0.cccd,
        tk1_0.email,
        tk1_0.ho_ten,
        tk1_0.khoa_den,
        tk1_0.lan_dang_nhap_cuoi,
        tk1_0.mat_khau,
        tk1_0.ngay_cap_nhat,
        tk1_0.ngay_tao,
        tk1_0.nguoi_tao_id,
        tk1_0.so_dien_thoai,
        tk1_0.so_lan_dang_nhap_sai,
        tk1_0.ten_dang_nhap,
        tk1_0.trang_thai,
        tk1_0.vai_tro_id 
    from
        tai_khoan tk1_0 
    where
        tk1_0.ten_dang_nhap=?
2026-07-22 00:11:52 [http-nio-8081-exec-8] TRACE org.hibernate.orm.jdbc.bind - binding parameter (1:VARCHAR) <- [giaovien1]
2026-07-22 00:11:52 [http-nio-8081-exec-6] TRACE org.hibernate.orm.jdbc.bind - binding parameter (1:VARCHAR) <- [giaovien1]
2026-07-22 00:11:52 [http-nio-8081-exec-8] DEBUG org.hibernate.SQL - 
    select
        vt1_0.id,
        vt1_0.ma_vai_tro,
        vt1_0.mo_ta,
        vt1_0.ngay_cap_nhat,
        vt1_0.ngay_tao,
        vt1_0.ten_vai_tro,
        vt1_0.trang_thai 
    from
        vai_tro vt1_0 
    where
        vt1_0.id=?
2026-07-22 00:11:52 [http-nio-8081-exec-6] DEBUG org.hibernate.SQL - 
    select
        vt1_0.id,
        vt1_0.ma_vai_tro,
        vt1_0.mo_ta,
        vt1_0.ngay_cap_nhat,
        vt1_0.ngay_tao,
        vt1_0.ten_vai_tro,
        vt1_0.trang_thai 
    from
        vai_tro vt1_0 
    where
        vt1_0.id=?
2026-07-22 00:11:52 [http-nio-8081-exec-8] TRACE org.hibernate.orm.jdbc.bind - binding parameter (1:INTEGER) <- [3]
2026-07-22 00:11:52 [http-nio-8081-exec-6] TRACE org.hibernate.orm.jdbc.bind - binding parameter (1:INTEGER) <- [3]
2026-07-22 00:11:52 [http-nio-8081-exec-6] DEBUG org.hibernate.SQL - 
    select
        gv1_0.magv,
        gv1_0.cccd,
        gv1_0.diachi,
        gv1_0.email,
        gv1_0.gioitinh,
        gv1_0.hangday,
        gv1_0.hoten,
        gv1_0.ngaysinh,
        gv1_0.sodienthoai 
    from
        giao_vien gv1_0
2026-07-22 00:11:52 [http-nio-8081-exec-8] DEBUG org.hibernate.SQL - 
    select
        gv1_0.magv,
        gv1_0.cccd,
        gv1_0.diachi,
        gv1_0.email,
        gv1_0.gioitinh,
        gv1_0.hangday,
        gv1_0.hoten,
        gv1_0.ngaysinh,
        gv1_0.sodienthoai 
    from
        giao_vien gv1_0
2026-07-22 00:11:55 [http-nio-8081-exec-10] DEBUG org.hibernate.SQL - 
    select
        gv1_0.magv,
        gv1_0.cccd,
        gv1_0.diachi,
        gv1_0.email,
        gv1_0.gioitinh,
        gv1_0.hangday,
        gv1_0.hoten,
        gv1_0.ngaysinh,
        gv1_0.sodienthoai 
    from
        giao_vien gv1_0
2026-07-22 00:11:56 [http-nio-8081-exec-9] DEBUG org.hibernate.SQL - 
    select
        cth1_0.macth,
        cth1_0.hangbang,
        cth1_0.hocphi,
        cth1_0.sobuoilythuyet,
        cth1_0.sobuoithuchanh,
        cth1_0.tenchuongtrinh 
    from
        chuong_trinh_hoc cth1_0
2026-07-22 00:11:57 [http-nio-8081-exec-1] DEBUG org.hibernate.SQL - 
    select
        tk1_0.id,
        tk1_0.anh,
        tk1_0.cccd,
        tk1_0.email,
        tk1_0.ho_ten,
        tk1_0.khoa_den,
        tk1_0.lan_dang_nhap_cuoi,
        tk1_0.mat_khau,
        tk1_0.ngay_cap_nhat,
        tk1_0.ngay_tao,
        tk1_0.nguoi_tao_id,
        tk1_0.so_dien_thoai,
        tk1_0.so_lan_dang_nhap_sai,
        tk1_0.ten_dang_nhap,
        tk1_0.trang_thai,
        tk1_0.vai_tro_id 
    from
        tai_khoan tk1_0 
    where
        tk1_0.ten_dang_nhap=?
2026-07-22 00:11:57 [http-nio-8081-exec-2] DEBUG org.hibernate.SQL - 
    select
        tk1_0.id,
        tk1_0.anh,
        tk1_0.cccd,
        tk1_0.email,
        tk1_0.ho_ten,
        tk1_0.khoa_den,
        tk1_0.lan_dang_nhap_cuoi,
        tk1_0.mat_khau,
        tk1_0.ngay_cap_nhat,
        tk1_0.ngay_tao,
        tk1_0.nguoi_tao_id,
        tk1_0.so_dien_thoai,
        tk1_0.so_lan_dang_nhap_sai,
        tk1_0.ten_dang_nhap,
        tk1_0.trang_thai,
        tk1_0.vai_tro_id 
    from
        tai_khoan tk1_0 
    where
        tk1_0.ten_dang_nhap=?
2026-07-22 00:11:57 [http-nio-8081-exec-1] TRACE org.hibernate.orm.jdbc.bind - binding parameter (1:VARCHAR) <- [giaovien1]
2026-07-22 00:11:57 [http-nio-8081-exec-2] TRACE org.hibernate.orm.jdbc.bind - binding parameter (1:VARCHAR) <- [giaovien1]
2026-07-22 00:11:57 [http-nio-8081-exec-2] DEBUG org.hibernate.SQL - 
    select
        vt1_0.id,
        vt1_0.ma_vai_tro,
        vt1_0.mo_ta,
        vt1_0.ngay_cap_nhat,
        vt1_0.ngay_tao,
        vt1_0.ten_vai_tro,
        vt1_0.trang_thai 
    from
        vai_tro vt1_0 
    where
        vt1_0.id=?
2026-07-22 00:11:57 [http-nio-8081-exec-1] DEBUG org.hibernate.SQL - 
    select
        vt1_0.id,
        vt1_0.ma_vai_tro,
        vt1_0.mo_ta,
        vt1_0.ngay_cap_nhat,
        vt1_0.ngay_tao,
        vt1_0.ten_vai_tro,
        vt1_0.trang_thai 
    from
        vai_tro vt1_0 
    where
        vt1_0.id=?
2026-07-22 00:11:57 [http-nio-8081-exec-2] TRACE org.hibernate.orm.jdbc.bind - binding parameter (1:INTEGER) <- [3]
2026-07-22 00:11:57 [http-nio-8081-exec-1] TRACE org.hibernate.orm.jdbc.bind - binding parameter (1:INTEGER) <- [3]
2026-07-22 00:11:57 [http-nio-8081-exec-2] DEBUG org.hibernate.SQL - 
    select
        gv1_0.magv,
        gv1_0.cccd,
        gv1_0.diachi,
        gv1_0.email,
        gv1_0.gioitinh,
        gv1_0.hangday,
        gv1_0.hoten,
        gv1_0.ngaysinh,
        gv1_0.sodienthoai 
    from
        giao_vien gv1_0
2026-07-22 00:11:57 [http-nio-8081-exec-1] DEBUG org.hibernate.SQL - 
    select
        gv1_0.magv,
        gv1_0.cccd,
        gv1_0.diachi,
        gv1_0.email,
        gv1_0.gioitinh,
        gv1_0.hangday,
        gv1_0.hoten,
        gv1_0.ngaysinh,
        gv1_0.sodienthoai 
    from
        giao_vien gv1_0
2026-07-22 00:11:57 [http-nio-8081-exec-3] DEBUG org.hibernate.SQL - 
    select
        gv1_0.magv,
        gv1_0.cccd,
        gv1_0.diachi,
        gv1_0.email,
        gv1_0.gioitinh,
        gv1_0.hangday,
        gv1_0.hoten,
        gv1_0.ngaysinh,
        gv1_0.sodienthoai 
    from
        giao_vien gv1_0
2026-07-22 00:11:58 [http-nio-8081-exec-7] DEBUG org.hibernate.SQL - 
    select
        cth1_0.macth,
        cth1_0.hangbang,
        cth1_0.hocphi,
        cth1_0.sobuoilythuyet,
        cth1_0.sobuoithuchanh,
        cth1_0.tenchuongtrinh 
    from
        chuong_trinh_hoc cth1_0
2026-07-22 00:11:58 [http-nio-8081-exec-4] DEBUG org.hibernate.SQL - 
    select
        mh1_0.mamh,
        mh1_0.so_tiet,
        mh1_0.tenmonhoc 
    from
        mon_hoc mh1_0
2026-07-22 00:11:59 [http-nio-8081-exec-5] DEBUG org.hibernate.SQL - 
    select
        ph1_0.maphong,
        ph1_0.succhua,
        ph1_0.tenphong,
        ph1_0.trangthai 
    from
        phong_hoc ph1_0
2026-07-22 00:12:00 [http-nio-8081-exec-8] DEBUG org.hibernate.SQL - 
    select
        kh1_0.makh,
        kh1_0.macth,
        kh1_0.ngaybatdau,
        kh1_0.ngayketthuc,
        kh1_0.tenkhoahoc,
        kh1_0.trangthai 
    from
        khoa_hoc kh1_0
2026-07-22 00:12:00 [http-nio-8081-exec-8] DEBUG org.hibernate.SQL - 
    select
        cth1_0.macth,
        cth1_0.hangbang,
        cth1_0.hocphi,
        cth1_0.sobuoilythuyet,
        cth1_0.sobuoithuchanh,
        cth1_0.tenchuongtrinh 
    from
        chuong_trinh_hoc cth1_0 
    where
        cth1_0.macth=?
2026-07-22 00:12:00 [http-nio-8081-exec-8] TRACE org.hibernate.orm.jdbc.bind - binding parameter (1:INTEGER) <- [1]
2026-07-22 00:12:00 [http-nio-8081-exec-8] DEBUG org.hibernate.SQL - 
    select
        cth1_0.macth,
        cth1_0.hangbang,
        cth1_0.hocphi,
        cth1_0.sobuoilythuyet,
        cth1_0.sobuoithuchanh,
        cth1_0.tenchuongtrinh 
    from
        chuong_trinh_hoc cth1_0 
    where
        cth1_0.macth=?
2026-07-22 00:12:00 [http-nio-8081-exec-8] TRACE org.hibernate.orm.jdbc.bind - binding parameter (1:INTEGER) <- [2]
2026-07-22 00:12:00 [http-nio-8081-exec-6] DEBUG org.hibernate.SQL - 
    select
        gv1_0.magv,
        gv1_0.cccd,
        gv1_0.diachi,
        gv1_0.email,
        gv1_0.gioitinh,
        gv1_0.hangday,
        gv1_0.hoten,
        gv1_0.ngaysinh,
        gv1_0.sodienthoai 
    from
        giao_vien gv1_0
2026-07-22 00:12:00 [http-nio-8081-exec-10] DEBUG org.hibernate.SQL - 
    select
        lh1_0.malop,
        lh1_0.magv,
        lh1_0.makh,
        lh1_0.soluong,
        lh1_0.tenlop,
        lh1_0.trangthai 
    from
        lop_hoc lh1_0
2026-07-22 00:12:00 [http-nio-8081-exec-10] DEBUG org.hibernate.SQL - 
    select
        kh1_0.makh,
        cth1_0.macth,
        cth1_0.hangbang,
        cth1_0.hocphi,
        cth1_0.sobuoilythuyet,
        cth1_0.sobuoithuchanh,
        cth1_0.tenchuongtrinh,
        kh1_0.ngaybatdau,
        kh1_0.ngayketthuc,
        kh1_0.tenkhoahoc,
        kh1_0.trangthai 
    from
        khoa_hoc kh1_0 
    left join
        chuong_trinh_hoc cth1_0 
            on cth1_0.macth=kh1_0.macth 
    where
        kh1_0.makh=?
2026-07-22 00:12:00 [http-nio-8081-exec-10] TRACE org.hibernate.orm.jdbc.bind - binding parameter (1:INTEGER) <- [1]
2026-07-22 00:12:00 [http-nio-8081-exec-10] DEBUG org.hibernate.SQL - 
    select
        kh1_0.makh,
        cth1_0.macth,
        cth1_0.hangbang,
        cth1_0.hocphi,
        cth1_0.sobuoilythuyet,
        cth1_0.sobuoithuchanh,
        cth1_0.tenchuongtrinh,
        kh1_0.ngaybatdau,
        kh1_0.ngayketthuc,
        kh1_0.tenkhoahoc,
        kh1_0.trangthai 
    from
        khoa_hoc kh1_0 
    left join
        chuong_trinh_hoc cth1_0 
            on cth1_0.macth=kh1_0.macth 
    where
        kh1_0.makh=?
2026-07-22 00:12:00 [http-nio-8081-exec-10] TRACE org.hibernate.orm.jdbc.bind - binding parameter (1:INTEGER) <- [2]
2026-07-22 00:12:02 [http-nio-8081-exec-9] DEBUG org.hibernate.SQL - 
    select
        hv1_0.mahv,
        hv1_0.cccd,
        hv1_0.diachi,
        hv1_0.email,
        hv1_0.gioitinh,
        hv1_0.hoten,
        hv1_0.ngaydangky,
        hv1_0.ngaysinh,
        hv1_0.sodienthoai 
    from
        hoc_vien hv1_0
2026-07-22 00:12:02 [http-nio-8081-exec-1] DEBUG org.hibernate.SQL - 
    select
        gv1_0.magv,
        gv1_0.cccd,
        gv1_0.diachi,
        gv1_0.email,
        gv1_0.gioitinh,
        gv1_0.hangday,
        gv1_0.hoten,
        gv1_0.ngaysinh,
        gv1_0.sodienthoai 
    from
        giao_vien gv1_0
2026-07-22 00:12:02 [http-nio-8081-exec-2] DEBUG org.hibernate.SQL - 
    select
        xtl1_0.maxetl,
        xtl1_0.ghichu,
        xtl1_0.handangkiem,
        xtl1_0.hangbang,
        xtl1_0.ngay_cap_nhat,
        xtl1_0.ngaydangkiem,
        xtl1_0.ngay_tao,
        xtl1_0.maxe 
    from
        xe_tap_lai xtl1_0
2026-07-22 00:12:02 [http-nio-8081-exec-2] DEBUG org.hibernate.SQL - 
    select
        x1_0.maxe,
        x1_0.bienso,
        x1_0.hangxe,
        x1_0.loaixe,
        x1_0.namsanxuat,
        x1_0.trangthai 
    from
        xe x1_0 
    where
        x1_0.maxe=?
2026-07-22 00:12:02 [http-nio-8081-exec-2] TRACE org.hibernate.orm.jdbc.bind - binding parameter (1:INTEGER) <- [1]
2026-07-22 00:12:02 [http-nio-8081-exec-7] DEBUG org.hibernate.SQL - 
    select
        pc1_0.id,
        pc1_0.ghichu,
        pc1_0.magv,
        pc1_0.mahv,
        pc1_0.ngay_phan_cong,
        pc1_0.maxetl 
    from
        phan_cong pc1_0
2026-07-22 00:12:02 [http-nio-8081-exec-7] DEBUG org.hibernate.SQL - 
    select
        hv1_0.mahv,
        hv1_0.cccd,
        hv1_0.diachi,
        hv1_0.email,
        hv1_0.gioitinh,
        hv1_0.hoten,
        hv1_0.ngaydangky,
        hv1_0.ngaysinh,
        hv1_0.sodienthoai 
    from
        hoc_vien hv1_0 
    where
        hv1_0.mahv=?
2026-07-22 00:12:02 [http-nio-8081-exec-7] TRACE org.hibernate.orm.jdbc.bind - binding parameter (1:INTEGER) <- [1]
2026-07-22 00:12:02 [http-nio-8081-exec-7] DEBUG org.hibernate.SQL - 
    select
        xtl1_0.maxetl,
        xtl1_0.ghichu,
        xtl1_0.handangkiem,
        xtl1_0.hangbang,
        xtl1_0.ngay_cap_nhat,
        xtl1_0.ngaydangkiem,
        xtl1_0.ngay_tao,
        x1_0.maxe,
        x1_0.bienso,
        x1_0.hangxe,
        x1_0.loaixe,
        x1_0.namsanxuat,
        x1_0.trangthai 
    from
        xe_tap_lai xtl1_0 
    left join
        xe x1_0 
            on x1_0.maxe=xtl1_0.maxe 
    where
        xtl1_0.maxetl=?
2026-07-22 00:12:02 [http-nio-8081-exec-7] TRACE org.hibernate.orm.jdbc.bind - binding parameter (1:INTEGER) <- [1]
2026-07-22 00:12:02 [http-nio-8081-exec-7] DEBUG org.hibernate.SQL - 
    select
        hv1_0.mahv,
        hv1_0.cccd,
        hv1_0.diachi,
        hv1_0.email,
        hv1_0.gioitinh,
        hv1_0.hoten,
        hv1_0.ngaydangky,
        hv1_0.ngaysinh,
        hv1_0.sodienthoai 
    from
        hoc_vien hv1_0 
    where
        hv1_0.mahv=?
2026-07-22 00:12:02 [http-nio-8081-exec-7] TRACE org.hibernate.orm.jdbc.bind - binding parameter (1:INTEGER) <- [3]
2026-07-22 00:12:02 [http-nio-8081-exec-4] DEBUG org.hibernate.SQL - 
    select
        lh1_0.malop,
        lh1_0.magv,
        lh1_0.makh,
        lh1_0.soluong,
        lh1_0.tenlop,
        lh1_0.trangthai 
    from
        lop_hoc lh1_0
2026-07-22 00:12:02 [http-nio-8081-exec-4] DEBUG org.hibernate.SQL - 
    select
        kh1_0.makh,
        cth1_0.macth,
        cth1_0.hangbang,
        cth1_0.hocphi,
        cth1_0.sobuoilythuyet,
        cth1_0.sobuoithuchanh,
        cth1_0.tenchuongtrinh,
        kh1_0.ngaybatdau,
        kh1_0.ngayketthuc,
        kh1_0.tenkhoahoc,
        kh1_0.trangthai 
    from
        khoa_hoc kh1_0 
    left join
        chuong_trinh_hoc cth1_0 
            on cth1_0.macth=kh1_0.macth 
    where
        kh1_0.makh=?
2026-07-22 00:12:02 [http-nio-8081-exec-4] TRACE org.hibernate.orm.jdbc.bind - binding parameter (1:INTEGER) <- [1]
2026-07-22 00:12:02 [http-nio-8081-exec-4] DEBUG org.hibernate.SQL - 
    select
        kh1_0.makh,
        cth1_0.macth,
        cth1_0.hangbang,
        cth1_0.hocphi,
        cth1_0.sobuoilythuyet,
        cth1_0.sobuoithuchanh,
        cth1_0.tenchuongtrinh,
        kh1_0.ngaybatdau,
        kh1_0.ngayketthuc,
        kh1_0.tenkhoahoc,
        kh1_0.trangthai 
    from
        khoa_hoc kh1_0 
    left join
        chuong_trinh_hoc cth1_0 
            on cth1_0.macth=kh1_0.macth 
    where
        kh1_0.makh=?
2026-07-22 00:12:02 [http-nio-8081-exec-4] TRACE org.hibernate.orm.jdbc.bind - binding parameter (1:INTEGER) <- [2]
2026-07-22 00:12:03 [http-nio-8081-exec-5] DEBUG org.hibernate.SQL - 
    select
        lh1_0.malop,
        lh1_0.magv,
        lh1_0.makh,
        lh1_0.soluong,
        lh1_0.tenlop,
        lh1_0.trangthai 
    from
        lop_hoc lh1_0
2026-07-22 00:12:03 [http-nio-8081-exec-5] DEBUG org.hibernate.SQL - 
    select
        kh1_0.makh,
        cth1_0.macth,
        cth1_0.hangbang,
        cth1_0.hocphi,
        cth1_0.sobuoilythuyet,
        cth1_0.sobuoithuchanh,
        cth1_0.tenchuongtrinh,
        kh1_0.ngaybatdau,
        kh1_0.ngayketthuc,
        kh1_0.tenkhoahoc,
        kh1_0.trangthai 
    from
        khoa_hoc kh1_0 
    left join
        chuong_trinh_hoc cth1_0 
            on cth1_0.macth=kh1_0.macth 
    where
        kh1_0.makh=?
2026-07-22 00:12:03 [http-nio-8081-exec-5] TRACE org.hibernate.orm.jdbc.bind - binding parameter (1:INTEGER) <- [1]
2026-07-22 00:12:03 [http-nio-8081-exec-5] DEBUG org.hibernate.SQL - 
    select
        kh1_0.makh,
        cth1_0.macth,
        cth1_0.hangbang,
        cth1_0.hocphi,
        cth1_0.sobuoilythuyet,
        cth1_0.sobuoithuchanh,
        cth1_0.tenchuongtrinh,
        kh1_0.ngaybatdau,
        kh1_0.ngayketthuc,
        kh1_0.tenkhoahoc,
        kh1_0.trangthai 
    from
        khoa_hoc kh1_0 
    left join
        chuong_trinh_hoc cth1_0 
            on cth1_0.macth=kh1_0.macth 
    where
        kh1_0.makh=?
2026-07-22 00:12:03 [http-nio-8081-exec-5] TRACE org.hibernate.orm.jdbc.bind - binding parameter (1:INTEGER) <- [2]
2026-07-22 00:12:03 [http-nio-8081-exec-8] DEBUG org.hibernate.SQL - 
    select
        mh1_0.mamh,
        mh1_0.so_tiet,
        mh1_0.tenmonhoc 
    from
        mon_hoc mh1_0
2026-07-22 00:12:03 [http-nio-8081-exec-6] DEBUG org.hibernate.SQL - 
    select
        lh1_0.malop,
        lh1_0.magv,
        lh1_0.makh,
        lh1_0.soluong,
        lh1_0.tenlop,
        lh1_0.trangthai 
    from
        lop_hoc lh1_0
2026-07-22 00:12:03 [http-nio-8081-exec-6] DEBUG org.hibernate.SQL - 
    select
        kh1_0.makh,
        cth1_0.macth,
        cth1_0.hangbang,
        cth1_0.hocphi,
        cth1_0.sobuoilythuyet,
        cth1_0.sobuoithuchanh,
        cth1_0.tenchuongtrinh,
        kh1_0.ngaybatdau,
        kh1_0.ngayketthuc,
        kh1_0.tenkhoahoc,
        kh1_0.trangthai 
    from
        khoa_hoc kh1_0 
    left join
        chuong_trinh_hoc cth1_0 
            on cth1_0.macth=kh1_0.macth 
    where
        kh1_0.makh=?
2026-07-22 00:12:03 [http-nio-8081-exec-6] TRACE org.hibernate.orm.jdbc.bind - binding parameter (1:INTEGER) <- [1]
2026-07-22 00:12:03 [http-nio-8081-exec-6] DEBUG org.hibernate.SQL - 
    select
        kh1_0.makh,
        cth1_0.macth,
        cth1_0.hangbang,
        cth1_0.hocphi,
        cth1_0.sobuoilythuyet,
        cth1_0.sobuoithuchanh,
        cth1_0.tenchuongtrinh,
        kh1_0.ngaybatdau,
        kh1_0.ngayketthuc,
        kh1_0.tenkhoahoc,
        kh1_0.trangthai 
    from
        khoa_hoc kh1_0 
    left join
        chuong_trinh_hoc cth1_0 
            on cth1_0.macth=kh1_0.macth 
    where
        kh1_0.makh=?
2026-07-22 00:12:03 [http-nio-8081-exec-6] TRACE org.hibernate.orm.jdbc.bind - binding parameter (1:INTEGER) <- [2]
2026-07-22 00:12:04 [http-nio-8081-exec-10] DEBUG org.hibernate.SQL - 
    select
        hv1_0.mahv,
        hv1_0.cccd,
        hv1_0.diachi,
        hv1_0.email,
        hv1_0.gioitinh,
        hv1_0.hoten,
        hv1_0.ngaydangky,
        hv1_0.ngaysinh,
        hv1_0.sodienthoai 
    from
        hoc_vien hv1_0
2026-07-22 00:12:04 [http-nio-8081-exec-9] DEBUG org.hibernate.SQL - 
    select
        gv1_0.magv,
        gv1_0.cccd,
        gv1_0.diachi,
        gv1_0.email,
        gv1_0.gioitinh,
        gv1_0.hangday,
        gv1_0.hoten,
        gv1_0.ngaysinh,
        gv1_0.sodienthoai 
    from
        giao_vien gv1_0
2026-07-22 00:12:04 [http-nio-8081-exec-1] DEBUG org.hibernate.SQL - 
    select
        xtl1_0.maxetl,
        xtl1_0.ghichu,
        xtl1_0.handangkiem,
        xtl1_0.hangbang,
        xtl1_0.ngay_cap_nhat,
        xtl1_0.ngaydangkiem,
        xtl1_0.ngay_tao,
        xtl1_0.maxe 
    from
        xe_tap_lai xtl1_0
2026-07-22 00:12:04 [http-nio-8081-exec-1] DEBUG org.hibernate.SQL - 
    select
        x1_0.maxe,
        x1_0.bienso,
        x1_0.hangxe,
        x1_0.loaixe,
        x1_0.namsanxuat,
        x1_0.trangthai 
    from
        xe x1_0 
    where
        x1_0.maxe=?
2026-07-22 00:12:04 [http-nio-8081-exec-1] TRACE org.hibernate.orm.jdbc.bind - binding parameter (1:INTEGER) <- [1]
2026-07-22 00:12:04 [http-nio-8081-exec-2] DEBUG org.hibernate.SQL - 
    select
        pc1_0.id,
        pc1_0.ghichu,
        pc1_0.magv,
        pc1_0.mahv,
        pc1_0.ngay_phan_cong,
        pc1_0.maxetl 
    from
        phan_cong pc1_0
2026-07-22 00:12:04 [http-nio-8081-exec-2] DEBUG org.hibernate.SQL - 
    select
        hv1_0.mahv,
        hv1_0.cccd,
        hv1_0.diachi,
        hv1_0.email,
        hv1_0.gioitinh,
        hv1_0.hoten,
        hv1_0.ngaydangky,
        hv1_0.ngaysinh,
        hv1_0.sodienthoai 
    from
        hoc_vien hv1_0 
    where
        hv1_0.mahv=?
2026-07-22 00:12:04 [http-nio-8081-exec-2] TRACE org.hibernate.orm.jdbc.bind - binding parameter (1:INTEGER) <- [1]
2026-07-22 00:12:04 [http-nio-8081-exec-2] DEBUG org.hibernate.SQL - 
    select
        xtl1_0.maxetl,
        xtl1_0.ghichu,
        xtl1_0.handangkiem,
        xtl1_0.hangbang,
        xtl1_0.ngay_cap_nhat,
        xtl1_0.ngaydangkiem,
        xtl1_0.ngay_tao,
        x1_0.maxe,
        x1_0.bienso,
        x1_0.hangxe,
        x1_0.loaixe,
        x1_0.namsanxuat,
        x1_0.trangthai 
    from
        xe_tap_lai xtl1_0 
    left join
        xe x1_0 
            on x1_0.maxe=xtl1_0.maxe 
    where
        xtl1_0.maxetl=?
2026-07-22 00:12:04 [http-nio-8081-exec-2] TRACE org.hibernate.orm.jdbc.bind - binding parameter (1:INTEGER) <- [1]
2026-07-22 00:12:04 [http-nio-8081-exec-2] DEBUG org.hibernate.SQL - 
    select
        hv1_0.mahv,
        hv1_0.cccd,
        hv1_0.diachi,
        hv1_0.email,
        hv1_0.gioitinh,
        hv1_0.hoten,
        hv1_0.ngaydangky,
        hv1_0.ngaysinh,
        hv1_0.sodienthoai 
    from
        hoc_vien hv1_0 
    where
        hv1_0.mahv=?
2026-07-22 00:12:04 [http-nio-8081-exec-2] TRACE org.hibernate.orm.jdbc.bind - binding parameter (1:INTEGER) <- [3]
2026-07-22 00:12:04 [http-nio-8081-exec-3] DEBUG org.hibernate.SQL - 
    select
        x1_0.maxe,
        x1_0.bienso,
        x1_0.hangxe,
        x1_0.loaixe,
        x1_0.namsanxuat,
        x1_0.trangthai 
    from
        xe x1_0
2026-07-22 00:12:05 [http-nio-8081-exec-7] DEBUG org.hibernate.SQL - 
    select
        lh1_0.malop,
        lh1_0.magv,
        lh1_0.makh,
        lh1_0.soluong,
        lh1_0.tenlop,
        lh1_0.trangthai 
    from
        lop_hoc lh1_0
2026-07-22 00:12:05 [http-nio-8081-exec-7] DEBUG org.hibernate.SQL - 
    select
        kh1_0.makh,
        cth1_0.macth,
        cth1_0.hangbang,
        cth1_0.hocphi,
        cth1_0.sobuoilythuyet,
        cth1_0.sobuoithuchanh,
        cth1_0.tenchuongtrinh,
        kh1_0.ngaybatdau,
        kh1_0.ngayketthuc,
        kh1_0.tenkhoahoc,
        kh1_0.trangthai 
    from
        khoa_hoc kh1_0 
    left join
        chuong_trinh_hoc cth1_0 
            on cth1_0.macth=kh1_0.macth 
    where
        kh1_0.makh=?
2026-07-22 00:12:05 [http-nio-8081-exec-7] TRACE org.hibernate.orm.jdbc.bind - binding parameter (1:INTEGER) <- [1]
2026-07-22 00:12:05 [http-nio-8081-exec-7] DEBUG org.hibernate.SQL - 
    select
        kh1_0.makh,
        cth1_0.macth,
        cth1_0.hangbang,
        cth1_0.hocphi,
        cth1_0.sobuoilythuyet,
        cth1_0.sobuoithuchanh,
        cth1_0.tenchuongtrinh,
        kh1_0.ngaybatdau,
        kh1_0.ngayketthuc,
        kh1_0.tenkhoahoc,
        kh1_0.trangthai 
    from
        khoa_hoc kh1_0 
    left join
        chuong_trinh_hoc cth1_0 
            on cth1_0.macth=kh1_0.macth 
    where
        kh1_0.makh=?
2026-07-22 00:12:05 [http-nio-8081-exec-7] TRACE org.hibernate.orm.jdbc.bind - binding parameter (1:INTEGER) <- [2]
2026-07-22 00:12:05 [http-nio-8081-exec-4] DEBUG org.hibernate.SQL - 
    select
        hv1_0.mahv,
        hv1_0.cccd,
        hv1_0.diachi,
        hv1_0.email,
        hv1_0.gioitinh,
        hv1_0.hoten,
        hv1_0.ngaydangky,
        hv1_0.ngaysinh,
        hv1_0.sodienthoai 
    from
        hoc_vien hv1_0
2026-07-22 00:12:05 [http-nio-8081-exec-5] DEBUG org.hibernate.SQL - 
    select
        gv1_0.magv,
        gv1_0.cccd,
        gv1_0.diachi,
        gv1_0.email,
        gv1_0.gioitinh,
        gv1_0.hangday,
        gv1_0.hoten,
        gv1_0.ngaysinh,
        gv1_0.sodienthoai 
    from
        giao_vien gv1_0
2026-07-22 00:12:05 [http-nio-8081-exec-8] DEBUG org.hibernate.SQL - 
    select
        xtl1_0.maxetl,
        xtl1_0.ghichu,
        xtl1_0.handangkiem,
        xtl1_0.hangbang,
        xtl1_0.ngay_cap_nhat,
        xtl1_0.ngaydangkiem,
        xtl1_0.ngay_tao,
        xtl1_0.maxe 
    from
        xe_tap_lai xtl1_0
2026-07-22 00:12:05 [http-nio-8081-exec-8] DEBUG org.hibernate.SQL - 
    select
        x1_0.maxe,
        x1_0.bienso,
        x1_0.hangxe,
        x1_0.loaixe,
        x1_0.namsanxuat,
        x1_0.trangthai 
    from
        xe x1_0 
    where
        x1_0.maxe=?
2026-07-22 00:12:05 [http-nio-8081-exec-8] TRACE org.hibernate.orm.jdbc.bind - binding parameter (1:INTEGER) <- [1]
2026-07-22 00:12:05 [http-nio-8081-exec-6] DEBUG org.hibernate.SQL - 
    select
        pc1_0.id,
        pc1_0.ghichu,
        pc1_0.magv,
        pc1_0.mahv,
        pc1_0.ngay_phan_cong,
        pc1_0.maxetl 
    from
        phan_cong pc1_0
2026-07-22 00:12:05 [http-nio-8081-exec-6] DEBUG org.hibernate.SQL - 
    select
        hv1_0.mahv,
        hv1_0.cccd,
        hv1_0.diachi,
        hv1_0.email,
        hv1_0.gioitinh,
        hv1_0.hoten,
        hv1_0.ngaydangky,
        hv1_0.ngaysinh,
        hv1_0.sodienthoai 
    from
        hoc_vien hv1_0 
    where
        hv1_0.mahv=?
2026-07-22 00:12:05 [http-nio-8081-exec-6] TRACE org.hibernate.orm.jdbc.bind - binding parameter (1:INTEGER) <- [1]
2026-07-22 00:12:05 [http-nio-8081-exec-6] DEBUG org.hibernate.SQL - 
    select
        xtl1_0.maxetl,
        xtl1_0.ghichu,
        xtl1_0.handangkiem,
        xtl1_0.hangbang,
        xtl1_0.ngay_cap_nhat,
        xtl1_0.ngaydangkiem,
        xtl1_0.ngay_tao,
        x1_0.maxe,
        x1_0.bienso,
        x1_0.hangxe,
        x1_0.loaixe,
        x1_0.namsanxuat,
        x1_0.trangthai 
    from
        xe_tap_lai xtl1_0 
    left join
        xe x1_0 
            on x1_0.maxe=xtl1_0.maxe 
    where
        xtl1_0.maxetl=?
2026-07-22 00:12:05 [http-nio-8081-exec-6] TRACE org.hibernate.orm.jdbc.bind - binding parameter (1:INTEGER) <- [1]
2026-07-22 00:12:05 [http-nio-8081-exec-6] DEBUG org.hibernate.SQL - 
    select
        hv1_0.mahv,
        hv1_0.cccd,
        hv1_0.diachi,
        hv1_0.email,
        hv1_0.gioitinh,
        hv1_0.hoten,
        hv1_0.ngaydangky,
        hv1_0.ngaysinh,
        hv1_0.sodienthoai 
    from
        hoc_vien hv1_0 
    where
        hv1_0.mahv=?
2026-07-22 00:12:05 [http-nio-8081-exec-6] TRACE org.hibernate.orm.jdbc.bind - binding parameter (1:INTEGER) <- [3]
2026-07-22 00:12:06 [http-nio-8081-exec-10] DEBUG org.hibernate.SQL - 
    select
        lh1_0.malop,
        lh1_0.magv,
        lh1_0.makh,
        lh1_0.soluong,
        lh1_0.tenlop,
        lh1_0.trangthai 
    from
        lop_hoc lh1_0
2026-07-22 00:12:06 [http-nio-8081-exec-10] DEBUG org.hibernate.SQL - 
    select
        kh1_0.makh,
        cth1_0.macth,
        cth1_0.hangbang,
        cth1_0.hocphi,
        cth1_0.sobuoilythuyet,
        cth1_0.sobuoithuchanh,
        cth1_0.tenchuongtrinh,
        kh1_0.ngaybatdau,
        kh1_0.ngayketthuc,
        kh1_0.tenkhoahoc,
        kh1_0.trangthai 
    from
        khoa_hoc kh1_0 
    left join
        chuong_trinh_hoc cth1_0 
            on cth1_0.macth=kh1_0.macth 
    where
        kh1_0.makh=?
2026-07-22 00:12:06 [http-nio-8081-exec-10] TRACE org.hibernate.orm.jdbc.bind - binding parameter (1:INTEGER) <- [1]
2026-07-22 00:12:06 [http-nio-8081-exec-10] DEBUG org.hibernate.SQL - 
    select
        kh1_0.makh,
        cth1_0.macth,
        cth1_0.hangbang,
        cth1_0.hocphi,
        cth1_0.sobuoilythuyet,
        cth1_0.sobuoithuchanh,
        cth1_0.tenchuongtrinh,
        kh1_0.ngaybatdau,
        kh1_0.ngayketthuc,
        kh1_0.tenkhoahoc,
        kh1_0.trangthai 
    from
        khoa_hoc kh1_0 
    left join
        chuong_trinh_hoc cth1_0 
            on cth1_0.macth=kh1_0.macth 
    where
        kh1_0.makh=?
2026-07-22 00:12:06 [http-nio-8081-exec-10] TRACE org.hibernate.orm.jdbc.bind - binding parameter (1:INTEGER) <- [2]
2026-07-22 00:15:53 [http-nio-8081-exec-2] DEBUG org.hibernate.SQL - 
    select
        lh1_0.malop,
        lh1_0.magv,
        lh1_0.makh,
        lh1_0.soluong,
        lh1_0.tenlop,
        lh1_0.trangthai 
    from
        lop_hoc lh1_0
2026-07-22 00:15:53 [http-nio-8081-exec-3] DEBUG org.hibernate.SQL - 
    select
        lh1_0.malich,
        lh1_0.macahoc,
        lh1_0.ghichu,
        lh1_0.magv,
        lh1_0.malop,
        lh1_0.mamh,
        lh1_0.ngayhoc,
        lh1_0.maphong 
    from
        lich_hoc lh1_0
2026-07-22 00:15:53 [http-nio-8081-exec-3] DEBUG org.hibernate.SQL - 
    select
        ch1_0.macahoc,
        ch1_0.giobatdau,
        ch1_0.gioketthuc,
        ch1_0.tencahoc 
    from
        ca_hoc ch1_0 
    where
        ch1_0.macahoc=?
2026-07-22 00:15:53 [http-nio-8081-exec-2] DEBUG org.hibernate.SQL - 
    select
        kh1_0.makh,
        cth1_0.macth,
        cth1_0.hangbang,
        cth1_0.hocphi,
        cth1_0.sobuoilythuyet,
        cth1_0.sobuoithuchanh,
        cth1_0.tenchuongtrinh,
        kh1_0.ngaybatdau,
        kh1_0.ngayketthuc,
        kh1_0.tenkhoahoc,
        kh1_0.trangthai 
    from
        khoa_hoc kh1_0 
    left join
        chuong_trinh_hoc cth1_0 
            on cth1_0.macth=kh1_0.macth 
    where
        kh1_0.makh=?
2026-07-22 00:15:53 [http-nio-8081-exec-2] TRACE org.hibernate.orm.jdbc.bind - binding parameter (1:INTEGER) <- [1]
2026-07-22 00:15:53 [http-nio-8081-exec-3] TRACE org.hibernate.orm.jdbc.bind - binding parameter (1:INTEGER) <- [1]
2026-07-22 00:15:53 [http-nio-8081-exec-2] DEBUG org.hibernate.SQL - 
    select
        kh1_0.makh,
        cth1_0.macth,
        cth1_0.hangbang,
        cth1_0.hocphi,
        cth1_0.sobuoilythuyet,
        cth1_0.sobuoithuchanh,
        cth1_0.tenchuongtrinh,
        kh1_0.ngaybatdau,
        kh1_0.ngayketthuc,
        kh1_0.tenkhoahoc,
        kh1_0.trangthai 
    from
        khoa_hoc kh1_0 
    left join
        chuong_trinh_hoc cth1_0 
            on cth1_0.macth=kh1_0.macth 
    where
        kh1_0.makh=?
2026-07-22 00:15:53 [http-nio-8081-exec-2] TRACE org.hibernate.orm.jdbc.bind - binding parameter (1:INTEGER) <- [2]
2026-07-22 00:16:24 [http-nio-8081-exec-7] DEBUG org.hibernate.SQL - 
    select
        lh1_0.malop,
        lh1_0.magv,
        lh1_0.makh,
        lh1_0.soluong,
        lh1_0.tenlop,
        lh1_0.trangthai 
    from
        lop_hoc lh1_0
2026-07-22 00:16:24 [http-nio-8081-exec-4] DEBUG org.hibernate.SQL - 
    select
        lh1_0.malich,
        lh1_0.macahoc,
        lh1_0.ghichu,
        lh1_0.magv,
        lh1_0.malop,
        lh1_0.mamh,
        lh1_0.ngayhoc,
        lh1_0.maphong 
    from
        lich_hoc lh1_0
2026-07-22 00:16:24 [http-nio-8081-exec-7] DEBUG org.hibernate.SQL - 
    select
        kh1_0.makh,
        cth1_0.macth,
        cth1_0.hangbang,
        cth1_0.hocphi,
        cth1_0.sobuoilythuyet,
        cth1_0.sobuoithuchanh,
        cth1_0.tenchuongtrinh,
        kh1_0.ngaybatdau,
        kh1_0.ngayketthuc,
        kh1_0.tenkhoahoc,
        kh1_0.trangthai 
    from
        khoa_hoc kh1_0 
    left join
        chuong_trinh_hoc cth1_0 
            on cth1_0.macth=kh1_0.macth 
    where
        kh1_0.makh=?
2026-07-22 00:16:24 [http-nio-8081-exec-7] TRACE org.hibernate.orm.jdbc.bind - binding parameter (1:INTEGER) <- [1]
2026-07-22 00:16:24 [http-nio-8081-exec-7] DEBUG org.hibernate.SQL - 
    select
        kh1_0.makh,
        cth1_0.macth,
        cth1_0.hangbang,
        cth1_0.hocphi,
        cth1_0.sobuoilythuyet,
        cth1_0.sobuoithuchanh,
        cth1_0.tenchuongtrinh,
        kh1_0.ngaybatdau,
        kh1_0.ngayketthuc,
        kh1_0.tenkhoahoc,
        kh1_0.trangthai 
    from
        khoa_hoc kh1_0 
    left join
        chuong_trinh_hoc cth1_0 
            on cth1_0.macth=kh1_0.macth 
    where
        kh1_0.makh=?
2026-07-22 00:16:24 [http-nio-8081-exec-7] TRACE org.hibernate.orm.jdbc.bind - binding parameter (1:INTEGER) <- [2]
2026-07-22 00:16:24 [http-nio-8081-exec-4] DEBUG org.hibernate.SQL - 
    select
        ch1_0.macahoc,
        ch1_0.giobatdau,
        ch1_0.gioketthuc,
        ch1_0.tencahoc 
    from
        ca_hoc ch1_0 
    where
        ch1_0.macahoc=?
2026-07-22 00:16:24 [http-nio-8081-exec-4] TRACE org.hibernate.orm.jdbc.bind - binding parameter (1:INTEGER) <- [1]
2026-07-22 00:17:05 [main] INFO  o.e.d.DatnNhom3BackendApplication - Starting DatnNhom3BackendApplication using Java 17.0.19 with PID 29448 (D:\DATN_NHOM3\DATN_NHOM3_BACKEND\target\classes started by n2450 in D:\DATN_NHOM3\DATN_NHOM3_BACKEND)
2026-07-22 00:17:05 [main] DEBUG o.e.d.DatnNhom3BackendApplication - Running with Spring Boot v3.3.5, Spring v6.1.14
2026-07-22 00:17:05 [main] INFO  o.e.d.DatnNhom3BackendApplication - No active profile set, falling back to 1 default profile: "default"
2026-07-22 00:17:06 [main] INFO  o.s.d.r.c.RepositoryConfigurationDelegate - Bootstrapping Spring Data JPA repositories in DEFAULT mode.
2026-07-22 00:17:06 [main] INFO  o.s.d.r.c.RepositoryConfigurationDelegate - Finished Spring Data repository scanning in 100 ms. Found 31 JPA repository interfaces.
2026-07-22 00:17:06 [main] INFO  o.s.b.w.e.tomcat.TomcatWebServer - Tomcat initialized with port 8081 (http)
2026-07-22 00:17:06 [main] INFO  o.a.catalina.core.StandardService - Starting service [Tomcat]
2026-07-22 00:17:06 [main] INFO  o.a.catalina.core.StandardEngine - Starting Servlet engine: [Apache Tomcat/10.1.31]
2026-07-22 00:17:06 [main] INFO  o.a.c.c.C.[Tomcat].[localhost].[/] - Initializing Spring embedded WebApplicationContext
2026-07-22 00:17:06 [main] INFO  o.s.b.w.s.c.ServletWebServerApplicationContext - Root WebApplicationContext: initialization completed in 1203 ms
2026-07-22 00:17:06 [main] INFO  o.h.jpa.internal.util.LogHelper - HHH000204: Processing PersistenceUnitInfo [name: default]
2026-07-22 00:17:07 [main] INFO  org.hibernate.Version - HHH000412: Hibernate ORM core version 6.5.3.Final
2026-07-22 00:17:07 [main] INFO  o.h.c.i.RegionFactoryInitiator - HHH000026: Second-level cache disabled
2026-07-22 00:17:07 [main] INFO  o.s.o.j.p.SpringPersistenceUnitInfo - No LoadTimeWeaver setup: ignoring JPA class transformer
2026-07-22 00:17:07 [main] INFO  com.zaxxer.hikari.HikariDataSource - DATN-HikariPool - Starting...
2026-07-22 00:17:07 [main] INFO  com.zaxxer.hikari.pool.HikariPool - DATN-HikariPool - Added connection ConnectionID:1 ClientConnectionId: 982e4335-d4e3-4bdf-aa31-cf827b46b3a8
2026-07-22 00:17:07 [main] INFO  com.zaxxer.hikari.HikariDataSource - DATN-HikariPool - Start completed.
2026-07-22 00:17:07 [main] WARN  org.hibernate.orm.deprecation - HHH90000025: SQLServerDialect does not need to be specified explicitly using 'hibernate.dialect' (remove the property setting and it will be selected by default)
2026-07-22 00:17:08 [main] INFO  o.h.e.t.j.p.i.JtaPlatformInitiator - HHH000489: No JTA platform available (set 'hibernate.transaction.jta.platform' to enable JTA platform integration)
2026-07-22 00:17:08 [main] DEBUG org.hibernate.SQL - 
    alter table hoc_vien 
       alter column cccd NVARCHAR(20)
2026-07-22 00:17:09 [main] DEBUG org.hibernate.SQL - 
    alter table hoc_vien 
       alter column email NVARCHAR(100)
2026-07-22 00:17:09 [main] DEBUG org.hibernate.SQL - 
    alter table hoc_vien 
       alter column gioitinh NVARCHAR(10)
2026-07-22 00:17:09 [main] DEBUG org.hibernate.SQL - 
    alter table hoc_vien 
       alter column hoten NVARCHAR(100)
2026-07-22 00:17:09 [main] DEBUG org.hibernate.SQL - 
    alter table hoc_vien 
       alter column sodienthoai NVARCHAR(15)
2026-07-22 00:17:09 [main] DEBUG org.hibernate.SQL - 
    alter table lich_su_bao_tri_xe 
       alter column mo_ta NVARCHAR(MAX)
2026-07-22 00:17:10 [main] INFO  o.s.o.j.LocalContainerEntityManagerFactoryBean - Initialized JPA EntityManagerFactory for persistence unit 'default'
2026-07-22 00:17:11 [main] INFO  o.s.d.j.r.query.QueryEnhancerFactory - Hibernate is in classpath; If applicable, HQL parser will be used.
2026-07-22 00:17:11 [main] INFO  o.s.s.c.a.a.c.InitializeUserDetailsBeanManagerConfigurer$InitializeUserDetailsManagerConfigurer - Global AuthenticationManager configured with UserDetailsService bean with name customUserDetailsService
2026-07-22 00:17:11 [main] INFO  o.s.b.a.w.s.WelcomePageHandlerMapping - Adding welcome page: class path resource [static/index.html]
2026-07-22 00:17:12 [main] INFO  o.s.b.w.e.tomcat.TomcatWebServer - Tomcat started on port 8081 (http) with context path '/'
2026-07-22 00:17:12 [main] INFO  o.s.m.s.b.SimpleBrokerMessageHandler - Starting...
2026-07-22 00:17:12 [main] INFO  o.s.m.s.b.SimpleBrokerMessageHandler - BrokerAvailabilityEvent[available=true, SimpleBrokerMessageHandler [org.springframework.messaging.simp.broker.DefaultSubscriptionRegistry@62225578]]
2026-07-22 00:17:12 [main] INFO  o.s.m.s.b.SimpleBrokerMessageHandler - Started.
2026-07-22 00:17:12 [main] INFO  o.e.d.DatnNhom3BackendApplication - Started DatnNhom3BackendApplication in 7.154 seconds (process running for 7.419)
2026-07-22 00:17:12 [main] DEBUG org.hibernate.SQL - 
    select
        vt1_0.id,
        vt1_0.ma_vai_tro,
        vt1_0.mo_ta,
        vt1_0.ngay_cap_nhat,
        vt1_0.ngay_tao,
        vt1_0.ten_vai_tro,
        vt1_0.trang_thai 
    from
        vai_tro vt1_0 
    where
        vt1_0.ma_vai_tro=?
2026-07-22 00:17:12 [main] TRACE org.hibernate.orm.jdbc.bind - binding parameter (1:VARCHAR) <- [GV]
2026-07-22 00:17:12 [main] DEBUG org.hibernate.SQL - 
    select
        vt1_0.id,
        vt1_0.ma_vai_tro,
        vt1_0.mo_ta,
        vt1_0.ngay_cap_nhat,
        vt1_0.ngay_tao,
        vt1_0.ten_vai_tro,
        vt1_0.trang_thai 
    from
        vai_tro vt1_0 
    where
        vt1_0.ma_vai_tro=?
2026-07-22 00:17:12 [main] TRACE org.hibernate.orm.jdbc.bind - binding parameter (1:VARCHAR) <- [ADMIN]
2026-07-22 00:17:12 [main] DEBUG org.hibernate.SQL - 
    select
        vt1_0.id,
        vt1_0.ma_vai_tro,
        vt1_0.mo_ta,
        vt1_0.ngay_cap_nhat,
        vt1_0.ngay_tao,
        vt1_0.ten_vai_tro,
        vt1_0.trang_thai 
    from
        vai_tro vt1_0 
    where
        vt1_0.ma_vai_tro=?
2026-07-22 00:17:12 [main] TRACE org.hibernate.orm.jdbc.bind - binding parameter (1:VARCHAR) <- [HV]
2026-07-22 00:17:12 [main] DEBUG org.hibernate.SQL - 
    select
        vt1_0.id,
        vt1_0.ma_vai_tro,
        vt1_0.mo_ta,
        vt1_0.ngay_cap_nhat,
        vt1_0.ngay_tao,
        vt1_0.ten_vai_tro,
        vt1_0.trang_thai 
    from
        vai_tro vt1_0 
    where
        vt1_0.ma_vai_tro=?
2026-07-22 00:17:12 [main] TRACE org.hibernate.orm.jdbc.bind - binding parameter (1:VARCHAR) <- [NV]
2026-07-22 00:17:12 [main] DEBUG org.hibernate.SQL - 
    select
        count_big(*) 
    from
        tai_khoan tk1_0
2026-07-22 00:17:12 [main] DEBUG org.hibernate.SQL - 
    select
        tk1_0.id,
        tk1_0.anh,
        tk1_0.cccd,
        tk1_0.email,
        tk1_0.ho_ten,
        tk1_0.khoa_den,
        tk1_0.lan_dang_nhap_cuoi,
        tk1_0.mat_khau,
        tk1_0.ngay_cap_nhat,
        tk1_0.ngay_tao,
        tk1_0.nguoi_tao_id,
        tk1_0.so_dien_thoai,
        tk1_0.so_lan_dang_nhap_sai,
        tk1_0.ten_dang_nhap,
        tk1_0.trang_thai,
        tk1_0.vai_tro_id 
    from
        tai_khoan tk1_0
2026-07-22 00:17:12 [main] DEBUG org.hibernate.SQL - 
    select
        vt1_0.id,
        vt1_0.ma_vai_tro,
        vt1_0.mo_ta,
        vt1_0.ngay_cap_nhat,
        vt1_0.ngay_tao,
        vt1_0.ten_vai_tro,
        vt1_0.trang_thai 
    from
        vai_tro vt1_0 
    where
        vt1_0.id=?
2026-07-22 00:17:12 [main] TRACE org.hibernate.orm.jdbc.bind - binding parameter (1:INTEGER) <- [4]
2026-07-22 00:17:12 [main] DEBUG org.hibernate.SQL - 
    select
        vt1_0.id,
        vt1_0.ma_vai_tro,
        vt1_0.mo_ta,
        vt1_0.ngay_cap_nhat,
        vt1_0.ngay_tao,
        vt1_0.ten_vai_tro,
        vt1_0.trang_thai 
    from
        vai_tro vt1_0 
    where
        vt1_0.id=?
2026-07-22 00:17:12 [main] TRACE org.hibernate.orm.jdbc.bind - binding parameter (1:INTEGER) <- [3]
2026-07-22 00:17:12 [main] DEBUG org.hibernate.SQL - 
    select
        vt1_0.id,
        vt1_0.ma_vai_tro,
        vt1_0.mo_ta,
        vt1_0.ngay_cap_nhat,
        vt1_0.ngay_tao,
        vt1_0.ten_vai_tro,
        vt1_0.trang_thai 
    from
        vai_tro vt1_0 
    where
        vt1_0.id=?
2026-07-22 00:17:12 [main] TRACE org.hibernate.orm.jdbc.bind - binding parameter (1:INTEGER) <- [2]
2026-07-22 00:17:12 [main] DEBUG org.hibernate.SQL - 
    select
        vt1_0.id,
        vt1_0.ma_vai_tro,
        vt1_0.mo_ta,
        vt1_0.ngay_cap_nhat,
        vt1_0.ngay_tao,
        vt1_0.ten_vai_tro,
        vt1_0.trang_thai 
    from
        vai_tro vt1_0 
    where
        vt1_0.id=?
2026-07-22 00:17:12 [main] TRACE org.hibernate.orm.jdbc.bind - binding parameter (1:INTEGER) <- [1]
2026-07-22 00:17:18 [http-nio-8081-exec-2] INFO  o.a.c.c.C.[Tomcat].[localhost].[/] - Initializing Spring DispatcherServlet 'dispatcherServlet'
2026-07-22 00:17:18 [http-nio-8081-exec-2] INFO  o.s.web.servlet.DispatcherServlet - Initializing Servlet 'dispatcherServlet'
2026-07-22 00:17:18 [http-nio-8081-exec-2] INFO  o.s.web.servlet.DispatcherServlet - Completed initialization in 0 ms
2026-07-22 00:17:18 [http-nio-8081-exec-1] DEBUG org.hibernate.SQL - 
    select
        lh1_0.malich,
        lh1_0.macahoc,
        lh1_0.ghichu,
        lh1_0.magv,
        lh1_0.malop,
        lh1_0.mamh,
        lh1_0.ngayhoc,
        lh1_0.maphong 
    from
        lich_hoc lh1_0
2026-07-22 00:17:18 [http-nio-8081-exec-2] DEBUG org.hibernate.SQL - 
    select
        lh1_0.malop,
        lh1_0.magv,
        lh1_0.makh,
        lh1_0.soluong,
        lh1_0.tenlop,
        lh1_0.trangthai 
    from
        lop_hoc lh1_0
2026-07-22 00:17:18 [http-nio-8081-exec-1] DEBUG org.hibernate.SQL - 
    select
        ch1_0.macahoc,
        ch1_0.giobatdau,
        ch1_0.gioketthuc,
        ch1_0.tencahoc 
    from
        ca_hoc ch1_0 
    where
        ch1_0.macahoc=?
2026-07-22 00:17:18 [http-nio-8081-exec-1] TRACE org.hibernate.orm.jdbc.bind - binding parameter (1:INTEGER) <- [1]
2026-07-22 00:17:18 [http-nio-8081-exec-2] DEBUG org.hibernate.SQL - 
    select
        kh1_0.makh,
        cth1_0.macth,
        cth1_0.hangbang,
        cth1_0.hocphi,
        cth1_0.sobuoilythuyet,
        cth1_0.sobuoithuchanh,
        cth1_0.tenchuongtrinh,
        kh1_0.ngaybatdau,
        kh1_0.ngayketthuc,
        kh1_0.tenkhoahoc,
        kh1_0.trangthai 
    from
        khoa_hoc kh1_0 
    left join
        chuong_trinh_hoc cth1_0 
            on cth1_0.macth=kh1_0.macth 
    where
        kh1_0.makh=?
2026-07-22 00:17:18 [http-nio-8081-exec-2] TRACE org.hibernate.orm.jdbc.bind - binding parameter (1:INTEGER) <- [1]
2026-07-22 00:17:18 [http-nio-8081-exec-2] DEBUG org.hibernate.SQL - 
    select
        kh1_0.makh,
        cth1_0.macth,
        cth1_0.hangbang,
        cth1_0.hocphi,
        cth1_0.sobuoilythuyet,
        cth1_0.sobuoithuchanh,
        cth1_0.tenchuongtrinh,
        kh1_0.ngaybatdau,
        kh1_0.ngayketthuc,
        kh1_0.tenkhoahoc,
        kh1_0.trangthai 
    from
        khoa_hoc kh1_0 
    left join
        chuong_trinh_hoc cth1_0 
            on cth1_0.macth=kh1_0.macth 
    where
        kh1_0.makh=?
2026-07-22 00:17:18 [http-nio-8081-exec-2] TRACE org.hibernate.orm.jdbc.bind - binding parameter (1:INTEGER) <- [2]
2026-07-22 00:17:35 [http-nio-8081-exec-3] DEBUG org.hibernate.SQL - 
    select
        tk1_0.id,
        tk1_0.anh,
        tk1_0.cccd,
        tk1_0.email,
        tk1_0.ho_ten,
        tk1_0.khoa_den,
        tk1_0.lan_dang_nhap_cuoi,
        tk1_0.mat_khau,
        tk1_0.ngay_cap_nhat,
        tk1_0.ngay_tao,
        tk1_0.nguoi_tao_id,
        tk1_0.so_dien_thoai,
        tk1_0.so_lan_dang_nhap_sai,
        tk1_0.ten_dang_nhap,
        tk1_0.trang_thai,
        tk1_0.vai_tro_id 
    from
        tai_khoan tk1_0 
    where
        tk1_0.ten_dang_nhap=?
2026-07-22 00:17:35 [http-nio-8081-exec-3] TRACE org.hibernate.orm.jdbc.bind - binding parameter (1:VARCHAR) <- [admin]
2026-07-22 00:17:35 [http-nio-8081-exec-3] DEBUG org.hibernate.SQL - 
    select
        vt1_0.id,
        vt1_0.ma_vai_tro,
        vt1_0.mo_ta,
        vt1_0.ngay_cap_nhat,
        vt1_0.ngay_tao,
        vt1_0.ten_vai_tro,
        vt1_0.trang_thai 
    from
        vai_tro vt1_0 
    where
        vt1_0.id=?
2026-07-22 00:17:35 [http-nio-8081-exec-3] TRACE org.hibernate.orm.jdbc.bind - binding parameter (1:INTEGER) <- [4]
2026-07-22 00:17:35 [http-nio-8081-exec-3] DEBUG org.hibernate.SQL - 
    select
        tk1_0.id,
        tk1_0.anh,
        tk1_0.cccd,
        tk1_0.email,
        tk1_0.ho_ten,
        tk1_0.khoa_den,
        tk1_0.lan_dang_nhap_cuoi,
        tk1_0.mat_khau,
        tk1_0.ngay_cap_nhat,
        tk1_0.ngay_tao,
        tk1_0.nguoi_tao_id,
        tk1_0.so_dien_thoai,
        tk1_0.so_lan_dang_nhap_sai,
        tk1_0.ten_dang_nhap,
        tk1_0.trang_thai,
        tk1_0.vai_tro_id 
    from
        tai_khoan tk1_0 
    where
        tk1_0.ten_dang_nhap=?
2026-07-22 00:17:35 [http-nio-8081-exec-3] TRACE org.hibernate.orm.jdbc.bind - binding parameter (1:VARCHAR) <- [admin]
2026-07-22 00:17:35 [http-nio-8081-exec-3] DEBUG org.hibernate.SQL - 
    select
        vt1_0.id,
        vt1_0.ma_vai_tro,
        vt1_0.mo_ta,
        vt1_0.ngay_cap_nhat,
        vt1_0.ngay_tao,
        vt1_0.ten_vai_tro,
        vt1_0.trang_thai 
    from
        vai_tro vt1_0 
    where
        vt1_0.id=?
2026-07-22 00:17:35 [http-nio-8081-exec-3] TRACE org.hibernate.orm.jdbc.bind - binding parameter (1:INTEGER) <- [4]
2026-07-22 00:17:53 [http-nio-8081-exec-5] DEBUG org.hibernate.SQL - 
    select
        tk1_0.id,
        tk1_0.anh,
        tk1_0.cccd,
        tk1_0.email,
        tk1_0.ho_ten,
        tk1_0.khoa_den,
        tk1_0.lan_dang_nhap_cuoi,
        tk1_0.mat_khau,
        tk1_0.ngay_cap_nhat,
        tk1_0.ngay_tao,
        tk1_0.nguoi_tao_id,
        tk1_0.so_dien_thoai,
        tk1_0.so_lan_dang_nhap_sai,
        tk1_0.ten_dang_nhap,
        tk1_0.trang_thai,
        tk1_0.vai_tro_id 
    from
        tai_khoan tk1_0 
    where
        tk1_0.ten_dang_nhap=?
2026-07-22 00:17:53 [http-nio-8081-exec-6] DEBUG org.hibernate.SQL - 
    select
        tk1_0.id,
        tk1_0.anh,
        tk1_0.cccd,
        tk1_0.email,
        tk1_0.ho_ten,
        tk1_0.khoa_den,
        tk1_0.lan_dang_nhap_cuoi,
        tk1_0.mat_khau,
        tk1_0.ngay_cap_nhat,
        tk1_0.ngay_tao,
        tk1_0.nguoi_tao_id,
        tk1_0.so_dien_thoai,
        tk1_0.so_lan_dang_nhap_sai,
        tk1_0.ten_dang_nhap,
        tk1_0.trang_thai,
        tk1_0.vai_tro_id 
    from
        tai_khoan tk1_0 
    where
        tk1_0.ten_dang_nhap=?
2026-07-22 00:17:53 [http-nio-8081-exec-5] TRACE org.hibernate.orm.jdbc.bind - binding parameter (1:VARCHAR) <- [giaovien1]
2026-07-22 00:17:53 [http-nio-8081-exec-6] TRACE org.hibernate.orm.jdbc.bind - binding parameter (1:VARCHAR) <- [giaovien1]
2026-07-22 00:17:53 [http-nio-8081-exec-6] DEBUG org.hibernate.SQL - 
    select
        vt1_0.id,
        vt1_0.ma_vai_tro,
        vt1_0.mo_ta,
        vt1_0.ngay_cap_nhat,
        vt1_0.ngay_tao,
        vt1_0.ten_vai_tro,
        vt1_0.trang_thai 
    from
        vai_tro vt1_0 
    where
        vt1_0.id=?
2026-07-22 00:17:53 [http-nio-8081-exec-5] DEBUG org.hibernate.SQL - 
    select
        vt1_0.id,
        vt1_0.ma_vai_tro,
        vt1_0.mo_ta,
        vt1_0.ngay_cap_nhat,
        vt1_0.ngay_tao,
        vt1_0.ten_vai_tro,
        vt1_0.trang_thai 
    from
        vai_tro vt1_0 
    where
        vt1_0.id=?
2026-07-22 00:17:53 [http-nio-8081-exec-6] TRACE org.hibernate.orm.jdbc.bind - binding parameter (1:INTEGER) <- [3]
2026-07-22 00:17:53 [http-nio-8081-exec-5] TRACE org.hibernate.orm.jdbc.bind - binding parameter (1:INTEGER) <- [3]
2026-07-22 00:17:53 [http-nio-8081-exec-6] DEBUG org.hibernate.SQL - 
    select
        gv1_0.magv,
        gv1_0.cccd,
        gv1_0.diachi,
        gv1_0.email,
        gv1_0.gioitinh,
        gv1_0.hangday,
        gv1_0.hoten,
        gv1_0.ngaysinh,
        gv1_0.sodienthoai 
    from
        giao_vien gv1_0
2026-07-22 00:17:53 [http-nio-8081-exec-5] DEBUG org.hibernate.SQL - 
    select
        gv1_0.magv,
        gv1_0.cccd,
        gv1_0.diachi,
        gv1_0.email,
        gv1_0.gioitinh,
        gv1_0.hangday,
        gv1_0.hoten,
        gv1_0.ngaysinh,
        gv1_0.sodienthoai 
    from
        giao_vien gv1_0
2026-07-22 00:17:54 [http-nio-8081-exec-10] DEBUG org.hibernate.SQL - 
    select
        cth1_0.macth,
        cth1_0.hangbang,
        cth1_0.hocphi,
        cth1_0.sobuoilythuyet,
        cth1_0.sobuoithuchanh,
        cth1_0.tenchuongtrinh 
    from
        chuong_trinh_hoc cth1_0
2026-07-22 00:17:55 [http-nio-8081-exec-8] DEBUG org.hibernate.SQL - 
    select
        kh1_0.makh,
        kh1_0.macth,
        kh1_0.ngaybatdau,
        kh1_0.ngayketthuc,
        kh1_0.tenkhoahoc,
        kh1_0.trangthai 
    from
        khoa_hoc kh1_0
2026-07-22 00:17:55 [http-nio-8081-exec-8] DEBUG org.hibernate.SQL - 
    select
        cth1_0.macth,
        cth1_0.hangbang,
        cth1_0.hocphi,
        cth1_0.sobuoilythuyet,
        cth1_0.sobuoithuchanh,
        cth1_0.tenchuongtrinh 
    from
        chuong_trinh_hoc cth1_0 
    where
        cth1_0.macth=?
2026-07-22 00:17:55 [http-nio-8081-exec-8] TRACE org.hibernate.orm.jdbc.bind - binding parameter (1:INTEGER) <- [1]
2026-07-22 00:17:55 [http-nio-8081-exec-8] DEBUG org.hibernate.SQL - 
    select
        cth1_0.macth,
        cth1_0.hangbang,
        cth1_0.hocphi,
        cth1_0.sobuoilythuyet,
        cth1_0.sobuoithuchanh,
        cth1_0.tenchuongtrinh 
    from
        chuong_trinh_hoc cth1_0 
    where
        cth1_0.macth=?
2026-07-22 00:17:55 [http-nio-8081-exec-8] TRACE org.hibernate.orm.jdbc.bind - binding parameter (1:INTEGER) <- [2]
2026-07-22 00:17:55 [http-nio-8081-exec-9] DEBUG org.hibernate.SQL - 
    select
        gv1_0.magv,
        gv1_0.cccd,
        gv1_0.diachi,
        gv1_0.email,
        gv1_0.gioitinh,
        gv1_0.hangday,
        gv1_0.hoten,
        gv1_0.ngaysinh,
        gv1_0.sodienthoai 
    from
        giao_vien gv1_0
2026-07-22 00:17:55 [http-nio-8081-exec-7] DEBUG org.hibernate.SQL - 
    select
        lh1_0.malop,
        lh1_0.magv,
        lh1_0.makh,
        lh1_0.soluong,
        lh1_0.tenlop,
        lh1_0.trangthai 
    from
        lop_hoc lh1_0
2026-07-22 00:17:55 [http-nio-8081-exec-7] DEBUG org.hibernate.SQL - 
    select
        kh1_0.makh,
        cth1_0.macth,
        cth1_0.hangbang,
        cth1_0.hocphi,
        cth1_0.sobuoilythuyet,
        cth1_0.sobuoithuchanh,
        cth1_0.tenchuongtrinh,
        kh1_0.ngaybatdau,
        kh1_0.ngayketthuc,
        kh1_0.tenkhoahoc,
        kh1_0.trangthai 
    from
        khoa_hoc kh1_0 
    left join
        chuong_trinh_hoc cth1_0 
            on cth1_0.macth=kh1_0.macth 
    where
        kh1_0.makh=?
2026-07-22 00:17:55 [http-nio-8081-exec-7] TRACE org.hibernate.orm.jdbc.bind - binding parameter (1:INTEGER) <- [1]
2026-07-22 00:17:55 [http-nio-8081-exec-7] DEBUG org.hibernate.SQL - 
    select
        kh1_0.makh,
        cth1_0.macth,
        cth1_0.hangbang,
        cth1_0.hocphi,
        cth1_0.sobuoilythuyet,
        cth1_0.sobuoithuchanh,
        cth1_0.tenchuongtrinh,
        kh1_0.ngaybatdau,
        kh1_0.ngayketthuc,
        kh1_0.tenkhoahoc,
        kh1_0.trangthai 
    from
        khoa_hoc kh1_0 
    left join
        chuong_trinh_hoc cth1_0 
            on cth1_0.macth=kh1_0.macth 
    where
        kh1_0.makh=?
2026-07-22 00:17:55 [http-nio-8081-exec-7] TRACE org.hibernate.orm.jdbc.bind - binding parameter (1:INTEGER) <- [2]
2026-07-22 00:17:56 [http-nio-8081-exec-1] DEBUG org.hibernate.SQL - 
    select
        mh1_0.mamh,
        mh1_0.so_tiet,
        mh1_0.tenmonhoc 
    from
        mon_hoc mh1_0
2026-07-22 00:17:57 [http-nio-8081-exec-2] DEBUG org.hibernate.SQL - 
    select
        ph1_0.maphong,
        ph1_0.succhua,
        ph1_0.tenphong,
        ph1_0.trangthai 
    from
        phong_hoc ph1_0
2026-07-22 00:17:57 [http-nio-8081-exec-3] DEBUG org.hibernate.SQL - 
    select
        x1_0.maxe,
        x1_0.bienso,
        x1_0.hangxe,
        x1_0.loaixe,
        x1_0.namsanxuat,
        x1_0.trangthai 
    from
        xe x1_0
2026-07-22 00:17:57 [http-nio-8081-exec-4] DEBUG org.hibernate.SQL - 
    select
        xtl1_0.maxetl,
        xtl1_0.ghichu,
        xtl1_0.handangkiem,
        xtl1_0.hangbang,
        xtl1_0.ngay_cap_nhat,
        xtl1_0.ngaydangkiem,
        xtl1_0.ngay_tao,
        xtl1_0.maxe 
    from
        xe_tap_lai xtl1_0
2026-07-22 00:17:57 [http-nio-8081-exec-4] DEBUG org.hibernate.SQL - 
    select
        x1_0.maxe,
        x1_0.bienso,
        x1_0.hangxe,
        x1_0.loaixe,
        x1_0.namsanxuat,
        x1_0.trangthai 
    from
        xe x1_0 
    where
        x1_0.maxe=?
2026-07-22 00:17:57 [http-nio-8081-exec-4] TRACE org.hibernate.orm.jdbc.bind - binding parameter (1:INTEGER) <- [1]
2026-07-22 00:17:58 [http-nio-8081-exec-6] DEBUG org.hibernate.SQL - 
    select
        x1_0.maxe,
        x1_0.bienso,
        x1_0.hangxe,
        x1_0.loaixe,
        x1_0.namsanxuat,
        x1_0.trangthai 
    from
        xe x1_0
2026-07-22 00:18:00 [http-nio-8081-exec-5] DEBUG org.hibernate.SQL - 
    select
        ct1_0.macathi,
        ct1_0.gio_bat_dau,
        ct1_0.gio_ket_thuc,
        ct1_0.ten_ca 
    from
        ca_thi ct1_0
2026-07-22 00:18:00 [http-nio-8081-exec-10] DEBUG org.hibernate.SQL - 
    select
        kh1_0.makh,
        kh1_0.macth,
        kh1_0.ngaybatdau,
        kh1_0.ngayketthuc,
        kh1_0.tenkhoahoc,
        kh1_0.trangthai 
    from
        khoa_hoc kh1_0
2026-07-22 00:18:00 [http-nio-8081-exec-10] DEBUG org.hibernate.SQL - 
    select
        cth1_0.macth,
        cth1_0.hangbang,
        cth1_0.hocphi,
        cth1_0.sobuoilythuyet,
        cth1_0.sobuoithuchanh,
        cth1_0.tenchuongtrinh 
    from
        chuong_trinh_hoc cth1_0 
    where
        cth1_0.macth=?
2026-07-22 00:18:00 [http-nio-8081-exec-10] TRACE org.hibernate.orm.jdbc.bind - binding parameter (1:INTEGER) <- [1]
2026-07-22 00:18:00 [http-nio-8081-exec-10] DEBUG org.hibernate.SQL - 
    select
        cth1_0.macth,
        cth1_0.hangbang,
        cth1_0.hocphi,
        cth1_0.sobuoilythuyet,
        cth1_0.sobuoithuchanh,
        cth1_0.tenchuongtrinh 
    from
        chuong_trinh_hoc cth1_0 
    where
        cth1_0.macth=?
2026-07-22 00:18:00 [http-nio-8081-exec-10] TRACE org.hibernate.orm.jdbc.bind - binding parameter (1:INTEGER) <- [2]
2026-07-22 00:18:00 [http-nio-8081-exec-8] DEBUG org.hibernate.SQL - 
    select
        pt1_0.maphongthi,
        pt1_0.diadiem,
        pt1_0.succhua,
        pt1_0.tenphong,
        pt1_0.trangthai 
    from
        phong_thi pt1_0
2026-07-22 00:18:00 [http-nio-8081-exec-9] DEBUG org.hibernate.SQL - 
    select
        ct1_0.macathi,
        ct1_0.gio_bat_dau,
        ct1_0.gio_ket_thuc,
        ct1_0.ten_ca 
    from
        ca_thi ct1_0
2026-07-22 00:18:00 [http-nio-8081-exec-7] DEBUG org.hibernate.SQL - 
    select
        lt1_0.malichthi,
        lt1_0.macathi,
        lt1_0.ghichu,
        lt1_0.ngaythi,
        lt1_0.maphongthi 
    from
        lich_thi lt1_0
2026-07-22 00:18:00 [http-nio-8081-exec-7] DEBUG org.hibernate.SQL - 
    select
        ct1_0.macathi,
        ct1_0.gio_bat_dau,
        ct1_0.gio_ket_thuc,
        ct1_0.ten_ca 
    from
        ca_thi ct1_0 
    where
        ct1_0.macathi=?
2026-07-22 00:18:00 [http-nio-8081-exec-7] TRACE org.hibernate.orm.jdbc.bind - binding parameter (1:INTEGER) <- [1]
2026-07-22 00:18:00 [http-nio-8081-exec-7] DEBUG org.hibernate.SQL - 
    select
        pt1_0.maphongthi,
        pt1_0.diadiem,
        pt1_0.succhua,
        pt1_0.tenphong,
        pt1_0.trangthai 
    from
        phong_thi pt1_0 
    where
        pt1_0.maphongthi=?
2026-07-22 00:18:00 [http-nio-8081-exec-7] TRACE org.hibernate.orm.jdbc.bind - binding parameter (1:INTEGER) <- [1]
2026-07-22 00:18:00 [http-nio-8081-exec-7] DEBUG org.hibernate.SQL - 
    select
        pt1_0.maphongthi,
        pt1_0.diadiem,
        pt1_0.succhua,
        pt1_0.tenphong,
        pt1_0.trangthai 
    from
        phong_thi pt1_0 
    where
        pt1_0.maphongthi=?
2026-07-22 00:18:00 [http-nio-8081-exec-7] TRACE org.hibernate.orm.jdbc.bind - binding parameter (1:INTEGER) <- [2]
2026-07-22 00:18:02 [http-nio-8081-exec-1] DEBUG org.hibernate.SQL - 
    select
        tsh1_0.mathi,
        tsh1_0.ghichu,
        tsh1_0.mahv,
        tsh1_0.ketqua,
        tsh1_0.malichthi,
        tsh1_0.ngaythi 
    from
        thi_sat_hach tsh1_0
2026-07-22 00:18:02 [http-nio-8081-exec-1] DEBUG org.hibernate.SQL - 
    select
        hv1_0.mahv,
        hv1_0.cccd,
        hv1_0.diachi,
        hv1_0.email,
        hv1_0.gioitinh,
        hv1_0.hoten,
        hv1_0.ngaydangky,
        hv1_0.ngaysinh,
        hv1_0.sodienthoai 
    from
        hoc_vien hv1_0 
    where
        hv1_0.mahv=?
2026-07-22 00:18:02 [http-nio-8081-exec-1] TRACE org.hibernate.orm.jdbc.bind - binding parameter (1:INTEGER) <- [1]
2026-07-22 00:18:03 [http-nio-8081-exec-2] DEBUG org.hibernate.SQL - 
    select
        tk1_0.id,
        tk1_0.anh,
        tk1_0.cccd,
        tk1_0.email,
        tk1_0.ho_ten,
        tk1_0.khoa_den,
        tk1_0.lan_dang_nhap_cuoi,
        tk1_0.mat_khau,
        tk1_0.ngay_cap_nhat,
        tk1_0.ngay_tao,
        tk1_0.nguoi_tao_id,
        tk1_0.so_dien_thoai,
        tk1_0.so_lan_dang_nhap_sai,
        tk1_0.ten_dang_nhap,
        tk1_0.trang_thai,
        tk1_0.vai_tro_id 
    from
        tai_khoan tk1_0 
    where
        tk1_0.ten_dang_nhap=?
2026-07-22 00:18:03 [http-nio-8081-exec-2] TRACE org.hibernate.orm.jdbc.bind - binding parameter (1:VARCHAR) <- [giaovien1]
2026-07-22 00:18:03 [http-nio-8081-exec-2] DEBUG org.hibernate.SQL - 
    select
        vt1_0.id,
        vt1_0.ma_vai_tro,
        vt1_0.mo_ta,
        vt1_0.ngay_cap_nhat,
        vt1_0.ngay_tao,
        vt1_0.ten_vai_tro,
        vt1_0.trang_thai 
    from
        vai_tro vt1_0 
    where
        vt1_0.id=?
2026-07-22 00:18:03 [http-nio-8081-exec-2] TRACE org.hibernate.orm.jdbc.bind - binding parameter (1:INTEGER) <- [3]
2026-07-22 00:18:03 [http-nio-8081-exec-3] DEBUG org.hibernate.SQL - 
    select
        tk1_0.id,
        tk1_0.anh,
        tk1_0.cccd,
        tk1_0.email,
        tk1_0.ho_ten,
        tk1_0.khoa_den,
        tk1_0.lan_dang_nhap_cuoi,
        tk1_0.mat_khau,
        tk1_0.ngay_cap_nhat,
        tk1_0.ngay_tao,
        tk1_0.nguoi_tao_id,
        tk1_0.so_dien_thoai,
        tk1_0.so_lan_dang_nhap_sai,
        tk1_0.ten_dang_nhap,
        tk1_0.trang_thai,
        tk1_0.vai_tro_id 
    from
        tai_khoan tk1_0 
    where
        tk1_0.ten_dang_nhap=?
2026-07-22 00:18:03 [http-nio-8081-exec-3] TRACE org.hibernate.orm.jdbc.bind - binding parameter (1:VARCHAR) <- [giaovien1]
2026-07-22 00:18:03 [http-nio-8081-exec-3] DEBUG org.hibernate.SQL - 
    select
        vt1_0.id,
        vt1_0.ma_vai_tro,
        vt1_0.mo_ta,
        vt1_0.ngay_cap_nhat,
        vt1_0.ngay_tao,
        vt1_0.ten_vai_tro,
        vt1_0.trang_thai 
    from
        vai_tro vt1_0 
    where
        vt1_0.id=?
2026-07-22 00:18:03 [http-nio-8081-exec-3] TRACE org.hibernate.orm.jdbc.bind - binding parameter (1:INTEGER) <- [3]
2026-07-22 00:18:03 [http-nio-8081-exec-3] DEBUG org.hibernate.SQL - 
    select
        acd1_0.id,
        acd1_0.ghichu,
        acd1_0.matk,
        acd1_0.ngaytao,
        acd1_0.trangthai,
        acd1_0.url 
    from
        anh_cho_duyet acd1_0 
    where
        acd1_0.matk=?
2026-07-22 00:18:03 [http-nio-8081-exec-3] TRACE org.hibernate.orm.jdbc.bind - binding parameter (1:INTEGER) <- [5]
2026-07-22 00:18:03 [http-nio-8081-exec-4] DEBUG org.hibernate.SQL - 
    select
        tsh1_0.mathi,
        tsh1_0.ghichu,
        tsh1_0.mahv,
        tsh1_0.ketqua,
        tsh1_0.malichthi,
        tsh1_0.ngaythi 
    from
        thi_sat_hach tsh1_0
2026-07-22 00:18:03 [http-nio-8081-exec-4] DEBUG org.hibernate.SQL - 
    select
        hv1_0.mahv,
        hv1_0.cccd,
        hv1_0.diachi,
        hv1_0.email,
        hv1_0.gioitinh,
        hv1_0.hoten,
        hv1_0.ngaydangky,
        hv1_0.ngaysinh,
        hv1_0.sodienthoai 
    from
        hoc_vien hv1_0 
    where
        hv1_0.mahv=?
2026-07-22 00:18:03 [http-nio-8081-exec-4] TRACE org.hibernate.orm.jdbc.bind - binding parameter (1:INTEGER) <- [1]
2026-07-22 00:18:11 [http-nio-8081-exec-6] DEBUG org.hibernate.SQL - 
    select
        tk1_0.id,
        tk1_0.anh,
        tk1_0.cccd,
        tk1_0.email,
        tk1_0.ho_ten,
        tk1_0.khoa_den,
        tk1_0.lan_dang_nhap_cuoi,
        tk1_0.mat_khau,
        tk1_0.ngay_cap_nhat,
        tk1_0.ngay_tao,
        tk1_0.nguoi_tao_id,
        tk1_0.so_dien_thoai,
        tk1_0.so_lan_dang_nhap_sai,
        tk1_0.ten_dang_nhap,
        tk1_0.trang_thai,
        tk1_0.vai_tro_id 
    from
        tai_khoan tk1_0 
    where
        tk1_0.ten_dang_nhap=?
2026-07-22 00:18:11 [http-nio-8081-exec-6] TRACE org.hibernate.orm.jdbc.bind - binding parameter (1:VARCHAR) <- [giaovien1]
2026-07-22 00:18:11 [http-nio-8081-exec-6] DEBUG org.hibernate.SQL - 
    select
        vt1_0.id,
        vt1_0.ma_vai_tro,
        vt1_0.mo_ta,
        vt1_0.ngay_cap_nhat,
        vt1_0.ngay_tao,
        vt1_0.ten_vai_tro,
        vt1_0.trang_thai 
    from
        vai_tro vt1_0 
    where
        vt1_0.id=?
2026-07-22 00:18:11 [http-nio-8081-exec-6] TRACE org.hibernate.orm.jdbc.bind - binding parameter (1:INTEGER) <- [3]
2026-07-22 00:18:11 [http-nio-8081-exec-5] DEBUG org.hibernate.SQL - 
    select
        tk1_0.id,
        tk1_0.anh,
        tk1_0.cccd,
        tk1_0.email,
        tk1_0.ho_ten,
        tk1_0.khoa_den,
        tk1_0.lan_dang_nhap_cuoi,
        tk1_0.mat_khau,
        tk1_0.ngay_cap_nhat,
        tk1_0.ngay_tao,
        tk1_0.nguoi_tao_id,
        tk1_0.so_dien_thoai,
        tk1_0.so_lan_dang_nhap_sai,
        tk1_0.ten_dang_nhap,
        tk1_0.trang_thai,
        tk1_0.vai_tro_id 
    from
        tai_khoan tk1_0 
    where
        tk1_0.ten_dang_nhap=?
2026-07-22 00:18:11 [http-nio-8081-exec-5] TRACE org.hibernate.orm.jdbc.bind - binding parameter (1:VARCHAR) <- [giaovien1]
2026-07-22 00:18:11 [http-nio-8081-exec-5] DEBUG org.hibernate.SQL - 
    select
        vt1_0.id,
        vt1_0.ma_vai_tro,
        vt1_0.mo_ta,
        vt1_0.ngay_cap_nhat,
        vt1_0.ngay_tao,
        vt1_0.ten_vai_tro,
        vt1_0.trang_thai 
    from
        vai_tro vt1_0 
    where
        vt1_0.id=?
2026-07-22 00:18:11 [http-nio-8081-exec-5] TRACE org.hibernate.orm.jdbc.bind - binding parameter (1:INTEGER) <- [3]
2026-07-22 00:18:11 [http-nio-8081-exec-5] DEBUG org.hibernate.SQL - 
    select
        acd1_0.id,
        acd1_0.ghichu,
        acd1_0.matk,
        acd1_0.ngaytao,
        acd1_0.trangthai,
        acd1_0.url 
    from
        anh_cho_duyet acd1_0 
    where
        acd1_0.matk=?
2026-07-22 00:18:11 [http-nio-8081-exec-5] TRACE org.hibernate.orm.jdbc.bind - binding parameter (1:INTEGER) <- [5]
2026-07-22 00:18:12 [MessageBroker-1] INFO  o.s.w.s.c.WebSocketMessageBrokerStats - WebSocketSession[0 current WS(0)-HttpStream(0)-HttpPoll(0), 0 total, 0 closed abnormally (0 connect failure, 0 send limit, 0 transport error)], stompSubProtocol[processed CONNECT(0)-CONNECTED(0)-DISCONNECT(0)], stompBrokerRelay[null], inboundChannel[pool size = 0, active threads = 0, queued tasks = 0, completed tasks = 0], outboundChannel[pool size = 0, active threads = 0, queued tasks = 0, completed tasks = 0], sockJsScheduler[pool size = 1, active threads = 1, queued tasks = 0, completed tasks = 0]
2026-07-22 00:18:15 [http-nio-8081-exec-10] DEBUG org.hibernate.SQL - 
    select
        tk1_0.id,
        tk1_0.anh,
        tk1_0.cccd,
        tk1_0.email,
        tk1_0.ho_ten,
        tk1_0.khoa_den,
        tk1_0.lan_dang_nhap_cuoi,
        tk1_0.mat_khau,
        tk1_0.ngay_cap_nhat,
        tk1_0.ngay_tao,
        tk1_0.nguoi_tao_id,
        tk1_0.so_dien_thoai,
        tk1_0.so_lan_dang_nhap_sai,
        tk1_0.ten_dang_nhap,
        tk1_0.trang_thai,
        tk1_0.vai_tro_id 
    from
        tai_khoan tk1_0 
    where
        tk1_0.ten_dang_nhap=?
2026-07-22 00:18:15 [http-nio-8081-exec-10] TRACE org.hibernate.orm.jdbc.bind - binding parameter (1:VARCHAR) <- [giaovien1]
2026-07-22 00:18:15 [http-nio-8081-exec-10] DEBUG org.hibernate.SQL - 
    select
        vt1_0.id,
        vt1_0.ma_vai_tro,
        vt1_0.mo_ta,
        vt1_0.ngay_cap_nhat,
        vt1_0.ngay_tao,
        vt1_0.ten_vai_tro,
        vt1_0.trang_thai 
    from
        vai_tro vt1_0 
    where
        vt1_0.id=?
2026-07-22 00:18:15 [http-nio-8081-exec-10] TRACE org.hibernate.orm.jdbc.bind - binding parameter (1:INTEGER) <- [3]
2026-07-22 00:18:15 [http-nio-8081-exec-10] DEBUG org.hibernate.SQL - 
    select
        gv1_0.magv,
        gv1_0.cccd,
        gv1_0.diachi,
        gv1_0.email,
        gv1_0.gioitinh,
        gv1_0.hangday,
        gv1_0.hoten,
        gv1_0.ngaysinh,
        gv1_0.sodienthoai 
    from
        giao_vien gv1_0
2026-07-22 00:18:15 [http-nio-8081-exec-8] DEBUG org.hibernate.SQL - 
    select
        tk1_0.id,
        tk1_0.anh,
        tk1_0.cccd,
        tk1_0.email,
        tk1_0.ho_ten,
        tk1_0.khoa_den,
        tk1_0.lan_dang_nhap_cuoi,
        tk1_0.mat_khau,
        tk1_0.ngay_cap_nhat,
        tk1_0.ngay_tao,
        tk1_0.nguoi_tao_id,
        tk1_0.so_dien_thoai,
        tk1_0.so_lan_dang_nhap_sai,
        tk1_0.ten_dang_nhap,
        tk1_0.trang_thai,
        tk1_0.vai_tro_id 
    from
        tai_khoan tk1_0 
    where
        tk1_0.ten_dang_nhap=?
2026-07-22 00:18:15 [http-nio-8081-exec-8] TRACE org.hibernate.orm.jdbc.bind - binding parameter (1:VARCHAR) <- [giaovien1]
2026-07-22 00:18:15 [http-nio-8081-exec-8] DEBUG org.hibernate.SQL - 
    select
        vt1_0.id,
        vt1_0.ma_vai_tro,
        vt1_0.mo_ta,
        vt1_0.ngay_cap_nhat,
        vt1_0.ngay_tao,
        vt1_0.ten_vai_tro,
        vt1_0.trang_thai 
    from
        vai_tro vt1_0 
    where
        vt1_0.id=?
2026-07-22 00:18:15 [http-nio-8081-exec-8] TRACE org.hibernate.orm.jdbc.bind - binding parameter (1:INTEGER) <- [3]
2026-07-22 00:18:15 [http-nio-8081-exec-8] DEBUG org.hibernate.SQL - 
    select
        gv1_0.magv,
        gv1_0.cccd,
        gv1_0.diachi,
        gv1_0.email,
        gv1_0.gioitinh,
        gv1_0.hangday,
        gv1_0.hoten,
        gv1_0.ngaysinh,
        gv1_0.sodienthoai 
    from
        giao_vien gv1_0
2026-07-22 00:18:18 [http-nio-8081-exec-9] DEBUG org.hibernate.SQL - 
    select
        gv1_0.magv,
        gv1_0.cccd,
        gv1_0.diachi,
        gv1_0.email,
        gv1_0.gioitinh,
        gv1_0.hangday,
        gv1_0.hoten,
        gv1_0.ngaysinh,
        gv1_0.sodienthoai 
    from
        giao_vien gv1_0
2026-07-22 00:18:19 [http-nio-8081-exec-7] DEBUG org.hibernate.SQL - 
    select
        tk1_0.id,
        tk1_0.anh,
        tk1_0.cccd,
        tk1_0.email,
        tk1_0.ho_ten,
        tk1_0.khoa_den,
        tk1_0.lan_dang_nhap_cuoi,
        tk1_0.mat_khau,
        tk1_0.ngay_cap_nhat,
        tk1_0.ngay_tao,
        tk1_0.nguoi_tao_id,
        tk1_0.so_dien_thoai,
        tk1_0.so_lan_dang_nhap_sai,
        tk1_0.ten_dang_nhap,
        tk1_0.trang_thai,
        tk1_0.vai_tro_id 
    from
        tai_khoan tk1_0 
    where
        tk1_0.ten_dang_nhap=?
2026-07-22 00:18:19 [http-nio-8081-exec-1] DEBUG org.hibernate.SQL - 
    select
        tk1_0.id,
        tk1_0.anh,
        tk1_0.cccd,
        tk1_0.email,
        tk1_0.ho_ten,
        tk1_0.khoa_den,
        tk1_0.lan_dang_nhap_cuoi,
        tk1_0.mat_khau,
        tk1_0.ngay_cap_nhat,
        tk1_0.ngay_tao,
        tk1_0.nguoi_tao_id,
        tk1_0.so_dien_thoai,
        tk1_0.so_lan_dang_nhap_sai,
        tk1_0.ten_dang_nhap,
        tk1_0.trang_thai,
        tk1_0.vai_tro_id 
    from
        tai_khoan tk1_0 
    where
        tk1_0.ten_dang_nhap=?
2026-07-22 00:18:19 [http-nio-8081-exec-7] TRACE org.hibernate.orm.jdbc.bind - binding parameter (1:VARCHAR) <- [giaovien1]
2026-07-22 00:18:19 [http-nio-8081-exec-1] TRACE org.hibernate.orm.jdbc.bind - binding parameter (1:VARCHAR) <- [giaovien1]
2026-07-22 00:18:19 [http-nio-8081-exec-7] DEBUG org.hibernate.SQL - 
    select
        vt1_0.id,
        vt1_0.ma_vai_tro,
        vt1_0.mo_ta,
        vt1_0.ngay_cap_nhat,
        vt1_0.ngay_tao,
        vt1_0.ten_vai_tro,
        vt1_0.trang_thai 
    from
        vai_tro vt1_0 
    where
        vt1_0.id=?
2026-07-22 00:18:19 [http-nio-8081-exec-1] DEBUG org.hibernate.SQL - 
    select
        vt1_0.id,
        vt1_0.ma_vai_tro,
        vt1_0.mo_ta,
        vt1_0.ngay_cap_nhat,
        vt1_0.ngay_tao,
        vt1_0.ten_vai_tro,
        vt1_0.trang_thai 
    from
        vai_tro vt1_0 
    where
        vt1_0.id=?
2026-07-22 00:18:19 [http-nio-8081-exec-1] TRACE org.hibernate.orm.jdbc.bind - binding parameter (1:INTEGER) <- [3]
2026-07-22 00:18:19 [http-nio-8081-exec-7] TRACE org.hibernate.orm.jdbc.bind - binding parameter (1:INTEGER) <- [3]
2026-07-22 00:18:19 [http-nio-8081-exec-1] DEBUG org.hibernate.SQL - 
    select
        gv1_0.magv,
        gv1_0.cccd,
        gv1_0.diachi,
        gv1_0.email,
        gv1_0.gioitinh,
        gv1_0.hangday,
        gv1_0.hoten,
        gv1_0.ngaysinh,
        gv1_0.sodienthoai 
    from
        giao_vien gv1_0
2026-07-22 00:18:19 [http-nio-8081-exec-7] DEBUG org.hibernate.SQL - 
    select
        gv1_0.magv,
        gv1_0.cccd,
        gv1_0.diachi,
        gv1_0.email,
        gv1_0.gioitinh,
        gv1_0.hangday,
        gv1_0.hoten,
        gv1_0.ngaysinh,
        gv1_0.sodienthoai 
    from
        giao_vien gv1_0
2026-07-22 00:18:21 [http-nio-8081-exec-2] DEBUG org.hibernate.SQL - 
    select
        tk1_0.id,
        tk1_0.anh,
        tk1_0.cccd,
        tk1_0.email,
        tk1_0.ho_ten,
        tk1_0.khoa_den,
        tk1_0.lan_dang_nhap_cuoi,
        tk1_0.mat_khau,
        tk1_0.ngay_cap_nhat,
        tk1_0.ngay_tao,
        tk1_0.nguoi_tao_id,
        tk1_0.so_dien_thoai,
        tk1_0.so_lan_dang_nhap_sai,
        tk1_0.ten_dang_nhap,
        tk1_0.trang_thai,
        tk1_0.vai_tro_id 
    from
        tai_khoan tk1_0 
    where
        tk1_0.ten_dang_nhap=?
2026-07-22 00:18:21 [http-nio-8081-exec-2] TRACE org.hibernate.orm.jdbc.bind - binding parameter (1:VARCHAR) <- [giaovien1]
2026-07-22 00:18:21 [http-nio-8081-exec-2] DEBUG org.hibernate.SQL - 
    select
        vt1_0.id,
        vt1_0.ma_vai_tro,
        vt1_0.mo_ta,
        vt1_0.ngay_cap_nhat,
        vt1_0.ngay_tao,
        vt1_0.ten_vai_tro,
        vt1_0.trang_thai 
    from
        vai_tro vt1_0 
    where
        vt1_0.id=?
2026-07-22 00:18:21 [http-nio-8081-exec-2] TRACE org.hibernate.orm.jdbc.bind - binding parameter (1:INTEGER) <- [3]
2026-07-22 00:18:21 [http-nio-8081-exec-2] DEBUG org.hibernate.SQL - 
    select
        gv1_0.magv,
        gv1_0.cccd,
        gv1_0.diachi,
        gv1_0.email,
        gv1_0.gioitinh,
        gv1_0.hangday,
        gv1_0.hoten,
        gv1_0.ngaysinh,
        gv1_0.sodienthoai 
    from
        giao_vien gv1_0
2026-07-22 00:18:21 [http-nio-8081-exec-3] DEBUG org.hibernate.SQL - 
    select
        tk1_0.id,
        tk1_0.anh,
        tk1_0.cccd,
        tk1_0.email,
        tk1_0.ho_ten,
        tk1_0.khoa_den,
        tk1_0.lan_dang_nhap_cuoi,
        tk1_0.mat_khau,
        tk1_0.ngay_cap_nhat,
        tk1_0.ngay_tao,
        tk1_0.nguoi_tao_id,
        tk1_0.so_dien_thoai,
        tk1_0.so_lan_dang_nhap_sai,
        tk1_0.ten_dang_nhap,
        tk1_0.trang_thai,
        tk1_0.vai_tro_id 
    from
        tai_khoan tk1_0 
    where
        tk1_0.ten_dang_nhap=?
2026-07-22 00:18:21 [http-nio-8081-exec-3] TRACE org.hibernate.orm.jdbc.bind - binding parameter (1:VARCHAR) <- [giaovien1]
2026-07-22 00:18:21 [http-nio-8081-exec-3] DEBUG org.hibernate.SQL - 
    select
        vt1_0.id,
        vt1_0.ma_vai_tro,
        vt1_0.mo_ta,
        vt1_0.ngay_cap_nhat,
        vt1_0.ngay_tao,
        vt1_0.ten_vai_tro,
        vt1_0.trang_thai 
    from
        vai_tro vt1_0 
    where
        vt1_0.id=?
2026-07-22 00:18:21 [http-nio-8081-exec-3] TRACE org.hibernate.orm.jdbc.bind - binding parameter (1:INTEGER) <- [3]
2026-07-22 00:18:21 [http-nio-8081-exec-3] DEBUG org.hibernate.SQL - 
    select
        gv1_0.magv,
        gv1_0.cccd,
        gv1_0.diachi,
        gv1_0.email,
        gv1_0.gioitinh,
        gv1_0.hangday,
        gv1_0.hoten,
        gv1_0.ngaysinh,
        gv1_0.sodienthoai 
    from
        giao_vien gv1_0
2026-07-22 00:18:24 [http-nio-8081-exec-6] DEBUG org.hibernate.SQL - 
    select
        tk1_0.id,
        tk1_0.anh,
        tk1_0.cccd,
        tk1_0.email,
        tk1_0.ho_ten,
        tk1_0.khoa_den,
        tk1_0.lan_dang_nhap_cuoi,
        tk1_0.mat_khau,
        tk1_0.ngay_cap_nhat,
        tk1_0.ngay_tao,
        tk1_0.nguoi_tao_id,
        tk1_0.so_dien_thoai,
        tk1_0.so_lan_dang_nhap_sai,
        tk1_0.ten_dang_nhap,
        tk1_0.trang_thai,
        tk1_0.vai_tro_id 
    from
        tai_khoan tk1_0 
    where
        tk1_0.ten_dang_nhap=?
2026-07-22 00:18:24 [http-nio-8081-exec-4] DEBUG org.hibernate.SQL - 
    select
        tk1_0.id,
        tk1_0.anh,
        tk1_0.cccd,
        tk1_0.email,
        tk1_0.ho_ten,
        tk1_0.khoa_den,
        tk1_0.lan_dang_nhap_cuoi,
        tk1_0.mat_khau,
        tk1_0.ngay_cap_nhat,
        tk1_0.ngay_tao,
        tk1_0.nguoi_tao_id,
        tk1_0.so_dien_thoai,
        tk1_0.so_lan_dang_nhap_sai,
        tk1_0.ten_dang_nhap,
        tk1_0.trang_thai,
        tk1_0.vai_tro_id 
    from
        tai_khoan tk1_0 
    where
        tk1_0.ten_dang_nhap=?
2026-07-22 00:18:24 [http-nio-8081-exec-6] TRACE org.hibernate.orm.jdbc.bind - binding parameter (1:VARCHAR) <- [giaovien1]
2026-07-22 00:18:24 [http-nio-8081-exec-4] TRACE org.hibernate.orm.jdbc.bind - binding parameter (1:VARCHAR) <- [giaovien1]
2026-07-22 00:18:24 [http-nio-8081-exec-6] DEBUG org.hibernate.SQL - 
    select
        vt1_0.id,
        vt1_0.ma_vai_tro,
        vt1_0.mo_ta,
        vt1_0.ngay_cap_nhat,
        vt1_0.ngay_tao,
        vt1_0.ten_vai_tro,
        vt1_0.trang_thai 
    from
        vai_tro vt1_0 
    where
        vt1_0.id=?
2026-07-22 00:18:24 [http-nio-8081-exec-4] DEBUG org.hibernate.SQL - 
    select
        vt1_0.id,
        vt1_0.ma_vai_tro,
        vt1_0.mo_ta,
        vt1_0.ngay_cap_nhat,
        vt1_0.ngay_tao,
        vt1_0.ten_vai_tro,
        vt1_0.trang_thai 
    from
        vai_tro vt1_0 
    where
        vt1_0.id=?
2026-07-22 00:18:24 [http-nio-8081-exec-6] TRACE org.hibernate.orm.jdbc.bind - binding parameter (1:INTEGER) <- [3]
2026-07-22 00:18:24 [http-nio-8081-exec-4] TRACE org.hibernate.orm.jdbc.bind - binding parameter (1:INTEGER) <- [3]
2026-07-22 00:18:24 [http-nio-8081-exec-6] DEBUG org.hibernate.SQL - 
    select
        gv1_0.magv,
        gv1_0.cccd,
        gv1_0.diachi,
        gv1_0.email,
        gv1_0.gioitinh,
        gv1_0.hangday,
        gv1_0.hoten,
        gv1_0.ngaysinh,
        gv1_0.sodienthoai 
    from
        giao_vien gv1_0
2026-07-22 00:18:24 [http-nio-8081-exec-4] DEBUG org.hibernate.SQL - 
    select
        gv1_0.magv,
        gv1_0.cccd,
        gv1_0.diachi,
        gv1_0.email,
        gv1_0.gioitinh,
        gv1_0.hangday,
        gv1_0.hoten,
        gv1_0.ngaysinh,
        gv1_0.sodienthoai 
    from
        giao_vien gv1_0
2026-07-22 00:18:27 [http-nio-8081-exec-5] DEBUG org.hibernate.SQL - 
    select
        cth1_0.macth,
        cth1_0.hangbang,
        cth1_0.hocphi,
        cth1_0.sobuoilythuyet,
        cth1_0.sobuoithuchanh,
        cth1_0.tenchuongtrinh 
    from
        chuong_trinh_hoc cth1_0
2026-07-22 00:18:29 [http-nio-8081-exec-10] DEBUG org.hibernate.SQL - 
    select
        gv1_0.magv,
        gv1_0.cccd,
        gv1_0.diachi,
        gv1_0.email,
        gv1_0.gioitinh,
        gv1_0.hangday,
        gv1_0.hoten,
        gv1_0.ngaysinh,
        gv1_0.sodienthoai 
    from
        giao_vien gv1_0
2026-07-22 00:18:30 [http-nio-8081-exec-8] DEBUG org.hibernate.SQL - 
    select
        cth1_0.macth,
        cth1_0.hangbang,
        cth1_0.hocphi,
        cth1_0.sobuoilythuyet,
        cth1_0.sobuoithuchanh,
        cth1_0.tenchuongtrinh 
    from
        chuong_trinh_hoc cth1_0
2026-07-22 00:18:33 [http-nio-8081-exec-9] DEBUG org.hibernate.SQL - 
    select
        gv1_0.magv,
        gv1_0.cccd,
        gv1_0.diachi,
        gv1_0.email,
        gv1_0.gioitinh,
        gv1_0.hangday,
        gv1_0.hoten,
        gv1_0.ngaysinh,
        gv1_0.sodienthoai 
    from
        giao_vien gv1_0
2026-07-22 00:18:36 [http-nio-8081-exec-7] DEBUG org.hibernate.SQL - 
    select
        gv1_0.magv,
        gv1_0.cccd,
        gv1_0.diachi,
        gv1_0.email,
        gv1_0.gioitinh,
        gv1_0.hangday,
        gv1_0.hoten,
        gv1_0.ngaysinh,
        gv1_0.sodienthoai 
    from
        giao_vien gv1_0 
    where
        gv1_0.magv=?
2026-07-22 00:18:36 [http-nio-8081-exec-7] TRACE org.hibernate.orm.jdbc.bind - binding parameter (1:INTEGER) <- [1]
2026-07-22 00:18:36 [http-nio-8081-exec-7] DEBUG org.hibernate.SQL - 
    SELECT
        DISTINCT hv.* 
    FROM
        hoc_vien hv 
    JOIN
        dang_ky_khoa_hoc dk 
            ON hv.mahv = dk.mahv 
    JOIN
        khoa_hoc kh 
            ON dk.makh = kh.makh 
    JOIN
        lop_hoc lh 
            ON kh.makh = lh.makh 
    WHERE
        lh.magv = ?
2026-07-22 00:18:36 [http-nio-8081-exec-7] TRACE org.hibernate.orm.jdbc.bind - binding parameter (1:INTEGER) <- [1]
2026-07-22 00:18:36 [http-nio-8081-exec-7] DEBUG org.hibernate.SQL - 
    select
        distinct hv1_0.mahv,
        hv1_0.cccd,
        hv1_0.diachi,
        hv1_0.email,
        hv1_0.gioitinh,
        hv1_0.hoten,
        hv1_0.ngaydangky,
        hv1_0.ngaysinh,
        hv1_0.sodienthoai 
    from
        phan_cong pc1_0 
    join
        hoc_vien hv1_0 
            on hv1_0.mahv=pc1_0.mahv 
    where
        pc1_0.magv=?
2026-07-22 00:18:36 [http-nio-8081-exec-7] TRACE org.hibernate.orm.jdbc.bind - binding parameter (1:INTEGER) <- [1]
2026-07-22 00:18:56 [http-nio-8081-exec-2] DEBUG org.hibernate.SQL - 
    select
        lh1_0.malich,
        lh1_0.macahoc,
        lh1_0.ghichu,
        lh1_0.magv,
        lh1_0.malop,
        lh1_0.mamh,
        lh1_0.ngayhoc,
        lh1_0.maphong 
    from
        lich_hoc lh1_0
2026-07-22 00:18:56 [http-nio-8081-exec-1] DEBUG org.hibernate.SQL - 
    select
        lh1_0.malop,
        lh1_0.magv,
        lh1_0.makh,
        lh1_0.soluong,
        lh1_0.tenlop,
        lh1_0.trangthai 
    from
        lop_hoc lh1_0
2026-07-22 00:18:56 [http-nio-8081-exec-2] DEBUG org.hibernate.SQL - 
    select
        ch1_0.macahoc,
        ch1_0.giobatdau,
        ch1_0.gioketthuc,
        ch1_0.tencahoc 
    from
        ca_hoc ch1_0 
    where
        ch1_0.macahoc=?
2026-07-22 00:18:56 [http-nio-8081-exec-1] DEBUG org.hibernate.SQL - 
    select
        kh1_0.makh,
        cth1_0.macth,
        cth1_0.hangbang,
        cth1_0.hocphi,
        cth1_0.sobuoilythuyet,
        cth1_0.sobuoithuchanh,
        cth1_0.tenchuongtrinh,
        kh1_0.ngaybatdau,
        kh1_0.ngayketthuc,
        kh1_0.tenkhoahoc,
        kh1_0.trangthai 
    from
        khoa_hoc kh1_0 
    left join
        chuong_trinh_hoc cth1_0 
            on cth1_0.macth=kh1_0.macth 
    where
        kh1_0.makh=?
2026-07-22 00:18:56 [http-nio-8081-exec-2] TRACE org.hibernate.orm.jdbc.bind - binding parameter (1:INTEGER) <- [1]
2026-07-22 00:18:56 [http-nio-8081-exec-1] TRACE org.hibernate.orm.jdbc.bind - binding parameter (1:INTEGER) <- [1]
2026-07-22 00:18:56 [http-nio-8081-exec-1] DEBUG org.hibernate.SQL - 
    select
        kh1_0.makh,
        cth1_0.macth,
        cth1_0.hangbang,
        cth1_0.hocphi,
        cth1_0.sobuoilythuyet,
        cth1_0.sobuoithuchanh,
        cth1_0.tenchuongtrinh,
        kh1_0.ngaybatdau,
        kh1_0.ngayketthuc,
        kh1_0.tenkhoahoc,
        kh1_0.trangthai 
    from
        khoa_hoc kh1_0 
    left join
        chuong_trinh_hoc cth1_0 
            on cth1_0.macth=kh1_0.macth 
    where
        kh1_0.makh=?
2026-07-22 00:18:56 [http-nio-8081-exec-1] TRACE org.hibernate.orm.jdbc.bind - binding parameter (1:INTEGER) <- [2]
2026-07-22 00:18:58 [http-nio-8081-exec-4] DEBUG org.hibernate.SQL - 
    select
        lh1_0.malich,
        lh1_0.macahoc,
        lh1_0.ghichu,
        lh1_0.magv,
        lh1_0.malop,
        lh1_0.mamh,
        lh1_0.ngayhoc,
        lh1_0.maphong 
    from
        lich_hoc lh1_0
2026-07-22 00:18:58 [http-nio-8081-exec-3] DEBUG org.hibernate.SQL - 
    select
        lh1_0.malop,
        lh1_0.magv,
        lh1_0.makh,
        lh1_0.soluong,
        lh1_0.tenlop,
        lh1_0.trangthai 
    from
        lop_hoc lh1_0
2026-07-22 00:18:58 [http-nio-8081-exec-4] DEBUG org.hibernate.SQL - 
    select
        ch1_0.macahoc,
        ch1_0.giobatdau,
        ch1_0.gioketthuc,
        ch1_0.tencahoc 
    from
        ca_hoc ch1_0 
    where
        ch1_0.macahoc=?
2026-07-22 00:18:58 [http-nio-8081-exec-3] DEBUG org.hibernate.SQL - 
    select
        kh1_0.makh,
        cth1_0.macth,
        cth1_0.hangbang,
        cth1_0.hocphi,
        cth1_0.sobuoilythuyet,
        cth1_0.sobuoithuchanh,
        cth1_0.tenchuongtrinh,
        kh1_0.ngaybatdau,
        kh1_0.ngayketthuc,
        kh1_0.tenkhoahoc,
        kh1_0.trangthai 
    from
        khoa_hoc kh1_0 
    left join
        chuong_trinh_hoc cth1_0 
            on cth1_0.macth=kh1_0.macth 
    where
        kh1_0.makh=?
2026-07-22 00:18:58 [http-nio-8081-exec-4] TRACE org.hibernate.orm.jdbc.bind - binding parameter (1:INTEGER) <- [1]
2026-07-22 00:18:58 [http-nio-8081-exec-3] TRACE org.hibernate.orm.jdbc.bind - binding parameter (1:INTEGER) <- [1]
2026-07-22 00:18:58 [http-nio-8081-exec-3] DEBUG org.hibernate.SQL - 
    select
        kh1_0.makh,
        cth1_0.macth,
        cth1_0.hangbang,
        cth1_0.hocphi,
        cth1_0.sobuoilythuyet,
        cth1_0.sobuoithuchanh,
        cth1_0.tenchuongtrinh,
        kh1_0.ngaybatdau,
        kh1_0.ngayketthuc,
        kh1_0.tenkhoahoc,
        kh1_0.trangthai 
    from
        khoa_hoc kh1_0 
    left join
        chuong_trinh_hoc cth1_0 
            on cth1_0.macth=kh1_0.macth 
    where
        kh1_0.makh=?
2026-07-22 00:18:58 [http-nio-8081-exec-3] TRACE org.hibernate.orm.jdbc.bind - binding parameter (1:INTEGER) <- [2]
2026-07-22 00:19:02 [http-nio-8081-exec-6] DEBUG org.hibernate.SQL - 
    select
        x1_0.maxe,
        x1_0.bienso,
        x1_0.hangxe,
        x1_0.loaixe,
        x1_0.namsanxuat,
        x1_0.trangthai 
    from
        xe x1_0
2026-07-22 00:19:04 [http-nio-8081-exec-10] DEBUG org.hibernate.SQL - 
    select
        tk1_0.id,
        tk1_0.anh,
        tk1_0.cccd,
        tk1_0.email,
        tk1_0.ho_ten,
        tk1_0.khoa_den,
        tk1_0.lan_dang_nhap_cuoi,
        tk1_0.mat_khau,
        tk1_0.ngay_cap_nhat,
        tk1_0.ngay_tao,
        tk1_0.nguoi_tao_id,
        tk1_0.so_dien_thoai,
        tk1_0.so_lan_dang_nhap_sai,
        tk1_0.ten_dang_nhap,
        tk1_0.trang_thai,
        tk1_0.vai_tro_id 
    from
        tai_khoan tk1_0 
    where
        tk1_0.ten_dang_nhap=?
2026-07-22 00:19:04 [http-nio-8081-exec-5] DEBUG org.hibernate.SQL - 
    select
        tk1_0.id,
        tk1_0.anh,
        tk1_0.cccd,
        tk1_0.email,
        tk1_0.ho_ten,
        tk1_0.khoa_den,
        tk1_0.lan_dang_nhap_cuoi,
        tk1_0.mat_khau,
        tk1_0.ngay_cap_nhat,
        tk1_0.ngay_tao,
        tk1_0.nguoi_tao_id,
        tk1_0.so_dien_thoai,
        tk1_0.so_lan_dang_nhap_sai,
        tk1_0.ten_dang_nhap,
        tk1_0.trang_thai,
        tk1_0.vai_tro_id 
    from
        tai_khoan tk1_0 
    where
        tk1_0.ten_dang_nhap=?
2026-07-22 00:19:04 [http-nio-8081-exec-5] TRACE org.hibernate.orm.jdbc.bind - binding parameter (1:VARCHAR) <- [giaovien1]
2026-07-22 00:19:04 [http-nio-8081-exec-10] TRACE org.hibernate.orm.jdbc.bind - binding parameter (1:VARCHAR) <- [giaovien1]
2026-07-22 00:19:04 [http-nio-8081-exec-10] DEBUG org.hibernate.SQL - 
    select
        vt1_0.id,
        vt1_0.ma_vai_tro,
        vt1_0.mo_ta,
        vt1_0.ngay_cap_nhat,
        vt1_0.ngay_tao,
        vt1_0.ten_vai_tro,
        vt1_0.trang_thai 
    from
        vai_tro vt1_0 
    where
        vt1_0.id=?
2026-07-22 00:19:04 [http-nio-8081-exec-5] DEBUG org.hibernate.SQL - 
    select
        vt1_0.id,
        vt1_0.ma_vai_tro,
        vt1_0.mo_ta,
        vt1_0.ngay_cap_nhat,
        vt1_0.ngay_tao,
        vt1_0.ten_vai_tro,
        vt1_0.trang_thai 
    from
        vai_tro vt1_0 
    where
        vt1_0.id=?
2026-07-22 00:19:04 [http-nio-8081-exec-10] TRACE org.hibernate.orm.jdbc.bind - binding parameter (1:INTEGER) <- [3]
2026-07-22 00:19:04 [http-nio-8081-exec-5] TRACE org.hibernate.orm.jdbc.bind - binding parameter (1:INTEGER) <- [3]
2026-07-22 00:19:04 [http-nio-8081-exec-10] DEBUG org.hibernate.SQL - 
    select
        gv1_0.magv,
        gv1_0.cccd,
        gv1_0.diachi,
        gv1_0.email,
        gv1_0.gioitinh,
        gv1_0.hangday,
        gv1_0.hoten,
        gv1_0.ngaysinh,
        gv1_0.sodienthoai 
    from
        giao_vien gv1_0
2026-07-22 00:19:04 [http-nio-8081-exec-5] DEBUG org.hibernate.SQL - 
    select
        gv1_0.magv,
        gv1_0.cccd,
        gv1_0.diachi,
        gv1_0.email,
        gv1_0.gioitinh,
        gv1_0.hangday,
        gv1_0.hoten,
        gv1_0.ngaysinh,
        gv1_0.sodienthoai 
    from
        giao_vien gv1_0
2026-07-22 00:19:07 [http-nio-8081-exec-8] DEBUG org.hibernate.SQL - 
    select
        gv1_0.magv,
        gv1_0.cccd,
        gv1_0.diachi,
        gv1_0.email,
        gv1_0.gioitinh,
        gv1_0.hangday,
        gv1_0.hoten,
        gv1_0.ngaysinh,
        gv1_0.sodienthoai 
    from
        giao_vien gv1_0
2026-07-22 00:19:09 [http-nio-8081-exec-9] DEBUG org.hibernate.SQL - 
    select
        cth1_0.macth,
        cth1_0.hangbang,
        cth1_0.hocphi,
        cth1_0.sobuoilythuyet,
        cth1_0.sobuoithuchanh,
        cth1_0.tenchuongtrinh 
    from
        chuong_trinh_hoc cth1_0
2026-07-22 00:19:09 [http-nio-8081-exec-7] DEBUG org.hibernate.SQL - 
    select
        kh1_0.makh,
        kh1_0.macth,
        kh1_0.ngaybatdau,
        kh1_0.ngayketthuc,
        kh1_0.tenkhoahoc,
        kh1_0.trangthai 
    from
        khoa_hoc kh1_0
2026-07-22 00:19:09 [http-nio-8081-exec-7] DEBUG org.hibernate.SQL - 
    select
        cth1_0.macth,
        cth1_0.hangbang,
        cth1_0.hocphi,
        cth1_0.sobuoilythuyet,
        cth1_0.sobuoithuchanh,
        cth1_0.tenchuongtrinh 
    from
        chuong_trinh_hoc cth1_0 
    where
        cth1_0.macth=?
2026-07-22 00:19:09 [http-nio-8081-exec-7] TRACE org.hibernate.orm.jdbc.bind - binding parameter (1:INTEGER) <- [1]
2026-07-22 00:19:09 [http-nio-8081-exec-7] DEBUG org.hibernate.SQL - 
    select
        cth1_0.macth,
        cth1_0.hangbang,
        cth1_0.hocphi,
        cth1_0.sobuoilythuyet,
        cth1_0.sobuoithuchanh,
        cth1_0.tenchuongtrinh 
    from
        chuong_trinh_hoc cth1_0 
    where
        cth1_0.macth=?
2026-07-22 00:19:09 [http-nio-8081-exec-7] TRACE org.hibernate.orm.jdbc.bind - binding parameter (1:INTEGER) <- [2]
2026-07-22 00:19:09 [http-nio-8081-exec-2] DEBUG org.hibernate.SQL - 
    select
        gv1_0.magv,
        gv1_0.cccd,
        gv1_0.diachi,
        gv1_0.email,
        gv1_0.gioitinh,
        gv1_0.hangday,
        gv1_0.hoten,
        gv1_0.ngaysinh,
        gv1_0.sodienthoai 
    from
        giao_vien gv1_0
2026-07-22 00:19:09 [http-nio-8081-exec-1] DEBUG org.hibernate.SQL - 
    select
        lh1_0.malop,
        lh1_0.magv,
        lh1_0.makh,
        lh1_0.soluong,
        lh1_0.tenlop,
        lh1_0.trangthai 
    from
        lop_hoc lh1_0
2026-07-22 00:19:09 [http-nio-8081-exec-1] DEBUG org.hibernate.SQL - 
    select
        kh1_0.makh,
        cth1_0.macth,
        cth1_0.hangbang,
        cth1_0.hocphi,
        cth1_0.sobuoilythuyet,
        cth1_0.sobuoithuchanh,
        cth1_0.tenchuongtrinh,
        kh1_0.ngaybatdau,
        kh1_0.ngayketthuc,
        kh1_0.tenkhoahoc,
        kh1_0.trangthai 
    from
        khoa_hoc kh1_0 
    left join
        chuong_trinh_hoc cth1_0 
            on cth1_0.macth=kh1_0.macth 
    where
        kh1_0.makh=?
2026-07-22 00:19:09 [http-nio-8081-exec-1] TRACE org.hibernate.orm.jdbc.bind - binding parameter (1:INTEGER) <- [1]
2026-07-22 00:19:09 [http-nio-8081-exec-1] DEBUG org.hibernate.SQL - 
    select
        kh1_0.makh,
        cth1_0.macth,
        cth1_0.hangbang,
        cth1_0.hocphi,
        cth1_0.sobuoilythuyet,
        cth1_0.sobuoithuchanh,
        cth1_0.tenchuongtrinh,
        kh1_0.ngaybatdau,
        kh1_0.ngayketthuc,
        kh1_0.tenkhoahoc,
        kh1_0.trangthai 
    from
        khoa_hoc kh1_0 
    left join
        chuong_trinh_hoc cth1_0 
            on cth1_0.macth=kh1_0.macth 
    where
        kh1_0.makh=?
2026-07-22 00:19:09 [http-nio-8081-exec-1] TRACE org.hibernate.orm.jdbc.bind - binding parameter (1:INTEGER) <- [2]
2026-07-22 00:19:12 [http-nio-8081-exec-4] DEBUG org.hibernate.SQL - 
    select
        mh1_0.mamh,
        mh1_0.so_tiet,
        mh1_0.tenmonhoc 
    from
        mon_hoc mh1_0
2026-07-22 00:19:13 [http-nio-8081-exec-3] DEBUG org.hibernate.SQL - 
    select
        ph1_0.maphong,
        ph1_0.succhua,
        ph1_0.tenphong,
        ph1_0.trangthai 
    from
        phong_hoc ph1_0
2026-07-22 00:19:15 [http-nio-8081-exec-6] DEBUG org.hibernate.SQL - 
    select
        x1_0.maxe,
        x1_0.bienso,
        x1_0.hangxe,
        x1_0.loaixe,
        x1_0.namsanxuat,
        x1_0.trangthai 
    from
        xe x1_0
2026-07-22 00:19:16 [http-nio-8081-exec-10] DEBUG org.hibernate.SQL - 
    select
        x1_0.maxe,
        x1_0.bienso,
        x1_0.hangxe,
        x1_0.loaixe,
        x1_0.namsanxuat,
        x1_0.trangthai 
    from
        xe x1_0
2026-07-22 00:19:16 [http-nio-8081-exec-5] DEBUG org.hibernate.SQL - 
    select
        xtl1_0.maxetl,
        xtl1_0.ghichu,
        xtl1_0.handangkiem,
        xtl1_0.hangbang,
        xtl1_0.ngay_cap_nhat,
        xtl1_0.ngaydangkiem,
        xtl1_0.ngay_tao,
        xtl1_0.maxe 
    from
        xe_tap_lai xtl1_0
2026-07-22 00:19:16 [http-nio-8081-exec-5] DEBUG org.hibernate.SQL - 
    select
        x1_0.maxe,
        x1_0.bienso,
        x1_0.hangxe,
        x1_0.loaixe,
        x1_0.namsanxuat,
        x1_0.trangthai 
    from
        xe x1_0 
    where
        x1_0.maxe=?
2026-07-22 00:19:16 [http-nio-8081-exec-5] TRACE org.hibernate.orm.jdbc.bind - binding parameter (1:INTEGER) <- [1]
2026-07-22 00:19:16 [http-nio-8081-exec-8] DEBUG org.hibernate.SQL - 
    select
        hv1_0.mahv,
        hv1_0.cccd,
        hv1_0.diachi,
        hv1_0.email,
        hv1_0.gioitinh,
        hv1_0.hoten,
        hv1_0.ngaydangky,
        hv1_0.ngaysinh,
        hv1_0.sodienthoai 
    from
        hoc_vien hv1_0
2026-07-22 00:19:16 [http-nio-8081-exec-9] DEBUG org.hibernate.SQL - 
    select
        gv1_0.magv,
        gv1_0.cccd,
        gv1_0.diachi,
        gv1_0.email,
        gv1_0.gioitinh,
        gv1_0.hangday,
        gv1_0.hoten,
        gv1_0.ngaysinh,
        gv1_0.sodienthoai 
    from
        giao_vien gv1_0
2026-07-22 00:19:16 [http-nio-8081-exec-7] DEBUG org.hibernate.SQL - 
    select
        xtl1_0.maxetl,
        xtl1_0.ghichu,
        xtl1_0.handangkiem,
        xtl1_0.hangbang,
        xtl1_0.ngay_cap_nhat,
        xtl1_0.ngaydangkiem,
        xtl1_0.ngay_tao,
        xtl1_0.maxe 
    from
        xe_tap_lai xtl1_0
2026-07-22 00:19:16 [http-nio-8081-exec-7] DEBUG org.hibernate.SQL - 
    select
        x1_0.maxe,
        x1_0.bienso,
        x1_0.hangxe,
        x1_0.loaixe,
        x1_0.namsanxuat,
        x1_0.trangthai 
    from
        xe x1_0 
    where
        x1_0.maxe=?
2026-07-22 00:19:16 [http-nio-8081-exec-7] TRACE org.hibernate.orm.jdbc.bind - binding parameter (1:INTEGER) <- [1]
2026-07-22 00:19:16 [http-nio-8081-exec-2] DEBUG org.hibernate.SQL - 
    select
        pc1_0.id,
        pc1_0.ghichu,
        pc1_0.magv,
        pc1_0.mahv,
        pc1_0.ngay_phan_cong,
        pc1_0.maxetl 
    from
        phan_cong pc1_0
2026-07-22 00:19:16 [http-nio-8081-exec-2] DEBUG org.hibernate.SQL - 
    select
        hv1_0.mahv,
        hv1_0.cccd,
        hv1_0.diachi,
        hv1_0.email,
        hv1_0.gioitinh,
        hv1_0.hoten,
        hv1_0.ngaydangky,
        hv1_0.ngaysinh,
        hv1_0.sodienthoai 
    from
        hoc_vien hv1_0 
    where
        hv1_0.mahv=?
2026-07-22 00:19:16 [http-nio-8081-exec-2] TRACE org.hibernate.orm.jdbc.bind - binding parameter (1:INTEGER) <- [1]
2026-07-22 00:19:16 [http-nio-8081-exec-2] DEBUG org.hibernate.SQL - 
    select
        xtl1_0.maxetl,
        xtl1_0.ghichu,
        xtl1_0.handangkiem,
        xtl1_0.hangbang,
        xtl1_0.ngay_cap_nhat,
        xtl1_0.ngaydangkiem,
        xtl1_0.ngay_tao,
        x1_0.maxe,
        x1_0.bienso,
        x1_0.hangxe,
        x1_0.loaixe,
        x1_0.namsanxuat,
        x1_0.trangthai 
    from
        xe_tap_lai xtl1_0 
    left join
        xe x1_0 
            on x1_0.maxe=xtl1_0.maxe 
    where
        xtl1_0.maxetl=?
2026-07-22 00:19:16 [http-nio-8081-exec-2] TRACE org.hibernate.orm.jdbc.bind - binding parameter (1:INTEGER) <- [1]
2026-07-22 00:19:16 [http-nio-8081-exec-2] DEBUG org.hibernate.SQL - 
    select
        hv1_0.mahv,
        hv1_0.cccd,
        hv1_0.diachi,
        hv1_0.email,
        hv1_0.gioitinh,
        hv1_0.hoten,
        hv1_0.ngaydangky,
        hv1_0.ngaysinh,
        hv1_0.sodienthoai 
    from
        hoc_vien hv1_0 
    where
        hv1_0.mahv=?
2026-07-22 00:19:16 [http-nio-8081-exec-2] TRACE org.hibernate.orm.jdbc.bind - binding parameter (1:INTEGER) <- [3]
2026-07-22 00:19:17 [http-nio-8081-exec-1] DEBUG org.hibernate.SQL - 
    select
        lh1_0.malop,
        lh1_0.magv,
        lh1_0.makh,
        lh1_0.soluong,
        lh1_0.tenlop,
        lh1_0.trangthai 
    from
        lop_hoc lh1_0
2026-07-22 00:19:17 [http-nio-8081-exec-1] DEBUG org.hibernate.SQL - 
    select
        kh1_0.makh,
        cth1_0.macth,
        cth1_0.hangbang,
        cth1_0.hocphi,
        cth1_0.sobuoilythuyet,
        cth1_0.sobuoithuchanh,
        cth1_0.tenchuongtrinh,
        kh1_0.ngaybatdau,
        kh1_0.ngayketthuc,
        kh1_0.tenkhoahoc,
        kh1_0.trangthai 
    from
        khoa_hoc kh1_0 
    left join
        chuong_trinh_hoc cth1_0 
            on cth1_0.macth=kh1_0.macth 
    where
        kh1_0.makh=?
2026-07-22 00:19:17 [http-nio-8081-exec-1] TRACE org.hibernate.orm.jdbc.bind - binding parameter (1:INTEGER) <- [1]
2026-07-22 00:19:17 [http-nio-8081-exec-1] DEBUG org.hibernate.SQL - 
    select
        kh1_0.makh,
        cth1_0.macth,
        cth1_0.hangbang,
        cth1_0.hocphi,
        cth1_0.sobuoilythuyet,
        cth1_0.sobuoithuchanh,
        cth1_0.tenchuongtrinh,
        kh1_0.ngaybatdau,
        kh1_0.ngayketthuc,
        kh1_0.tenkhoahoc,
        kh1_0.trangthai 
    from
        khoa_hoc kh1_0 
    left join
        chuong_trinh_hoc cth1_0 
            on cth1_0.macth=kh1_0.macth 
    where
        kh1_0.makh=?
2026-07-22 00:19:17 [http-nio-8081-exec-1] TRACE org.hibernate.orm.jdbc.bind - binding parameter (1:INTEGER) <- [2]
2026-07-22 00:19:17 [http-nio-8081-exec-4] DEBUG org.hibernate.SQL - 
    select
        mh1_0.mamh,
        mh1_0.so_tiet,
        mh1_0.tenmonhoc 
    from
        mon_hoc mh1_0
2026-07-22 00:19:18 [http-nio-8081-exec-3] DEBUG org.hibernate.SQL - 
    select
        ct1_0.macathi,
        ct1_0.gio_bat_dau,
        ct1_0.gio_ket_thuc,
        ct1_0.ten_ca 
    from
        ca_thi ct1_0
2026-07-22 00:19:19 [http-nio-8081-exec-6] DEBUG org.hibernate.SQL - 
    select
        kh1_0.makh,
        kh1_0.macth,
        kh1_0.ngaybatdau,
        kh1_0.ngayketthuc,
        kh1_0.tenkhoahoc,
        kh1_0.trangthai 
    from
        khoa_hoc kh1_0
2026-07-22 00:19:19 [http-nio-8081-exec-6] DEBUG org.hibernate.SQL - 
    select
        cth1_0.macth,
        cth1_0.hangbang,
        cth1_0.hocphi,
        cth1_0.sobuoilythuyet,
        cth1_0.sobuoithuchanh,
        cth1_0.tenchuongtrinh 
    from
        chuong_trinh_hoc cth1_0 
    where
        cth1_0.macth=?
2026-07-22 00:19:19 [http-nio-8081-exec-6] TRACE org.hibernate.orm.jdbc.bind - binding parameter (1:INTEGER) <- [1]
2026-07-22 00:19:19 [http-nio-8081-exec-6] DEBUG org.hibernate.SQL - 
    select
        cth1_0.macth,
        cth1_0.hangbang,
        cth1_0.hocphi,
        cth1_0.sobuoilythuyet,
        cth1_0.sobuoithuchanh,
        cth1_0.tenchuongtrinh 
    from
        chuong_trinh_hoc cth1_0 
    where
        cth1_0.macth=?
2026-07-22 00:19:19 [http-nio-8081-exec-6] TRACE org.hibernate.orm.jdbc.bind - binding parameter (1:INTEGER) <- [2]
2026-07-22 00:19:19 [http-nio-8081-exec-10] DEBUG org.hibernate.SQL - 
    select
        pt1_0.maphongthi,
        pt1_0.diadiem,
        pt1_0.succhua,
        pt1_0.tenphong,
        pt1_0.trangthai 
    from
        phong_thi pt1_0
2026-07-22 00:19:19 [http-nio-8081-exec-5] DEBUG org.hibernate.SQL - 
    select
        ct1_0.macathi,
        ct1_0.gio_bat_dau,
        ct1_0.gio_ket_thuc,
        ct1_0.ten_ca 
    from
        ca_thi ct1_0
2026-07-22 00:19:19 [http-nio-8081-exec-8] DEBUG org.hibernate.SQL - 
    select
        lt1_0.malichthi,
        lt1_0.macathi,
        lt1_0.ghichu,
        lt1_0.ngaythi,
        lt1_0.maphongthi 
    from
        lich_thi lt1_0
2026-07-22 00:19:19 [http-nio-8081-exec-8] DEBUG org.hibernate.SQL - 
    select
        ct1_0.macathi,
        ct1_0.gio_bat_dau,
        ct1_0.gio_ket_thuc,
        ct1_0.ten_ca 
    from
        ca_thi ct1_0 
    where
        ct1_0.macathi=?
2026-07-22 00:19:19 [http-nio-8081-exec-8] TRACE org.hibernate.orm.jdbc.bind - binding parameter (1:INTEGER) <- [1]
2026-07-22 00:19:19 [http-nio-8081-exec-8] DEBUG org.hibernate.SQL - 
    select
        pt1_0.maphongthi,
        pt1_0.diadiem,
        pt1_0.succhua,
        pt1_0.tenphong,
        pt1_0.trangthai 
    from
        phong_thi pt1_0 
    where
        pt1_0.maphongthi=?
2026-07-22 00:19:19 [http-nio-8081-exec-8] TRACE org.hibernate.orm.jdbc.bind - binding parameter (1:INTEGER) <- [1]
2026-07-22 00:19:19 [http-nio-8081-exec-8] DEBUG org.hibernate.SQL - 
    select
        pt1_0.maphongthi,
        pt1_0.diadiem,
        pt1_0.succhua,
        pt1_0.tenphong,
        pt1_0.trangthai 
    from
        phong_thi pt1_0 
    where
        pt1_0.maphongthi=?
2026-07-22 00:19:19 [http-nio-8081-exec-8] TRACE org.hibernate.orm.jdbc.bind - binding parameter (1:INTEGER) <- [2]
2026-07-22 00:19:20 [http-nio-8081-exec-9] DEBUG org.hibernate.SQL - 
    select
        tsh1_0.mathi,
        tsh1_0.ghichu,
        tsh1_0.mahv,
        tsh1_0.ketqua,
        tsh1_0.malichthi,
        tsh1_0.ngaythi 
    from
        thi_sat_hach tsh1_0
2026-07-22 00:19:20 [http-nio-8081-exec-9] DEBUG org.hibernate.SQL - 
    select
        hv1_0.mahv,
        hv1_0.cccd,
        hv1_0.diachi,
        hv1_0.email,
        hv1_0.gioitinh,
        hv1_0.hoten,
        hv1_0.ngaydangky,
        hv1_0.ngaysinh,
        hv1_0.sodienthoai 
    from
        hoc_vien hv1_0 
    where
        hv1_0.mahv=?
2026-07-22 00:19:20 [http-nio-8081-exec-9] TRACE org.hibernate.orm.jdbc.bind - binding parameter (1:INTEGER) <- [1]
2026-07-22 00:21:31 [http-nio-8081-exec-10] DEBUG org.hibernate.SQL - 
    select
        tk1_0.id,
        tk1_0.anh,
        tk1_0.cccd,
        tk1_0.email,
        tk1_0.ho_ten,
        tk1_0.khoa_den,
        tk1_0.lan_dang_nhap_cuoi,
        tk1_0.mat_khau,
        tk1_0.ngay_cap_nhat,
        tk1_0.ngay_tao,
        tk1_0.nguoi_tao_id,
        tk1_0.so_dien_thoai,
        tk1_0.so_lan_dang_nhap_sai,
        tk1_0.ten_dang_nhap,
        tk1_0.trang_thai,
        tk1_0.vai_tro_id 
    from
        tai_khoan tk1_0 
    where
        tk1_0.ten_dang_nhap=?
2026-07-22 00:21:31 [http-nio-8081-exec-10] TRACE org.hibernate.orm.jdbc.bind - binding parameter (1:VARCHAR) <- [admin]
2026-07-22 00:21:32 [http-nio-8081-exec-10] DEBUG org.hibernate.SQL - 
    select
        vt1_0.id,
        vt1_0.ma_vai_tro,
        vt1_0.mo_ta,
        vt1_0.ngay_cap_nhat,
        vt1_0.ngay_tao,
        vt1_0.ten_vai_tro,
        vt1_0.trang_thai 
    from
        vai_tro vt1_0 
    where
        vt1_0.id=?
2026-07-22 00:21:32 [http-nio-8081-exec-10] TRACE org.hibernate.orm.jdbc.bind - binding parameter (1:INTEGER) <- [4]
2026-07-22 00:21:32 [http-nio-8081-exec-10] DEBUG org.hibernate.SQL - 
    select
        tk1_0.id,
        tk1_0.anh,
        tk1_0.cccd,
        tk1_0.email,
        tk1_0.ho_ten,
        tk1_0.khoa_den,
        tk1_0.lan_dang_nhap_cuoi,
        tk1_0.mat_khau,
        tk1_0.ngay_cap_nhat,
        tk1_0.ngay_tao,
        tk1_0.nguoi_tao_id,
        tk1_0.so_dien_thoai,
        tk1_0.so_lan_dang_nhap_sai,
        tk1_0.ten_dang_nhap,
        tk1_0.trang_thai,
        tk1_0.vai_tro_id 
    from
        tai_khoan tk1_0 
    where
        tk1_0.ten_dang_nhap=?
2026-07-22 00:21:32 [http-nio-8081-exec-10] TRACE org.hibernate.orm.jdbc.bind - binding parameter (1:VARCHAR) <- [admin]
2026-07-22 00:21:32 [http-nio-8081-exec-10] DEBUG org.hibernate.SQL - 
    select
        vt1_0.id,
        vt1_0.ma_vai_tro,
        vt1_0.mo_ta,
        vt1_0.ngay_cap_nhat,
        vt1_0.ngay_tao,
        vt1_0.ten_vai_tro,
        vt1_0.trang_thai 
    from
        vai_tro vt1_0 
    where
        vt1_0.id=?
2026-07-22 00:21:32 [http-nio-8081-exec-10] TRACE org.hibernate.orm.jdbc.bind - binding parameter (1:INTEGER) <- [4]
2026-07-22 08:08:18 [DATN-HikariPool housekeeper] WARN  com.zaxxer.hikari.pool.HikariPool - DATN-HikariPool - Thread starvation or clock leap detected (housekeeper delta=7h45m52s630ms483µs700ns).
2026-07-22 08:35:23 [DATN-HikariPool housekeeper] WARN  com.zaxxer.hikari.pool.HikariPool - DATN-HikariPool - Thread starvation or clock leap detected (housekeeper delta=17m12s898ms543µs100ns).
2026-07-22 08:49:56 [MessageBroker-1] INFO  o.s.w.s.c.WebSocketMessageBrokerStats - WebSocketSession[0 current WS(0)-HttpStream(0)-HttpPoll(0), 0 total, 0 closed abnormally (0 connect failure, 0 send limit, 0 transport error)], stompSubProtocol[processed CONNECT(0)-CONNECTED(0)-DISCONNECT(0)], stompBrokerRelay[null], inboundChannel[pool size = 0, active threads = 0, queued tasks = 0, completed tasks = 0], outboundChannel[pool size = 0, active threads = 0, queued tasks = 0, completed tasks = 0], sockJsScheduler[pool size = 2, active threads = 1, queued tasks = 0, completed tasks = 1]
2026-07-22 09:10:20 [DATN-HikariPool housekeeper] WARN  com.zaxxer.hikari.pool.HikariPool - DATN-HikariPool - Thread starvation or clock leap detected (housekeeper delta=15m25s488ms772µs900ns).
2026-07-22 09:17:03 [DATN-HikariPool housekeeper] WARN  com.zaxxer.hikari.pool.HikariPool - DATN-HikariPool - Thread starvation or clock leap detected (housekeeper delta=6m52s446ms17µs600ns).
2026-07-22 09:41:18 [MessageBroker-2] INFO  o.s.w.s.c.WebSocketMessageBrokerStats - WebSocketSession[0 current WS(0)-HttpStream(0)-HttpPoll(0), 0 total, 0 closed abnormally (0 connect failure, 0 send limit, 0 transport error)], stompSubProtocol[processed CONNECT(0)-CONNECTED(0)-DISCONNECT(0)], stompBrokerRelay[null], inboundChannel[pool size = 0, active threads = 0, queued tasks = 0, completed tasks = 0], outboundChannel[pool size = 0, active threads = 0, queued tasks = 0, completed tasks = 0], sockJsScheduler[pool size = 3, active threads = 1, queued tasks = 0, completed tasks = 2]
2026-07-22 09:47:22 [http-nio-8081-exec-1] DEBUG org.hibernate.SQL - 
    select
        tk1_0.id,
        tk1_0.anh,
        tk1_0.cccd,
        tk1_0.email,
        tk1_0.ho_ten,
        tk1_0.khoa_den,
        tk1_0.lan_dang_nhap_cuoi,
        tk1_0.mat_khau,
        tk1_0.ngay_cap_nhat,
        tk1_0.ngay_tao,
        tk1_0.nguoi_tao_id,
        tk1_0.so_dien_thoai,
        tk1_0.so_lan_dang_nhap_sai,
        tk1_0.ten_dang_nhap,
        tk1_0.trang_thai,
        tk1_0.vai_tro_id 
    from
        tai_khoan tk1_0 
    where
        tk1_0.ten_dang_nhap=?
2026-07-22 09:47:22 [http-nio-8081-exec-1] TRACE org.hibernate.orm.jdbc.bind - binding parameter (1:VARCHAR) <- [admin]
2026-07-22 09:47:22 [http-nio-8081-exec-1] DEBUG org.hibernate.SQL - 
    select
        vt1_0.id,
        vt1_0.ma_vai_tro,
        vt1_0.mo_ta,
        vt1_0.ngay_cap_nhat,
        vt1_0.ngay_tao,
        vt1_0.ten_vai_tro,
        vt1_0.trang_thai 
    from
        vai_tro vt1_0 
    where
        vt1_0.id=?
2026-07-22 09:47:22 [http-nio-8081-exec-1] TRACE org.hibernate.orm.jdbc.bind - binding parameter (1:INTEGER) <- [4]
2026-07-22 09:47:22 [http-nio-8081-exec-1] DEBUG org.hibernate.SQL - 
    select
        tk1_0.id,
        tk1_0.anh,
        tk1_0.cccd,
        tk1_0.email,
        tk1_0.ho_ten,
        tk1_0.khoa_den,
        tk1_0.lan_dang_nhap_cuoi,
        tk1_0.mat_khau,
        tk1_0.ngay_cap_nhat,
        tk1_0.ngay_tao,
        tk1_0.nguoi_tao_id,
        tk1_0.so_dien_thoai,
        tk1_0.so_lan_dang_nhap_sai,
        tk1_0.ten_dang_nhap,
        tk1_0.trang_thai,
        tk1_0.vai_tro_id 
    from
        tai_khoan tk1_0 
    where
        tk1_0.ten_dang_nhap=?
2026-07-22 09:47:22 [http-nio-8081-exec-1] TRACE org.hibernate.orm.jdbc.bind - binding parameter (1:VARCHAR) <- [admin]
2026-07-22 09:47:22 [http-nio-8081-exec-1] DEBUG org.hibernate.SQL - 
    select
        vt1_0.id,
        vt1_0.ma_vai_tro,
        vt1_0.mo_ta,
        vt1_0.ngay_cap_nhat,
        vt1_0.ngay_tao,
        vt1_0.ten_vai_tro,
        vt1_0.trang_thai 
    from
        vai_tro vt1_0 
    where
        vt1_0.id=?
2026-07-22 09:47:22 [http-nio-8081-exec-1] TRACE org.hibernate.orm.jdbc.bind - binding parameter (1:INTEGER) <- [4]
2026-07-22 10:11:18 [MessageBroker-1] INFO  o.s.w.s.c.WebSocketMessageBrokerStats - WebSocketSession[0 current WS(0)-HttpStream(0)-HttpPoll(0), 0 total, 0 closed abnormally (0 connect failure, 0 send limit, 0 transport error)], stompSubProtocol[processed CONNECT(0)-CONNECTED(0)-DISCONNECT(0)], stompBrokerRelay[null], inboundChannel[pool size = 0, active threads = 0, queued tasks = 0, completed tasks = 0], outboundChannel[pool size = 0, active threads = 0, queued tasks = 0, completed tasks = 0], sockJsScheduler[pool size = 4, active threads = 1, queued tasks = 0, completed tasks = 3]
2026-07-22 10:16:23 [http-nio-8081-exec-2] DEBUG org.hibernate.SQL - 
    select
        tk1_0.id,
        tk1_0.anh,
        tk1_0.cccd,
        tk1_0.email,
        tk1_0.ho_ten,
        tk1_0.khoa_den,
        tk1_0.lan_dang_nhap_cuoi,
        tk1_0.mat_khau,
        tk1_0.ngay_cap_nhat,
        tk1_0.ngay_tao,
        tk1_0.nguoi_tao_id,
        tk1_0.so_dien_thoai,
        tk1_0.so_lan_dang_nhap_sai,
        tk1_0.ten_dang_nhap,
        tk1_0.trang_thai,
        tk1_0.vai_tro_id 
    from
        tai_khoan tk1_0 
    where
        tk1_0.ten_dang_nhap=?
2026-07-22 10:16:23 [http-nio-8081-exec-2] TRACE org.hibernate.orm.jdbc.bind - binding parameter (1:VARCHAR) <- [admin]
2026-07-22 10:16:23 [http-nio-8081-exec-2] DEBUG org.hibernate.SQL - 
    select
        vt1_0.id,
        vt1_0.ma_vai_tro,
        vt1_0.mo_ta,
        vt1_0.ngay_cap_nhat,
        vt1_0.ngay_tao,
        vt1_0.ten_vai_tro,
        vt1_0.trang_thai 
    from
        vai_tro vt1_0 
    where
        vt1_0.id=?
2026-07-22 10:16:23 [http-nio-8081-exec-2] TRACE org.hibernate.orm.jdbc.bind - binding parameter (1:INTEGER) <- [4]
2026-07-22 10:16:23 [http-nio-8081-exec-2] DEBUG org.hibernate.SQL - 
    select
        tk1_0.id,
        tk1_0.anh,
        tk1_0.cccd,
        tk1_0.email,
        tk1_0.ho_ten,
        tk1_0.khoa_den,
        tk1_0.lan_dang_nhap_cuoi,
        tk1_0.mat_khau,
        tk1_0.ngay_cap_nhat,
        tk1_0.ngay_tao,
        tk1_0.nguoi_tao_id,
        tk1_0.so_dien_thoai,
        tk1_0.so_lan_dang_nhap_sai,
        tk1_0.ten_dang_nhap,
        tk1_0.trang_thai,
        tk1_0.vai_tro_id 
    from
        tai_khoan tk1_0 
    where
        tk1_0.ten_dang_nhap=?
2026-07-22 10:16:23 [http-nio-8081-exec-2] TRACE org.hibernate.orm.jdbc.bind - binding parameter (1:VARCHAR) <- [admin]
2026-07-22 10:16:23 [http-nio-8081-exec-2] DEBUG org.hibernate.SQL - 
    select
        vt1_0.id,
        vt1_0.ma_vai_tro,
        vt1_0.mo_ta,
        vt1_0.ngay_cap_nhat,
        vt1_0.ngay_tao,
        vt1_0.ten_vai_tro,
        vt1_0.trang_thai 
    from
        vai_tro vt1_0 
    where
        vt1_0.id=?
2026-07-22 10:16:23 [http-nio-8081-exec-2] TRACE org.hibernate.orm.jdbc.bind - binding parameter (1:INTEGER) <- [4]
2026-07-22 10:16:23 [http-nio-8081-exec-3] DEBUG org.hibernate.SQL - 
    select
        kh1_0.makh,
        kh1_0.macth,
        kh1_0.ngaybatdau,
        kh1_0.ngayketthuc,
        kh1_0.tenkhoahoc,
        kh1_0.trangthai 
    from
        khoa_hoc kh1_0
2026-07-22 10:16:23 [http-nio-8081-exec-3] DEBUG org.hibernate.SQL - 
    select
        cth1_0.macth,
        cth1_0.hangbang,
        cth1_0.hocphi,
        cth1_0.sobuoilythuyet,
        cth1_0.sobuoithuchanh,
        cth1_0.tenchuongtrinh 
    from
        chuong_trinh_hoc cth1_0 
    where
        cth1_0.macth=?
2026-07-22 10:16:23 [http-nio-8081-exec-3] TRACE org.hibernate.orm.jdbc.bind - binding parameter (1:INTEGER) <- [1]
2026-07-22 10:16:23 [http-nio-8081-exec-3] DEBUG org.hibernate.SQL - 
    select
        cth1_0.macth,
        cth1_0.hangbang,
        cth1_0.hocphi,
        cth1_0.sobuoilythuyet,
        cth1_0.sobuoithuchanh,
        cth1_0.tenchuongtrinh 
    from
        chuong_trinh_hoc cth1_0 
    where
        cth1_0.macth=?
2026-07-22 10:16:23 [http-nio-8081-exec-3] TRACE org.hibernate.orm.jdbc.bind - binding parameter (1:INTEGER) <- [2]
2026-07-22 10:16:23 [http-nio-8081-exec-5] DEBUG org.hibernate.SQL - 
    select
        kh1_0.makh,
        kh1_0.macth,
        kh1_0.ngaybatdau,
        kh1_0.ngayketthuc,
        kh1_0.tenkhoahoc,
        kh1_0.trangthai 
    from
        khoa_hoc kh1_0
2026-07-22 10:16:23 [http-nio-8081-exec-5] DEBUG org.hibernate.SQL - 
    select
        cth1_0.macth,
        cth1_0.hangbang,
        cth1_0.hocphi,
        cth1_0.sobuoilythuyet,
        cth1_0.sobuoithuchanh,
        cth1_0.tenchuongtrinh 
    from
        chuong_trinh_hoc cth1_0 
    where
        cth1_0.macth=?
2026-07-22 10:16:23 [http-nio-8081-exec-5] TRACE org.hibernate.orm.jdbc.bind - binding parameter (1:INTEGER) <- [1]
2026-07-22 10:16:23 [http-nio-8081-exec-5] DEBUG org.hibernate.SQL - 
    select
        cth1_0.macth,
        cth1_0.hangbang,
        cth1_0.hocphi,
        cth1_0.sobuoilythuyet,
        cth1_0.sobuoithuchanh,
        cth1_0.tenchuongtrinh 
    from
        chuong_trinh_hoc cth1_0 
    where
        cth1_0.macth=?
2026-07-22 10:16:23 [http-nio-8081-exec-5] TRACE org.hibernate.orm.jdbc.bind - binding parameter (1:INTEGER) <- [2]
2026-07-22 10:16:23 [http-nio-8081-exec-10] DEBUG org.hibernate.SQL - 
    select
        count_big(*) 
    from
        hoc_vien hv1_0
2026-07-22 10:16:23 [http-nio-8081-exec-10] DEBUG org.hibernate.SQL - 
    select
        count_big(*) 
    from
        giao_vien gv1_0
2026-07-22 10:16:24 [http-nio-8081-exec-10] DEBUG org.hibernate.SQL - 
    select
        count_big(kh1_0.makh) 
    from
        khoa_hoc kh1_0 
    where
        kh1_0.trangthai=?
2026-07-22 10:16:24 [http-nio-8081-exec-10] TRACE org.hibernate.orm.jdbc.bind - binding parameter (1:VARCHAR) <- [DANG_MO]
2026-07-22 10:16:24 [http-nio-8081-exec-10] DEBUG org.hibernate.SQL - 
    select
        tt1_0.matt,
        tt1_0.madk,
        tt1_0.mahv,
        tt1_0.ngaythanhtoan,
        tt1_0.phuongthuc,
        tt1_0.sotien,
        tt1_0.trangthai 
    from
        thanh_toan tt1_0
2026-07-22 10:16:24 [http-nio-8081-exec-10] DEBUG org.hibernate.SQL - 
    select
        dkkh1_0.madk,
        dkkh1_0.mahv,
        hv1_0.mahv,
        hv1_0.cccd,
        hv1_0.diachi,
        hv1_0.email,
        hv1_0.gioitinh,
        hv1_0.hoten,
        hv1_0.ngaydangky,
        hv1_0.ngaysinh,
        hv1_0.sodienthoai,
        dkkh1_0.makh,
        kh1_0.makh,
        cth1_0.macth,
        cth1_0.hangbang,
        cth1_0.hocphi,
        cth1_0.sobuoilythuyet,
        cth1_0.sobuoithuchanh,
        cth1_0.tenchuongtrinh,
        kh1_0.ngaybatdau,
        kh1_0.ngayketthuc,
        kh1_0.tenkhoahoc,
        kh1_0.trangthai,
        dkkh1_0.ngaydangky,
        dkkh1_0.trangthai 
    from
        dang_ky_khoa_hoc dkkh1_0 
    join
        hoc_vien hv1_0 
            on hv1_0.mahv=dkkh1_0.mahv 
    join
        khoa_hoc kh1_0 
            on kh1_0.makh=dkkh1_0.makh 
    left join
        chuong_trinh_hoc cth1_0 
            on cth1_0.macth=kh1_0.macth 
    where
        dkkh1_0.madk=?
2026-07-22 10:16:24 [http-nio-8081-exec-10] TRACE org.hibernate.orm.jdbc.bind - binding parameter (1:INTEGER) <- [1]
2026-07-22 10:16:24 [http-nio-8081-exec-10] DEBUG org.hibernate.SQL - 
    select
        dkkh1_0.madk,
        dkkh1_0.mahv,
        hv1_0.mahv,
        hv1_0.cccd,
        hv1_0.diachi,
        hv1_0.email,
        hv1_0.gioitinh,
        hv1_0.hoten,
        hv1_0.ngaydangky,
        hv1_0.ngaysinh,
        hv1_0.sodienthoai,
        dkkh1_0.makh,
        kh1_0.makh,
        cth1_0.macth,
        cth1_0.hangbang,
        cth1_0.hocphi,
        cth1_0.sobuoilythuyet,
        cth1_0.sobuoithuchanh,
        cth1_0.tenchuongtrinh,
        kh1_0.ngaybatdau,
        kh1_0.ngayketthuc,
        kh1_0.tenkhoahoc,
        kh1_0.trangthai,
        dkkh1_0.ngaydangky,
        dkkh1_0.trangthai 
    from
        dang_ky_khoa_hoc dkkh1_0 
    join
        hoc_vien hv1_0 
            on hv1_0.mahv=dkkh1_0.mahv 
    join
        khoa_hoc kh1_0 
            on kh1_0.makh=dkkh1_0.makh 
    left join
        chuong_trinh_hoc cth1_0 
            on cth1_0.macth=kh1_0.macth 
    where
        dkkh1_0.madk=?
2026-07-22 10:16:24 [http-nio-8081-exec-10] TRACE org.hibernate.orm.jdbc.bind - binding parameter (1:INTEGER) <- [2]
2026-07-22 10:16:24 [http-nio-8081-exec-10] DEBUG org.hibernate.SQL - 
    select
        dkkh1_0.madk,
        dkkh1_0.mahv,
        hv1_0.mahv,
        hv1_0.cccd,
        hv1_0.diachi,
        hv1_0.email,
        hv1_0.gioitinh,
        hv1_0.hoten,
        hv1_0.ngaydangky,
        hv1_0.ngaysinh,
        hv1_0.sodienthoai,
        dkkh1_0.makh,
        kh1_0.makh,
        cth1_0.macth,
        cth1_0.hangbang,
        cth1_0.hocphi,
        cth1_0.sobuoilythuyet,
        cth1_0.sobuoithuchanh,
        cth1_0.tenchuongtrinh,
        kh1_0.ngaybatdau,
        kh1_0.ngayketthuc,
        kh1_0.tenkhoahoc,
        kh1_0.trangthai,
        dkkh1_0.ngaydangky,
        dkkh1_0.trangthai 
    from
        dang_ky_khoa_hoc dkkh1_0 
    join
        hoc_vien hv1_0 
            on hv1_0.mahv=dkkh1_0.mahv 
    join
        khoa_hoc kh1_0 
            on kh1_0.makh=dkkh1_0.makh 
    left join
        chuong_trinh_hoc cth1_0 
            on cth1_0.macth=kh1_0.macth 
    where
        dkkh1_0.madk=?
2026-07-22 10:16:24 [http-nio-8081-exec-10] TRACE org.hibernate.orm.jdbc.bind - binding parameter (1:INTEGER) <- [3]
2026-07-22 10:16:24 [http-nio-8081-exec-10] DEBUG org.hibernate.SQL - 
    select
        tt1_0.matt,
        tt1_0.madk,
        tt1_0.mahv,
        tt1_0.ngaythanhtoan,
        tt1_0.phuongthuc,
        tt1_0.sotien,
        tt1_0.trangthai 
    from
        thanh_toan tt1_0
2026-07-22 10:16:24 [http-nio-8081-exec-10] DEBUG org.hibernate.SQL - 
    select
        dkkh1_0.madk,
        dkkh1_0.mahv,
        hv1_0.mahv,
        hv1_0.cccd,
        hv1_0.diachi,
        hv1_0.email,
        hv1_0.gioitinh,
        hv1_0.hoten,
        hv1_0.ngaydangky,
        hv1_0.ngaysinh,
        hv1_0.sodienthoai,
        dkkh1_0.makh,
        kh1_0.makh,
        cth1_0.macth,
        cth1_0.hangbang,
        cth1_0.hocphi,
        cth1_0.sobuoilythuyet,
        cth1_0.sobuoithuchanh,
        cth1_0.tenchuongtrinh,
        kh1_0.ngaybatdau,
        kh1_0.ngayketthuc,
        kh1_0.tenkhoahoc,
        kh1_0.trangthai,
        dkkh1_0.ngaydangky,
        dkkh1_0.trangthai 
    from
        dang_ky_khoa_hoc dkkh1_0 
    join
        hoc_vien hv1_0 
            on hv1_0.mahv=dkkh1_0.mahv 
    join
        khoa_hoc kh1_0 
            on kh1_0.makh=dkkh1_0.makh 
    left join
        chuong_trinh_hoc cth1_0 
            on cth1_0.macth=kh1_0.macth 
    where
        dkkh1_0.madk=?
2026-07-22 10:16:24 [http-nio-8081-exec-10] TRACE org.hibernate.orm.jdbc.bind - binding parameter (1:INTEGER) <- [1]
2026-07-22 10:16:24 [http-nio-8081-exec-10] DEBUG org.hibernate.SQL - 
    select
        dkkh1_0.madk,
        dkkh1_0.mahv,
        hv1_0.mahv,
        hv1_0.cccd,
        hv1_0.diachi,
        hv1_0.email,
        hv1_0.gioitinh,
        hv1_0.hoten,
        hv1_0.ngaydangky,
        hv1_0.ngaysinh,
        hv1_0.sodienthoai,
        dkkh1_0.makh,
        kh1_0.makh,
        cth1_0.macth,
        cth1_0.hangbang,
        cth1_0.hocphi,
        cth1_0.sobuoilythuyet,
        cth1_0.sobuoithuchanh,
        cth1_0.tenchuongtrinh,
        kh1_0.ngaybatdau,
        kh1_0.ngayketthuc,
        kh1_0.tenkhoahoc,
        kh1_0.trangthai,
        dkkh1_0.ngaydangky,
        dkkh1_0.trangthai 
    from
        dang_ky_khoa_hoc dkkh1_0 
    join
        hoc_vien hv1_0 
            on hv1_0.mahv=dkkh1_0.mahv 
    join
        khoa_hoc kh1_0 
            on kh1_0.makh=dkkh1_0.makh 
    left join
        chuong_trinh_hoc cth1_0 
            on cth1_0.macth=kh1_0.macth 
    where
        dkkh1_0.madk=?
2026-07-22 10:16:24 [http-nio-8081-exec-10] TRACE org.hibernate.orm.jdbc.bind - binding parameter (1:INTEGER) <- [2]
2026-07-22 10:16:24 [http-nio-8081-exec-10] DEBUG org.hibernate.SQL - 
    select
        dkkh1_0.madk,
        dkkh1_0.mahv,
        hv1_0.mahv,
        hv1_0.cccd,
        hv1_0.diachi,
        hv1_0.email,
        hv1_0.gioitinh,
        hv1_0.hoten,
        hv1_0.ngaydangky,
        hv1_0.ngaysinh,
        hv1_0.sodienthoai,
        dkkh1_0.makh,
        kh1_0.makh,
        cth1_0.macth,
        cth1_0.hangbang,
        cth1_0.hocphi,
        cth1_0.sobuoilythuyet,
        cth1_0.sobuoithuchanh,
        cth1_0.tenchuongtrinh,
        kh1_0.ngaybatdau,
        kh1_0.ngayketthuc,
        kh1_0.tenkhoahoc,
        kh1_0.trangthai,
        dkkh1_0.ngaydangky,
        dkkh1_0.trangthai 
    from
        dang_ky_khoa_hoc dkkh1_0 
    join
        hoc_vien hv1_0 
            on hv1_0.mahv=dkkh1_0.mahv 
    join
        khoa_hoc kh1_0 
            on kh1_0.makh=dkkh1_0.makh 
    left join
        chuong_trinh_hoc cth1_0 
            on cth1_0.macth=kh1_0.macth 
    where
        dkkh1_0.madk=?
2026-07-22 10:16:24 [http-nio-8081-exec-10] TRACE org.hibernate.orm.jdbc.bind - binding parameter (1:INTEGER) <- [3]
2026-07-22 10:16:24 [http-nio-8081-exec-10] DEBUG org.hibernate.SQL - 
    select
        tt1_0.matt,
        tt1_0.madk,
        tt1_0.mahv,
        tt1_0.ngaythanhtoan,
        tt1_0.phuongthuc,
        tt1_0.sotien,
        tt1_0.trangthai 
    from
        thanh_toan tt1_0
2026-07-22 10:16:24 [http-nio-8081-exec-10] DEBUG org.hibernate.SQL - 
    select
        dkkh1_0.madk,
        dkkh1_0.mahv,
        hv1_0.mahv,
        hv1_0.cccd,
        hv1_0.diachi,
        hv1_0.email,
        hv1_0.gioitinh,
        hv1_0.hoten,
        hv1_0.ngaydangky,
        hv1_0.ngaysinh,
        hv1_0.sodienthoai,
        dkkh1_0.makh,
        kh1_0.makh,
        cth1_0.macth,
        cth1_0.hangbang,
        cth1_0.hocphi,
        cth1_0.sobuoilythuyet,
        cth1_0.sobuoithuchanh,
        cth1_0.tenchuongtrinh,
        kh1_0.ngaybatdau,
        kh1_0.ngayketthuc,
        kh1_0.tenkhoahoc,
        kh1_0.trangthai,
        dkkh1_0.ngaydangky,
        dkkh1_0.trangthai 
    from
        dang_ky_khoa_hoc dkkh1_0 
    join
        hoc_vien hv1_0 
            on hv1_0.mahv=dkkh1_0.mahv 
    join
        khoa_hoc kh1_0 
            on kh1_0.makh=dkkh1_0.makh 
    left join
        chuong_trinh_hoc cth1_0 
            on cth1_0.macth=kh1_0.macth 
    where
        dkkh1_0.madk=?
2026-07-22 10:16:24 [http-nio-8081-exec-10] TRACE org.hibernate.orm.jdbc.bind - binding parameter (1:INTEGER) <- [1]
2026-07-22 10:16:24 [http-nio-8081-exec-10] DEBUG org.hibernate.SQL - 
    select
        dkkh1_0.madk,
        dkkh1_0.mahv,
        hv1_0.mahv,
        hv1_0.cccd,
        hv1_0.diachi,
        hv1_0.email,
        hv1_0.gioitinh,
        hv1_0.hoten,
        hv1_0.ngaydangky,
        hv1_0.ngaysinh,
        hv1_0.sodienthoai,
        dkkh1_0.makh,
        kh1_0.makh,
        cth1_0.macth,
        cth1_0.hangbang,
        cth1_0.hocphi,
        cth1_0.sobuoilythuyet,
        cth1_0.sobuoithuchanh,
        cth1_0.tenchuongtrinh,
        kh1_0.ngaybatdau,
        kh1_0.ngayketthuc,
        kh1_0.tenkhoahoc,
        kh1_0.trangthai,
        dkkh1_0.ngaydangky,
        dkkh1_0.trangthai 
    from
        dang_ky_khoa_hoc dkkh1_0 
    join
        hoc_vien hv1_0 
            on hv1_0.mahv=dkkh1_0.mahv 
    join
        khoa_hoc kh1_0 
            on kh1_0.makh=dkkh1_0.makh 
    left join
        chuong_trinh_hoc cth1_0 
            on cth1_0.macth=kh1_0.macth 
    where
        dkkh1_0.madk=?
2026-07-22 10:16:24 [http-nio-8081-exec-10] TRACE org.hibernate.orm.jdbc.bind - binding parameter (1:INTEGER) <- [2]
2026-07-22 10:16:24 [http-nio-8081-exec-10] DEBUG org.hibernate.SQL - 
    select
        dkkh1_0.madk,
        dkkh1_0.mahv,
        hv1_0.mahv,
        hv1_0.cccd,
        hv1_0.diachi,
        hv1_0.email,
        hv1_0.gioitinh,
        hv1_0.hoten,
        hv1_0.ngaydangky,
        hv1_0.ngaysinh,
        hv1_0.sodienthoai,
        dkkh1_0.makh,
        kh1_0.makh,
        cth1_0.macth,
        cth1_0.hangbang,
        cth1_0.hocphi,
        cth1_0.sobuoilythuyet,
        cth1_0.sobuoithuchanh,
        cth1_0.tenchuongtrinh,
        kh1_0.ngaybatdau,
        kh1_0.ngayketthuc,
        kh1_0.tenkhoahoc,
        kh1_0.trangthai,
        dkkh1_0.ngaydangky,
        dkkh1_0.trangthai 
    from
        dang_ky_khoa_hoc dkkh1_0 
    join
        hoc_vien hv1_0 
            on hv1_0.mahv=dkkh1_0.mahv 
    join
        khoa_hoc kh1_0 
            on kh1_0.makh=dkkh1_0.makh 
    left join
        chuong_trinh_hoc cth1_0 
            on cth1_0.macth=kh1_0.macth 
    where
        dkkh1_0.madk=?
2026-07-22 10:16:24 [http-nio-8081-exec-10] TRACE org.hibernate.orm.jdbc.bind - binding parameter (1:INTEGER) <- [3]
2026-07-22 10:16:24 [http-nio-8081-exec-10] DEBUG org.hibernate.SQL - 
    select
        count_big(tt1_0.matt) 
    from
        thanh_toan tt1_0 
    where
        tt1_0.ngaythanhtoan between ? and ?
2026-07-22 10:16:24 [http-nio-8081-exec-10] TRACE org.hibernate.orm.jdbc.bind - binding parameter (1:DATE) <- [2026-07-01]
2026-07-22 10:16:24 [http-nio-8081-exec-10] TRACE org.hibernate.orm.jdbc.bind - binding parameter (2:DATE) <- [2026-07-22]
2026-07-22 10:16:24 [http-nio-8081-exec-10] DEBUG org.hibernate.SQL - 
    select
        tsh1_0.mathi,
        tsh1_0.ghichu,
        tsh1_0.mahv,
        tsh1_0.ketqua,
        tsh1_0.malichthi,
        tsh1_0.ngaythi 
    from
        thi_sat_hach tsh1_0
2026-07-22 10:16:24 [http-nio-8081-exec-10] DEBUG org.hibernate.SQL - 
    select
        hv1_0.mahv,
        hv1_0.cccd,
        hv1_0.diachi,
        hv1_0.email,
        hv1_0.gioitinh,
        hv1_0.hoten,
        hv1_0.ngaydangky,
        hv1_0.ngaysinh,
        hv1_0.sodienthoai 
    from
        hoc_vien hv1_0 
    where
        hv1_0.mahv=?
2026-07-22 10:16:24 [http-nio-8081-exec-10] TRACE org.hibernate.orm.jdbc.bind - binding parameter (1:INTEGER) <- [1]
2026-07-22 10:16:24 [http-nio-8081-exec-10] DEBUG org.hibernate.SQL - 
    select
        tt1_0.matt,
        tt1_0.madk,
        tt1_0.mahv,
        tt1_0.ngaythanhtoan,
        tt1_0.phuongthuc,
        tt1_0.sotien,
        tt1_0.trangthai 
    from
        thanh_toan tt1_0
2026-07-22 10:16:24 [http-nio-8081-exec-10] DEBUG org.hibernate.SQL - 
    select
        dkkh1_0.madk,
        dkkh1_0.mahv,
        hv1_0.mahv,
        hv1_0.cccd,
        hv1_0.diachi,
        hv1_0.email,
        hv1_0.gioitinh,
        hv1_0.hoten,
        hv1_0.ngaydangky,
        hv1_0.ngaysinh,
        hv1_0.sodienthoai,
        dkkh1_0.makh,
        kh1_0.makh,
        cth1_0.macth,
        cth1_0.hangbang,
        cth1_0.hocphi,
        cth1_0.sobuoilythuyet,
        cth1_0.sobuoithuchanh,
        cth1_0.tenchuongtrinh,
        kh1_0.ngaybatdau,
        kh1_0.ngayketthuc,
        kh1_0.tenkhoahoc,
        kh1_0.trangthai,
        dkkh1_0.ngaydangky,
        dkkh1_0.trangthai 
    from
        dang_ky_khoa_hoc dkkh1_0 
    join
        hoc_vien hv1_0 
            on hv1_0.mahv=dkkh1_0.mahv 
    join
        khoa_hoc kh1_0 
            on kh1_0.makh=dkkh1_0.makh 
    left join
        chuong_trinh_hoc cth1_0 
            on cth1_0.macth=kh1_0.macth 
    where
        dkkh1_0.madk=?
2026-07-22 10:16:24 [http-nio-8081-exec-10] TRACE org.hibernate.orm.jdbc.bind - binding parameter (1:INTEGER) <- [1]
2026-07-22 10:16:24 [http-nio-8081-exec-10] DEBUG org.hibernate.SQL - 
    select
        dkkh1_0.madk,
        dkkh1_0.mahv,
        hv1_0.mahv,
        hv1_0.cccd,
        hv1_0.diachi,
        hv1_0.email,
        hv1_0.gioitinh,
        hv1_0.hoten,
        hv1_0.ngaydangky,
        hv1_0.ngaysinh,
        hv1_0.sodienthoai,
        dkkh1_0.makh,
        kh1_0.makh,
        cth1_0.macth,
        cth1_0.hangbang,
        cth1_0.hocphi,
        cth1_0.sobuoilythuyet,
        cth1_0.sobuoithuchanh,
        cth1_0.tenchuongtrinh,
        kh1_0.ngaybatdau,
        kh1_0.ngayketthuc,
        kh1_0.tenkhoahoc,
        kh1_0.trangthai,
        dkkh1_0.ngaydangky,
        dkkh1_0.trangthai 
    from
        dang_ky_khoa_hoc dkkh1_0 
    join
        hoc_vien hv1_0 
            on hv1_0.mahv=dkkh1_0.mahv 
    join
        khoa_hoc kh1_0 
            on kh1_0.makh=dkkh1_0.makh 
    left join
        chuong_trinh_hoc cth1_0 
            on cth1_0.macth=kh1_0.macth 
    where
        dkkh1_0.madk=?
2026-07-22 10:16:24 [http-nio-8081-exec-10] TRACE org.hibernate.orm.jdbc.bind - binding parameter (1:INTEGER) <- [2]
2026-07-22 10:16:24 [http-nio-8081-exec-10] DEBUG org.hibernate.SQL - 
    select
        dkkh1_0.madk,
        dkkh1_0.mahv,
        hv1_0.mahv,
        hv1_0.cccd,
        hv1_0.diachi,
        hv1_0.email,
        hv1_0.gioitinh,
        hv1_0.hoten,
        hv1_0.ngaydangky,
        hv1_0.ngaysinh,
        hv1_0.sodienthoai,
        dkkh1_0.makh,
        kh1_0.makh,
        cth1_0.macth,
        cth1_0.hangbang,
        cth1_0.hocphi,
        cth1_0.sobuoilythuyet,
        cth1_0.sobuoithuchanh,
        cth1_0.tenchuongtrinh,
        kh1_0.ngaybatdau,
        kh1_0.ngayketthuc,
        kh1_0.tenkhoahoc,
        kh1_0.trangthai,
        dkkh1_0.ngaydangky,
        dkkh1_0.trangthai 
    from
        dang_ky_khoa_hoc dkkh1_0 
    join
        hoc_vien hv1_0 
            on hv1_0.mahv=dkkh1_0.mahv 
    join
        khoa_hoc kh1_0 
            on kh1_0.makh=dkkh1_0.makh 
    left join
        chuong_trinh_hoc cth1_0 
            on cth1_0.macth=kh1_0.macth 
    where
        dkkh1_0.madk=?
2026-07-22 10:16:24 [http-nio-8081-exec-10] TRACE org.hibernate.orm.jdbc.bind - binding parameter (1:INTEGER) <- [3]
2026-07-22 10:16:24 [http-nio-8081-exec-10] DEBUG org.hibernate.SQL - 
    select
        tt1_0.matt,
        tt1_0.madk,
        tt1_0.mahv,
        tt1_0.ngaythanhtoan,
        tt1_0.phuongthuc,
        tt1_0.sotien,
        tt1_0.trangthai 
    from
        thanh_toan tt1_0
2026-07-22 10:16:24 [http-nio-8081-exec-10] DEBUG org.hibernate.SQL - 
    select
        dkkh1_0.madk,
        dkkh1_0.mahv,
        hv1_0.mahv,
        hv1_0.cccd,
        hv1_0.diachi,
        hv1_0.email,
        hv1_0.gioitinh,
        hv1_0.hoten,
        hv1_0.ngaydangky,
        hv1_0.ngaysinh,
        hv1_0.sodienthoai,
        dkkh1_0.makh,
        kh1_0.makh,
        cth1_0.macth,
        cth1_0.hangbang,
        cth1_0.hocphi,
        cth1_0.sobuoilythuyet,
        cth1_0.sobuoithuchanh,
        cth1_0.tenchuongtrinh,
        kh1_0.ngaybatdau,
        kh1_0.ngayketthuc,
        kh1_0.tenkhoahoc,
        kh1_0.trangthai,
        dkkh1_0.ngaydangky,
        dkkh1_0.trangthai 
    from
        dang_ky_khoa_hoc dkkh1_0 
    join
        hoc_vien hv1_0 
            on hv1_0.mahv=dkkh1_0.mahv 
    join
        khoa_hoc kh1_0 
            on kh1_0.makh=dkkh1_0.makh 
    left join
        chuong_trinh_hoc cth1_0 
            on cth1_0.macth=kh1_0.macth 
    where
        dkkh1_0.madk=?
2026-07-22 10:16:24 [http-nio-8081-exec-10] TRACE org.hibernate.orm.jdbc.bind - binding parameter (1:INTEGER) <- [1]
2026-07-22 10:16:24 [http-nio-8081-exec-10] DEBUG org.hibernate.SQL - 
    select
        dkkh1_0.madk,
        dkkh1_0.mahv,
        hv1_0.mahv,
        hv1_0.cccd,
        hv1_0.diachi,
        hv1_0.email,
        hv1_0.gioitinh,
        hv1_0.hoten,
        hv1_0.ngaydangky,
        hv1_0.ngaysinh,
        hv1_0.sodienthoai,
        dkkh1_0.makh,
        kh1_0.makh,
        cth1_0.macth,
        cth1_0.hangbang,
        cth1_0.hocphi,
        cth1_0.sobuoilythuyet,
        cth1_0.sobuoithuchanh,
        cth1_0.tenchuongtrinh,
        kh1_0.ngaybatdau,
        kh1_0.ngayketthuc,
        kh1_0.tenkhoahoc,
        kh1_0.trangthai,
        dkkh1_0.ngaydangky,
        dkkh1_0.trangthai 
    from
        dang_ky_khoa_hoc dkkh1_0 
    join
        hoc_vien hv1_0 
            on hv1_0.mahv=dkkh1_0.mahv 
    join
        khoa_hoc kh1_0 
            on kh1_0.makh=dkkh1_0.makh 
    left join
        chuong_trinh_hoc cth1_0 
            on cth1_0.macth=kh1_0.macth 
    where
        dkkh1_0.madk=?
2026-07-22 10:16:24 [http-nio-8081-exec-10] TRACE org.hibernate.orm.jdbc.bind - binding parameter (1:INTEGER) <- [2]
2026-07-22 10:16:24 [http-nio-8081-exec-10] DEBUG org.hibernate.SQL - 
    select
        dkkh1_0.madk,
        dkkh1_0.mahv,
        hv1_0.mahv,
        hv1_0.cccd,
        hv1_0.diachi,
        hv1_0.email,
        hv1_0.gioitinh,
        hv1_0.hoten,
        hv1_0.ngaydangky,
        hv1_0.ngaysinh,
        hv1_0.sodienthoai,
        dkkh1_0.makh,
        kh1_0.makh,
        cth1_0.macth,
        cth1_0.hangbang,
        cth1_0.hocphi,
        cth1_0.sobuoilythuyet,
        cth1_0.sobuoithuchanh,
        cth1_0.tenchuongtrinh,
        kh1_0.ngaybatdau,
        kh1_0.ngayketthuc,
        kh1_0.tenkhoahoc,
        kh1_0.trangthai,
        dkkh1_0.ngaydangky,
        dkkh1_0.trangthai 
    from
        dang_ky_khoa_hoc dkkh1_0 
    join
        hoc_vien hv1_0 
            on hv1_0.mahv=dkkh1_0.mahv 
    join
        khoa_hoc kh1_0 
            on kh1_0.makh=dkkh1_0.makh 
    left join
        chuong_trinh_hoc cth1_0 
            on cth1_0.macth=kh1_0.macth 
    where
        dkkh1_0.madk=?
2026-07-22 10:16:24 [http-nio-8081-exec-10] TRACE org.hibernate.orm.jdbc.bind - binding parameter (1:INTEGER) <- [3]
2026-07-22 10:16:24 [http-nio-8081-exec-10] DEBUG org.hibernate.SQL - 
    select
        tt1_0.matt,
        tt1_0.madk,
        tt1_0.mahv,
        tt1_0.ngaythanhtoan,
        tt1_0.phuongthuc,
        tt1_0.sotien,
        tt1_0.trangthai 
    from
        thanh_toan tt1_0
2026-07-22 10:16:24 [http-nio-8081-exec-10] DEBUG org.hibernate.SQL - 
    select
        dkkh1_0.madk,
        dkkh1_0.mahv,
        hv1_0.mahv,
        hv1_0.cccd,
        hv1_0.diachi,
        hv1_0.email,
        hv1_0.gioitinh,
        hv1_0.hoten,
        hv1_0.ngaydangky,
        hv1_0.ngaysinh,
        hv1_0.sodienthoai,
        dkkh1_0.makh,
        kh1_0.makh,
        cth1_0.macth,
        cth1_0.hangbang,
        cth1_0.hocphi,
        cth1_0.sobuoilythuyet,
        cth1_0.sobuoithuchanh,
        cth1_0.tenchuongtrinh,
        kh1_0.ngaybatdau,
        kh1_0.ngayketthuc,
        kh1_0.tenkhoahoc,
        kh1_0.trangthai,
        dkkh1_0.ngaydangky,
        dkkh1_0.trangthai 
    from
        dang_ky_khoa_hoc dkkh1_0 
    join
        hoc_vien hv1_0 
            on hv1_0.mahv=dkkh1_0.mahv 
    join
        khoa_hoc kh1_0 
            on kh1_0.makh=dkkh1_0.makh 
    left join
        chuong_trinh_hoc cth1_0 
            on cth1_0.macth=kh1_0.macth 
    where
        dkkh1_0.madk=?
2026-07-22 10:16:24 [http-nio-8081-exec-10] TRACE org.hibernate.orm.jdbc.bind - binding parameter (1:INTEGER) <- [1]
2026-07-22 10:16:24 [http-nio-8081-exec-10] DEBUG org.hibernate.SQL - 
    select
        dkkh1_0.madk,
        dkkh1_0.mahv,
        hv1_0.mahv,
        hv1_0.cccd,
        hv1_0.diachi,
        hv1_0.email,
        hv1_0.gioitinh,
        hv1_0.hoten,
        hv1_0.ngaydangky,
        hv1_0.ngaysinh,
        hv1_0.sodienthoai,
        dkkh1_0.makh,
        kh1_0.makh,
        cth1_0.macth,
        cth1_0.hangbang,
        cth1_0.hocphi,
        cth1_0.sobuoilythuyet,
        cth1_0.sobuoithuchanh,
        cth1_0.tenchuongtrinh,
        kh1_0.ngaybatdau,
        kh1_0.ngayketthuc,
        kh1_0.tenkhoahoc,
        kh1_0.trangthai,
        dkkh1_0.ngaydangky,
        dkkh1_0.trangthai 
    from
        dang_ky_khoa_hoc dkkh1_0 
    join
        hoc_vien hv1_0 
            on hv1_0.mahv=dkkh1_0.mahv 
    join
        khoa_hoc kh1_0 
            on kh1_0.makh=dkkh1_0.makh 
    left join
        chuong_trinh_hoc cth1_0 
            on cth1_0.macth=kh1_0.macth 
    where
        dkkh1_0.madk=?
2026-07-22 10:16:24 [http-nio-8081-exec-10] TRACE org.hibernate.orm.jdbc.bind - binding parameter (1:INTEGER) <- [2]
2026-07-22 10:16:24 [http-nio-8081-exec-10] DEBUG org.hibernate.SQL - 
    select
        dkkh1_0.madk,
        dkkh1_0.mahv,
        hv1_0.mahv,
        hv1_0.cccd,
        hv1_0.diachi,
        hv1_0.email,
        hv1_0.gioitinh,
        hv1_0.hoten,
        hv1_0.ngaydangky,
        hv1_0.ngaysinh,
        hv1_0.sodienthoai,
        dkkh1_0.makh,
        kh1_0.makh,
        cth1_0.macth,
        cth1_0.hangbang,
        cth1_0.hocphi,
        cth1_0.sobuoilythuyet,
        cth1_0.sobuoithuchanh,
        cth1_0.tenchuongtrinh,
        kh1_0.ngaybatdau,
        kh1_0.ngayketthuc,
        kh1_0.tenkhoahoc,
        kh1_0.trangthai,
        dkkh1_0.ngaydangky,
        dkkh1_0.trangthai 
    from
        dang_ky_khoa_hoc dkkh1_0 
    join
        hoc_vien hv1_0 
            on hv1_0.mahv=dkkh1_0.mahv 
    join
        khoa_hoc kh1_0 
            on kh1_0.makh=dkkh1_0.makh 
    left join
        chuong_trinh_hoc cth1_0 
            on cth1_0.macth=kh1_0.macth 
    where
        dkkh1_0.madk=?
2026-07-22 10:16:24 [http-nio-8081-exec-10] TRACE org.hibernate.orm.jdbc.bind - binding parameter (1:INTEGER) <- [3]
2026-07-22 10:16:24 [http-nio-8081-exec-10] DEBUG org.hibernate.SQL - 
    select
        tt1_0.matt,
        tt1_0.madk,
        tt1_0.mahv,
        tt1_0.ngaythanhtoan,
        tt1_0.phuongthuc,
        tt1_0.sotien,
        tt1_0.trangthai 
    from
        thanh_toan tt1_0
2026-07-22 10:16:24 [http-nio-8081-exec-10] DEBUG org.hibernate.SQL - 
    select
        dkkh1_0.madk,
        dkkh1_0.mahv,
        hv1_0.mahv,
        hv1_0.cccd,
        hv1_0.diachi,
        hv1_0.email,
        hv1_0.gioitinh,
        hv1_0.hoten,
        hv1_0.ngaydangky,
        hv1_0.ngaysinh,
        hv1_0.sodienthoai,
        dkkh1_0.makh,
        kh1_0.makh,
        cth1_0.macth,
        cth1_0.hangbang,
        cth1_0.hocphi,
        cth1_0.sobuoilythuyet,
        cth1_0.sobuoithuchanh,
        cth1_0.tenchuongtrinh,
        kh1_0.ngaybatdau,
        kh1_0.ngayketthuc,
        kh1_0.tenkhoahoc,
        kh1_0.trangthai,
        dkkh1_0.ngaydangky,
        dkkh1_0.trangthai 
    from
        dang_ky_khoa_hoc dkkh1_0 
    join
        hoc_vien hv1_0 
            on hv1_0.mahv=dkkh1_0.mahv 
    join
        khoa_hoc kh1_0 
            on kh1_0.makh=dkkh1_0.makh 
    left join
        chuong_trinh_hoc cth1_0 
            on cth1_0.macth=kh1_0.macth 
    where
        dkkh1_0.madk=?
2026-07-22 10:16:24 [http-nio-8081-exec-10] TRACE org.hibernate.orm.jdbc.bind - binding parameter (1:INTEGER) <- [1]
2026-07-22 10:16:24 [http-nio-8081-exec-10] DEBUG org.hibernate.SQL - 
    select
        dkkh1_0.madk,
        dkkh1_0.mahv,
        hv1_0.mahv,
        hv1_0.cccd,
        hv1_0.diachi,
        hv1_0.email,
        hv1_0.gioitinh,
        hv1_0.hoten,
        hv1_0.ngaydangky,
        hv1_0.ngaysinh,
        hv1_0.sodienthoai,
        dkkh1_0.makh,
        kh1_0.makh,
        cth1_0.macth,
        cth1_0.hangbang,
        cth1_0.hocphi,
        cth1_0.sobuoilythuyet,
        cth1_0.sobuoithuchanh,
        cth1_0.tenchuongtrinh,
        kh1_0.ngaybatdau,
        kh1_0.ngayketthuc,
        kh1_0.tenkhoahoc,
        kh1_0.trangthai,
        dkkh1_0.ngaydangky,
        dkkh1_0.trangthai 
    from
        dang_ky_khoa_hoc dkkh1_0 
    join
        hoc_vien hv1_0 
            on hv1_0.mahv=dkkh1_0.mahv 
    join
        khoa_hoc kh1_0 
            on kh1_0.makh=dkkh1_0.makh 
    left join
        chuong_trinh_hoc cth1_0 
            on cth1_0.macth=kh1_0.macth 
    where
        dkkh1_0.madk=?
2026-07-22 10:16:24 [http-nio-8081-exec-10] TRACE org.hibernate.orm.jdbc.bind - binding parameter (1:INTEGER) <- [2]
2026-07-22 10:16:24 [http-nio-8081-exec-10] DEBUG org.hibernate.SQL - 
    select
        dkkh1_0.madk,
        dkkh1_0.mahv,
        hv1_0.mahv,
        hv1_0.cccd,
        hv1_0.diachi,
        hv1_0.email,
        hv1_0.gioitinh,
        hv1_0.hoten,
        hv1_0.ngaydangky,
        hv1_0.ngaysinh,
        hv1_0.sodienthoai,
        dkkh1_0.makh,
        kh1_0.makh,
        cth1_0.macth,
        cth1_0.hangbang,
        cth1_0.hocphi,
        cth1_0.sobuoilythuyet,
        cth1_0.sobuoithuchanh,
        cth1_0.tenchuongtrinh,
        kh1_0.ngaybatdau,
        kh1_0.ngayketthuc,
        kh1_0.tenkhoahoc,
        kh1_0.trangthai,
        dkkh1_0.ngaydangky,
        dkkh1_0.trangthai 
    from
        dang_ky_khoa_hoc dkkh1_0 
    join
        hoc_vien hv1_0 
            on hv1_0.mahv=dkkh1_0.mahv 
    join
        khoa_hoc kh1_0 
            on kh1_0.makh=dkkh1_0.makh 
    left join
        chuong_trinh_hoc cth1_0 
            on cth1_0.macth=kh1_0.macth 
    where
        dkkh1_0.madk=?
2026-07-22 10:16:24 [http-nio-8081-exec-10] TRACE org.hibernate.orm.jdbc.bind - binding parameter (1:INTEGER) <- [3]
2026-07-22 10:16:24 [http-nio-8081-exec-10] DEBUG org.hibernate.SQL - 
    select
        tt1_0.matt,
        tt1_0.madk,
        tt1_0.mahv,
        tt1_0.ngaythanhtoan,
        tt1_0.phuongthuc,
        tt1_0.sotien,
        tt1_0.trangthai 
    from
        thanh_toan tt1_0
2026-07-22 10:16:24 [http-nio-8081-exec-10] DEBUG org.hibernate.SQL - 
    select
        dkkh1_0.madk,
        dkkh1_0.mahv,
        hv1_0.mahv,
        hv1_0.cccd,
        hv1_0.diachi,
        hv1_0.email,
        hv1_0.gioitinh,
        hv1_0.hoten,
        hv1_0.ngaydangky,
        hv1_0.ngaysinh,
        hv1_0.sodienthoai,
        dkkh1_0.makh,
        kh1_0.makh,
        cth1_0.macth,
        cth1_0.hangbang,
        cth1_0.hocphi,
        cth1_0.sobuoilythuyet,
        cth1_0.sobuoithuchanh,
        cth1_0.tenchuongtrinh,
        kh1_0.ngaybatdau,
        kh1_0.ngayketthuc,
        kh1_0.tenkhoahoc,
        kh1_0.trangthai,
        dkkh1_0.ngaydangky,
        dkkh1_0.trangthai 
    from
        dang_ky_khoa_hoc dkkh1_0 
    join
        hoc_vien hv1_0 
            on hv1_0.mahv=dkkh1_0.mahv 
    join
        khoa_hoc kh1_0 
            on kh1_0.makh=dkkh1_0.makh 
    left join
        chuong_trinh_hoc cth1_0 
            on cth1_0.macth=kh1_0.macth 
    where
        dkkh1_0.madk=?
2026-07-22 10:16:24 [http-nio-8081-exec-10] TRACE org.hibernate.orm.jdbc.bind - binding parameter (1:INTEGER) <- [1]
2026-07-22 10:16:24 [http-nio-8081-exec-10] DEBUG org.hibernate.SQL - 
    select
        dkkh1_0.madk,
        dkkh1_0.mahv,
        hv1_0.mahv,
        hv1_0.cccd,
        hv1_0.diachi,
        hv1_0.email,
        hv1_0.gioitinh,
        hv1_0.hoten,
        hv1_0.ngaydangky,
        hv1_0.ngaysinh,
        hv1_0.sodienthoai,
        dkkh1_0.makh,
        kh1_0.makh,
        cth1_0.macth,
        cth1_0.hangbang,
        cth1_0.hocphi,
        cth1_0.sobuoilythuyet,
        cth1_0.sobuoithuchanh,
        cth1_0.tenchuongtrinh,
        kh1_0.ngaybatdau,
        kh1_0.ngayketthuc,
        kh1_0.tenkhoahoc,
        kh1_0.trangthai,
        dkkh1_0.ngaydangky,
        dkkh1_0.trangthai 
    from
        dang_ky_khoa_hoc dkkh1_0 
    join
        hoc_vien hv1_0 
            on hv1_0.mahv=dkkh1_0.mahv 
    join
        khoa_hoc kh1_0 
            on kh1_0.makh=dkkh1_0.makh 
    left join
        chuong_trinh_hoc cth1_0 
            on cth1_0.macth=kh1_0.macth 
    where
        dkkh1_0.madk=?
2026-07-22 10:16:24 [http-nio-8081-exec-10] TRACE org.hibernate.orm.jdbc.bind - binding parameter (1:INTEGER) <- [2]
2026-07-22 10:16:24 [http-nio-8081-exec-10] DEBUG org.hibernate.SQL - 
    select
        dkkh1_0.madk,
        dkkh1_0.mahv,
        hv1_0.mahv,
        hv1_0.cccd,
        hv1_0.diachi,
        hv1_0.email,
        hv1_0.gioitinh,
        hv1_0.hoten,
        hv1_0.ngaydangky,
        hv1_0.ngaysinh,
        hv1_0.sodienthoai,
        dkkh1_0.makh,
        kh1_0.makh,
        cth1_0.macth,
        cth1_0.hangbang,
        cth1_0.hocphi,
        cth1_0.sobuoilythuyet,
        cth1_0.sobuoithuchanh,
        cth1_0.tenchuongtrinh,
        kh1_0.ngaybatdau,
        kh1_0.ngayketthuc,
        kh1_0.tenkhoahoc,
        kh1_0.trangthai,
        dkkh1_0.ngaydangky,
        dkkh1_0.trangthai 
    from
        dang_ky_khoa_hoc dkkh1_0 
    join
        hoc_vien hv1_0 
            on hv1_0.mahv=dkkh1_0.mahv 
    join
        khoa_hoc kh1_0 
            on kh1_0.makh=dkkh1_0.makh 
    left join
        chuong_trinh_hoc cth1_0 
            on cth1_0.macth=kh1_0.macth 
    where
        dkkh1_0.madk=?
2026-07-22 10:16:24 [http-nio-8081-exec-10] TRACE org.hibernate.orm.jdbc.bind - binding parameter (1:INTEGER) <- [3]
2026-07-22 10:16:24 [http-nio-8081-exec-10] DEBUG org.hibernate.SQL - 
    select
        tt1_0.matt,
        tt1_0.madk,
        tt1_0.mahv,
        tt1_0.ngaythanhtoan,
        tt1_0.phuongthuc,
        tt1_0.sotien,
        tt1_0.trangthai 
    from
        thanh_toan tt1_0
2026-07-22 10:16:24 [http-nio-8081-exec-10] DEBUG org.hibernate.SQL - 
    select
        dkkh1_0.madk,
        dkkh1_0.mahv,
        hv1_0.mahv,
        hv1_0.cccd,
        hv1_0.diachi,
        hv1_0.email,
        hv1_0.gioitinh,
        hv1_0.hoten,
        hv1_0.ngaydangky,
        hv1_0.ngaysinh,
        hv1_0.sodienthoai,
        dkkh1_0.makh,
        kh1_0.makh,
        cth1_0.macth,
        cth1_0.hangbang,
        cth1_0.hocphi,
        cth1_0.sobuoilythuyet,
        cth1_0.sobuoithuchanh,
        cth1_0.tenchuongtrinh,
        kh1_0.ngaybatdau,
        kh1_0.ngayketthuc,
        kh1_0.tenkhoahoc,
        kh1_0.trangthai,
        dkkh1_0.ngaydangky,
        dkkh1_0.trangthai 
    from
        dang_ky_khoa_hoc dkkh1_0 
    join
        hoc_vien hv1_0 
            on hv1_0.mahv=dkkh1_0.mahv 
    join
        khoa_hoc kh1_0 
            on kh1_0.makh=dkkh1_0.makh 
    left join
        chuong_trinh_hoc cth1_0 
            on cth1_0.macth=kh1_0.macth 
    where
        dkkh1_0.madk=?
2026-07-22 10:16:24 [http-nio-8081-exec-10] TRACE org.hibernate.orm.jdbc.bind - binding parameter (1:INTEGER) <- [1]
2026-07-22 10:16:24 [http-nio-8081-exec-10] DEBUG org.hibernate.SQL - 
    select
        dkkh1_0.madk,
        dkkh1_0.mahv,
        hv1_0.mahv,
        hv1_0.cccd,
        hv1_0.diachi,
        hv1_0.email,
        hv1_0.gioitinh,
        hv1_0.hoten,
        hv1_0.ngaydangky,
        hv1_0.ngaysinh,
        hv1_0.sodienthoai,
        dkkh1_0.makh,
        kh1_0.makh,
        cth1_0.macth,
        cth1_0.hangbang,
        cth1_0.hocphi,
        cth1_0.sobuoilythuyet,
        cth1_0.sobuoithuchanh,
        cth1_0.tenchuongtrinh,
        kh1_0.ngaybatdau,
        kh1_0.ngayketthuc,
        kh1_0.tenkhoahoc,
        kh1_0.trangthai,
        dkkh1_0.ngaydangky,
        dkkh1_0.trangthai 
    from
        dang_ky_khoa_hoc dkkh1_0 
    join
        hoc_vien hv1_0 
            on hv1_0.mahv=dkkh1_0.mahv 
    join
        khoa_hoc kh1_0 
            on kh1_0.makh=dkkh1_0.makh 
    left join
        chuong_trinh_hoc cth1_0 
            on cth1_0.macth=kh1_0.macth 
    where
        dkkh1_0.madk=?
2026-07-22 10:16:24 [http-nio-8081-exec-10] TRACE org.hibernate.orm.jdbc.bind - binding parameter (1:INTEGER) <- [2]
2026-07-22 10:16:24 [http-nio-8081-exec-10] DEBUG org.hibernate.SQL - 
    select
        dkkh1_0.madk,
        dkkh1_0.mahv,
        hv1_0.mahv,
        hv1_0.cccd,
        hv1_0.diachi,
        hv1_0.email,
        hv1_0.gioitinh,
        hv1_0.hoten,
        hv1_0.ngaydangky,
        hv1_0.ngaysinh,
        hv1_0.sodienthoai,
        dkkh1_0.makh,
        kh1_0.makh,
        cth1_0.macth,
        cth1_0.hangbang,
        cth1_0.hocphi,
        cth1_0.sobuoilythuyet,
        cth1_0.sobuoithuchanh,
        cth1_0.tenchuongtrinh,
        kh1_0.ngaybatdau,
        kh1_0.ngayketthuc,
        kh1_0.tenkhoahoc,
        kh1_0.trangthai,
        dkkh1_0.ngaydangky,
        dkkh1_0.trangthai 
    from
        dang_ky_khoa_hoc dkkh1_0 
    join
        hoc_vien hv1_0 
            on hv1_0.mahv=dkkh1_0.mahv 
    join
        khoa_hoc kh1_0 
            on kh1_0.makh=dkkh1_0.makh 
    left join
        chuong_trinh_hoc cth1_0 
            on cth1_0.macth=kh1_0.macth 
    where
        dkkh1_0.madk=?
2026-07-22 10:16:24 [http-nio-8081-exec-10] TRACE org.hibernate.orm.jdbc.bind - binding parameter (1:INTEGER) <- [3]
2026-07-22 10:16:24 [http-nio-8081-exec-10] DEBUG org.hibernate.SQL - 
    select
        gv1_0.magv,
        gv1_0.cccd,
        gv1_0.diachi,
        gv1_0.email,
        gv1_0.gioitinh,
        gv1_0.hangday,
        gv1_0.hoten,
        gv1_0.ngaysinh,
        gv1_0.sodienthoai 
    from
        giao_vien gv1_0
2026-07-22 10:16:24 [http-nio-8081-exec-10] DEBUG org.hibernate.SQL - 
    select
        count_big(lh1_0.malop) 
    from
        lop_hoc lh1_0 
    where
        lh1_0.magv=?
2026-07-22 10:16:24 [http-nio-8081-exec-10] TRACE org.hibernate.orm.jdbc.bind - binding parameter (1:INTEGER) <- [1]
2026-07-22 10:16:24 [http-nio-8081-exec-10] DEBUG org.hibernate.SQL - 
    select
        count_big(lh1_0.malop) 
    from
        lop_hoc lh1_0 
    where
        lh1_0.magv=?
2026-07-22 10:16:24 [http-nio-8081-exec-10] TRACE org.hibernate.orm.jdbc.bind - binding parameter (1:INTEGER) <- [2]
2026-07-22 10:16:24 [http-nio-8081-exec-10] DEBUG org.hibernate.SQL - 
    select
        kh1_0.makh,
        kh1_0.macth,
        kh1_0.ngaybatdau,
        kh1_0.ngayketthuc,
        kh1_0.tenkhoahoc,
        kh1_0.trangthai 
    from
        khoa_hoc kh1_0
2026-07-22 10:16:24 [http-nio-8081-exec-10] DEBUG org.hibernate.SQL - 
    select
        cth1_0.macth,
        cth1_0.hangbang,
        cth1_0.hocphi,
        cth1_0.sobuoilythuyet,
        cth1_0.sobuoithuchanh,
        cth1_0.tenchuongtrinh 
    from
        chuong_trinh_hoc cth1_0 
    where
        cth1_0.macth=?
2026-07-22 10:16:24 [http-nio-8081-exec-10] TRACE org.hibernate.orm.jdbc.bind - binding parameter (1:INTEGER) <- [1]
2026-07-22 10:16:24 [http-nio-8081-exec-10] DEBUG org.hibernate.SQL - 
    select
        cth1_0.macth,
        cth1_0.hangbang,
        cth1_0.hocphi,
        cth1_0.sobuoilythuyet,
        cth1_0.sobuoithuchanh,
        cth1_0.tenchuongtrinh 
    from
        chuong_trinh_hoc cth1_0 
    where
        cth1_0.macth=?
2026-07-22 10:16:24 [http-nio-8081-exec-10] TRACE org.hibernate.orm.jdbc.bind - binding parameter (1:INTEGER) <- [2]
2026-07-22 10:16:24 [http-nio-8081-exec-9] DEBUG org.hibernate.SQL - 
    select
        xtl1_0.maxetl,
        xtl1_0.ghichu,
        xtl1_0.handangkiem,
        xtl1_0.hangbang,
        xtl1_0.ngay_cap_nhat,
        xtl1_0.ngaydangkiem,
        xtl1_0.ngay_tao,
        xtl1_0.maxe 
    from
        xe_tap_lai xtl1_0
2026-07-22 10:16:24 [http-nio-8081-exec-9] DEBUG org.hibernate.SQL - 
    select
        x1_0.maxe,
        x1_0.bienso,
        x1_0.hangxe,
        x1_0.loaixe,
        x1_0.namsanxuat,
        x1_0.trangthai 
    from
        xe x1_0 
    where
        x1_0.maxe=?
2026-07-22 10:16:24 [http-nio-8081-exec-9] TRACE org.hibernate.orm.jdbc.bind - binding parameter (1:INTEGER) <- [1]
2026-07-22 10:16:39 [http-nio-8081-exec-4] DEBUG org.hibernate.SQL - 
    select
        tk1_0.id,
        tk1_0.anh,
        tk1_0.cccd,
        tk1_0.email,
        tk1_0.ho_ten,
        tk1_0.khoa_den,
        tk1_0.lan_dang_nhap_cuoi,
        tk1_0.mat_khau,
        tk1_0.ngay_cap_nhat,
        tk1_0.ngay_tao,
        tk1_0.nguoi_tao_id,
        tk1_0.so_dien_thoai,
        tk1_0.so_lan_dang_nhap_sai,
        tk1_0.ten_dang_nhap,
        tk1_0.trang_thai,
        tk1_0.vai_tro_id 
    from
        tai_khoan tk1_0 
    where
        tk1_0.ten_dang_nhap=?
2026-07-22 10:16:39 [http-nio-8081-exec-1] DEBUG org.hibernate.SQL - 
    select
        tk1_0.id,
        tk1_0.anh,
        tk1_0.cccd,
        tk1_0.email,
        tk1_0.ho_ten,
        tk1_0.khoa_den,
        tk1_0.lan_dang_nhap_cuoi,
        tk1_0.mat_khau,
        tk1_0.ngay_cap_nhat,
        tk1_0.ngay_tao,
        tk1_0.nguoi_tao_id,
        tk1_0.so_dien_thoai,
        tk1_0.so_lan_dang_nhap_sai,
        tk1_0.ten_dang_nhap,
        tk1_0.trang_thai,
        tk1_0.vai_tro_id 
    from
        tai_khoan tk1_0 
    where
        tk1_0.ten_dang_nhap=?
2026-07-22 10:16:39 [http-nio-8081-exec-4] TRACE org.hibernate.orm.jdbc.bind - binding parameter (1:VARCHAR) <- [admin]
2026-07-22 10:16:39 [http-nio-8081-exec-1] TRACE org.hibernate.orm.jdbc.bind - binding parameter (1:VARCHAR) <- [admin]
2026-07-22 10:16:39 [http-nio-8081-exec-1] DEBUG org.hibernate.SQL - 
    select
        vt1_0.id,
        vt1_0.ma_vai_tro,
        vt1_0.mo_ta,
        vt1_0.ngay_cap_nhat,
        vt1_0.ngay_tao,
        vt1_0.ten_vai_tro,
        vt1_0.trang_thai 
    from
        vai_tro vt1_0 
    where
        vt1_0.id=?
2026-07-22 10:16:39 [http-nio-8081-exec-4] DEBUG org.hibernate.SQL - 
    select
        vt1_0.id,
        vt1_0.ma_vai_tro,
        vt1_0.mo_ta,
        vt1_0.ngay_cap_nhat,
        vt1_0.ngay_tao,
        vt1_0.ten_vai_tro,
        vt1_0.trang_thai 
    from
        vai_tro vt1_0 
    where
        vt1_0.id=?
2026-07-22 10:16:39 [http-nio-8081-exec-1] TRACE org.hibernate.orm.jdbc.bind - binding parameter (1:INTEGER) <- [4]
2026-07-22 10:16:39 [http-nio-8081-exec-4] TRACE org.hibernate.orm.jdbc.bind - binding parameter (1:INTEGER) <- [4]
2026-07-22 10:16:39 [http-nio-8081-exec-1] DEBUG org.hibernate.SQL - 
    select
        gv1_0.magv,
        gv1_0.cccd,
        gv1_0.diachi,
        gv1_0.email,
        gv1_0.gioitinh,
        gv1_0.hangday,
        gv1_0.hoten,
        gv1_0.ngaysinh,
        gv1_0.sodienthoai 
    from
        giao_vien gv1_0
2026-07-22 10:16:39 [http-nio-8081-exec-4] DEBUG org.hibernate.SQL - 
    select
        gv1_0.magv,
        gv1_0.cccd,
        gv1_0.diachi,
        gv1_0.email,
        gv1_0.gioitinh,
        gv1_0.hangday,
        gv1_0.hoten,
        gv1_0.ngaysinh,
        gv1_0.sodienthoai 
    from
        giao_vien gv1_0
2026-07-22 10:16:40 [http-nio-8081-exec-9] DEBUG org.hibernate.SQL - 
    select
        tk1_0.id,
        tk1_0.anh,
        tk1_0.cccd,
        tk1_0.email,
        tk1_0.ho_ten,
        tk1_0.khoa_den,
        tk1_0.lan_dang_nhap_cuoi,
        tk1_0.mat_khau,
        tk1_0.ngay_cap_nhat,
        tk1_0.ngay_tao,
        tk1_0.nguoi_tao_id,
        tk1_0.so_dien_thoai,
        tk1_0.so_lan_dang_nhap_sai,
        tk1_0.ten_dang_nhap,
        tk1_0.trang_thai,
        tk1_0.vai_tro_id 
    from
        tai_khoan tk1_0 
    where
        tk1_0.ten_dang_nhap=?
2026-07-22 10:16:40 [http-nio-8081-exec-8] DEBUG org.hibernate.SQL - 
    select
        tk1_0.id,
        tk1_0.anh,
        tk1_0.cccd,
        tk1_0.email,
        tk1_0.ho_ten,
        tk1_0.khoa_den,
        tk1_0.lan_dang_nhap_cuoi,
        tk1_0.mat_khau,
        tk1_0.ngay_cap_nhat,
        tk1_0.ngay_tao,
        tk1_0.nguoi_tao_id,
        tk1_0.so_dien_thoai,
        tk1_0.so_lan_dang_nhap_sai,
        tk1_0.ten_dang_nhap,
        tk1_0.trang_thai,
        tk1_0.vai_tro_id 
    from
        tai_khoan tk1_0 
    where
        tk1_0.ten_dang_nhap=?
2026-07-22 10:16:40 [http-nio-8081-exec-8] TRACE org.hibernate.orm.jdbc.bind - binding parameter (1:VARCHAR) <- [admin]
2026-07-22 10:16:40 [http-nio-8081-exec-9] TRACE org.hibernate.orm.jdbc.bind - binding parameter (1:VARCHAR) <- [admin]
2026-07-22 10:16:40 [http-nio-8081-exec-2] DEBUG org.hibernate.SQL - 
    select
        tk1_0.id,
        tk1_0.anh,
        tk1_0.cccd,
        tk1_0.email,
        tk1_0.ho_ten,
        tk1_0.khoa_den,
        tk1_0.lan_dang_nhap_cuoi,
        tk1_0.mat_khau,
        tk1_0.ngay_cap_nhat,
        tk1_0.ngay_tao,
        tk1_0.nguoi_tao_id,
        tk1_0.so_dien_thoai,
        tk1_0.so_lan_dang_nhap_sai,
        tk1_0.ten_dang_nhap,
        tk1_0.trang_thai,
        tk1_0.vai_tro_id 
    from
        tai_khoan tk1_0 
    where
        tk1_0.ten_dang_nhap=?
2026-07-22 10:16:40 [http-nio-8081-exec-7] DEBUG org.hibernate.SQL - 
    select
        tk1_0.id,
        tk1_0.anh,
        tk1_0.cccd,
        tk1_0.email,
        tk1_0.ho_ten,
        tk1_0.khoa_den,
        tk1_0.lan_dang_nhap_cuoi,
        tk1_0.mat_khau,
        tk1_0.ngay_cap_nhat,
        tk1_0.ngay_tao,
        tk1_0.nguoi_tao_id,
        tk1_0.so_dien_thoai,
        tk1_0.so_lan_dang_nhap_sai,
        tk1_0.ten_dang_nhap,
        tk1_0.trang_thai,
        tk1_0.vai_tro_id 
    from
        tai_khoan tk1_0 
    where
        tk1_0.ten_dang_nhap=?
2026-07-22 10:16:40 [http-nio-8081-exec-7] TRACE org.hibernate.orm.jdbc.bind - binding parameter (1:VARCHAR) <- [admin]
2026-07-22 10:16:40 [http-nio-8081-exec-7] DEBUG org.hibernate.SQL - 
    select
        vt1_0.id,
        vt1_0.ma_vai_tro,
        vt1_0.mo_ta,
        vt1_0.ngay_cap_nhat,
        vt1_0.ngay_tao,
        vt1_0.ten_vai_tro,
        vt1_0.trang_thai 
    from
        vai_tro vt1_0 
    where
        vt1_0.id=?
2026-07-22 10:16:40 [http-nio-8081-exec-9] DEBUG org.hibernate.SQL - 
    select
        vt1_0.id,
        vt1_0.ma_vai_tro,
        vt1_0.mo_ta,
        vt1_0.ngay_cap_nhat,
        vt1_0.ngay_tao,
        vt1_0.ten_vai_tro,
        vt1_0.trang_thai 
    from
        vai_tro vt1_0 
    where
        vt1_0.id=?
2026-07-22 10:16:40 [http-nio-8081-exec-8] DEBUG org.hibernate.SQL - 
    select
        vt1_0.id,
        vt1_0.ma_vai_tro,
        vt1_0.mo_ta,
        vt1_0.ngay_cap_nhat,
        vt1_0.ngay_tao,
        vt1_0.ten_vai_tro,
        vt1_0.trang_thai 
    from
        vai_tro vt1_0 
    where
        vt1_0.id=?
2026-07-22 10:16:40 [http-nio-8081-exec-7] TRACE org.hibernate.orm.jdbc.bind - binding parameter (1:INTEGER) <- [4]
2026-07-22 10:16:40 [http-nio-8081-exec-9] TRACE org.hibernate.orm.jdbc.bind - binding parameter (1:INTEGER) <- [4]
2026-07-22 10:16:40 [http-nio-8081-exec-8] TRACE org.hibernate.orm.jdbc.bind - binding parameter (1:INTEGER) <- [4]
2026-07-22 10:16:40 [http-nio-8081-exec-2] TRACE org.hibernate.orm.jdbc.bind - binding parameter (1:VARCHAR) <- [admin]
2026-07-22 10:16:40 [http-nio-8081-exec-2] DEBUG org.hibernate.SQL - 
    select
        vt1_0.id,
        vt1_0.ma_vai_tro,
        vt1_0.mo_ta,
        vt1_0.ngay_cap_nhat,
        vt1_0.ngay_tao,
        vt1_0.ten_vai_tro,
        vt1_0.trang_thai 
    from
        vai_tro vt1_0 
    where
        vt1_0.id=?
2026-07-22 10:16:40 [http-nio-8081-exec-2] TRACE org.hibernate.orm.jdbc.bind - binding parameter (1:INTEGER) <- [4]
2026-07-22 10:16:41 [http-nio-8081-exec-1] DEBUG org.hibernate.SQL - 
    select
        tk1_0.id,
        tk1_0.anh,
        tk1_0.cccd,
        tk1_0.email,
        tk1_0.ho_ten,
        tk1_0.khoa_den,
        tk1_0.lan_dang_nhap_cuoi,
        tk1_0.mat_khau,
        tk1_0.ngay_cap_nhat,
        tk1_0.ngay_tao,
        tk1_0.nguoi_tao_id,
        tk1_0.so_dien_thoai,
        tk1_0.so_lan_dang_nhap_sai,
        tk1_0.ten_dang_nhap,
        tk1_0.trang_thai,
        tk1_0.vai_tro_id 
    from
        tai_khoan tk1_0 
    where
        tk1_0.ten_dang_nhap=?
2026-07-22 10:16:41 [http-nio-8081-exec-4] DEBUG org.hibernate.SQL - 
    select
        tk1_0.id,
        tk1_0.anh,
        tk1_0.cccd,
        tk1_0.email,
        tk1_0.ho_ten,
        tk1_0.khoa_den,
        tk1_0.lan_dang_nhap_cuoi,
        tk1_0.mat_khau,
        tk1_0.ngay_cap_nhat,
        tk1_0.ngay_tao,
        tk1_0.nguoi_tao_id,
        tk1_0.so_dien_thoai,
        tk1_0.so_lan_dang_nhap_sai,
        tk1_0.ten_dang_nhap,
        tk1_0.trang_thai,
        tk1_0.vai_tro_id 
    from
        tai_khoan tk1_0 
    where
        tk1_0.ten_dang_nhap=?
2026-07-22 10:16:41 [http-nio-8081-exec-1] TRACE org.hibernate.orm.jdbc.bind - binding parameter (1:VARCHAR) <- [admin]
2026-07-22 10:16:41 [http-nio-8081-exec-4] TRACE org.hibernate.orm.jdbc.bind - binding parameter (1:VARCHAR) <- [admin]
2026-07-22 10:16:41 [http-nio-8081-exec-4] DEBUG org.hibernate.SQL - 
    select
        vt1_0.id,
        vt1_0.ma_vai_tro,
        vt1_0.mo_ta,
        vt1_0.ngay_cap_nhat,
        vt1_0.ngay_tao,
        vt1_0.ten_vai_tro,
        vt1_0.trang_thai 
    from
        vai_tro vt1_0 
    where
        vt1_0.id=?
2026-07-22 10:16:41 [http-nio-8081-exec-1] DEBUG org.hibernate.SQL - 
    select
        vt1_0.id,
        vt1_0.ma_vai_tro,
        vt1_0.mo_ta,
        vt1_0.ngay_cap_nhat,
        vt1_0.ngay_tao,
        vt1_0.ten_vai_tro,
        vt1_0.trang_thai 
    from
        vai_tro vt1_0 
    where
        vt1_0.id=?
2026-07-22 10:16:41 [http-nio-8081-exec-4] TRACE org.hibernate.orm.jdbc.bind - binding parameter (1:INTEGER) <- [4]
2026-07-22 10:16:41 [http-nio-8081-exec-1] TRACE org.hibernate.orm.jdbc.bind - binding parameter (1:INTEGER) <- [4]
2026-07-22 10:16:41 [http-nio-8081-exec-4] DEBUG org.hibernate.SQL - 
    select
        gv1_0.magv,
        gv1_0.cccd,
        gv1_0.diachi,
        gv1_0.email,
        gv1_0.gioitinh,
        gv1_0.hangday,
        gv1_0.hoten,
        gv1_0.ngaysinh,
        gv1_0.sodienthoai 
    from
        giao_vien gv1_0
2026-07-22 10:16:41 [http-nio-8081-exec-1] DEBUG org.hibernate.SQL - 
    select
        gv1_0.magv,
        gv1_0.cccd,
        gv1_0.diachi,
        gv1_0.email,
        gv1_0.gioitinh,
        gv1_0.hangday,
        gv1_0.hoten,
        gv1_0.ngaysinh,
        gv1_0.sodienthoai 
    from
        giao_vien gv1_0
2026-07-22 10:16:42 [http-nio-8081-exec-3] DEBUG org.hibernate.SQL - 
    select
        tk1_0.id,
        tk1_0.anh,
        tk1_0.cccd,
        tk1_0.email,
        tk1_0.ho_ten,
        tk1_0.khoa_den,
        tk1_0.lan_dang_nhap_cuoi,
        tk1_0.mat_khau,
        tk1_0.ngay_cap_nhat,
        tk1_0.ngay_tao,
        tk1_0.nguoi_tao_id,
        tk1_0.so_dien_thoai,
        tk1_0.so_lan_dang_nhap_sai,
        tk1_0.ten_dang_nhap,
        tk1_0.trang_thai,
        tk1_0.vai_tro_id 
    from
        tai_khoan tk1_0 
    where
        tk1_0.ten_dang_nhap=?
2026-07-22 10:16:42 [http-nio-8081-exec-3] TRACE org.hibernate.orm.jdbc.bind - binding parameter (1:VARCHAR) <- [admin]
2026-07-22 10:16:42 [http-nio-8081-exec-10] DEBUG org.hibernate.SQL - 
    select
        tk1_0.id,
        tk1_0.anh,
        tk1_0.cccd,
        tk1_0.email,
        tk1_0.ho_ten,
        tk1_0.khoa_den,
        tk1_0.lan_dang_nhap_cuoi,
        tk1_0.mat_khau,
        tk1_0.ngay_cap_nhat,
        tk1_0.ngay_tao,
        tk1_0.nguoi_tao_id,
        tk1_0.so_dien_thoai,
        tk1_0.so_lan_dang_nhap_sai,
        tk1_0.ten_dang_nhap,
        tk1_0.trang_thai,
        tk1_0.vai_tro_id 
    from
        tai_khoan tk1_0 
    where
        tk1_0.ten_dang_nhap=?
2026-07-22 10:16:42 [http-nio-8081-exec-6] DEBUG org.hibernate.SQL - 
    select
        tk1_0.id,
        tk1_0.anh,
        tk1_0.cccd,
        tk1_0.email,
        tk1_0.ho_ten,
        tk1_0.khoa_den,
        tk1_0.lan_dang_nhap_cuoi,
        tk1_0.mat_khau,
        tk1_0.ngay_cap_nhat,
        tk1_0.ngay_tao,
        tk1_0.nguoi_tao_id,
        tk1_0.so_dien_thoai,
        tk1_0.so_lan_dang_nhap_sai,
        tk1_0.ten_dang_nhap,
        tk1_0.trang_thai,
        tk1_0.vai_tro_id 
    from
        tai_khoan tk1_0 
    where
        tk1_0.ten_dang_nhap=?
2026-07-22 10:16:42 [http-nio-8081-exec-5] DEBUG org.hibernate.SQL - 
    select
        tk1_0.id,
        tk1_0.anh,
        tk1_0.cccd,
        tk1_0.email,
        tk1_0.ho_ten,
        tk1_0.khoa_den,
        tk1_0.lan_dang_nhap_cuoi,
        tk1_0.mat_khau,
        tk1_0.ngay_cap_nhat,
        tk1_0.ngay_tao,
        tk1_0.nguoi_tao_id,
        tk1_0.so_dien_thoai,
        tk1_0.so_lan_dang_nhap_sai,
        tk1_0.ten_dang_nhap,
        tk1_0.trang_thai,
        tk1_0.vai_tro_id 
    from
        tai_khoan tk1_0 
    where
        tk1_0.ten_dang_nhap=?
2026-07-22 10:16:42 [http-nio-8081-exec-3] DEBUG org.hibernate.SQL - 
    select
        vt1_0.id,
        vt1_0.ma_vai_tro,
        vt1_0.mo_ta,
        vt1_0.ngay_cap_nhat,
        vt1_0.ngay_tao,
        vt1_0.ten_vai_tro,
        vt1_0.trang_thai 
    from
        vai_tro vt1_0 
    where
        vt1_0.id=?
2026-07-22 10:16:42 [http-nio-8081-exec-10] TRACE org.hibernate.orm.jdbc.bind - binding parameter (1:VARCHAR) <- [admin]
2026-07-22 10:16:42 [http-nio-8081-exec-5] TRACE org.hibernate.orm.jdbc.bind - binding parameter (1:VARCHAR) <- [admin]
2026-07-22 10:16:42 [http-nio-8081-exec-6] TRACE org.hibernate.orm.jdbc.bind - binding parameter (1:VARCHAR) <- [admin]
2026-07-22 10:16:42 [http-nio-8081-exec-3] TRACE org.hibernate.orm.jdbc.bind - binding parameter (1:INTEGER) <- [4]
2026-07-22 10:16:42 [http-nio-8081-exec-10] DEBUG org.hibernate.SQL - 
    select
        vt1_0.id,
        vt1_0.ma_vai_tro,
        vt1_0.mo_ta,
        vt1_0.ngay_cap_nhat,
        vt1_0.ngay_tao,
        vt1_0.ten_vai_tro,
        vt1_0.trang_thai 
    from
        vai_tro vt1_0 
    where
        vt1_0.id=?
2026-07-22 10:16:42 [http-nio-8081-exec-10] TRACE org.hibernate.orm.jdbc.bind - binding parameter (1:INTEGER) <- [4]
2026-07-22 10:16:42 [http-nio-8081-exec-6] DEBUG org.hibernate.SQL - 
    select
        vt1_0.id,
        vt1_0.ma_vai_tro,
        vt1_0.mo_ta,
        vt1_0.ngay_cap_nhat,
        vt1_0.ngay_tao,
        vt1_0.ten_vai_tro,
        vt1_0.trang_thai 
    from
        vai_tro vt1_0 
    where
        vt1_0.id=?
2026-07-22 10:16:42 [http-nio-8081-exec-6] TRACE org.hibernate.orm.jdbc.bind - binding parameter (1:INTEGER) <- [4]
2026-07-22 10:16:42 [http-nio-8081-exec-5] DEBUG org.hibernate.SQL - 
    select
        vt1_0.id,
        vt1_0.ma_vai_tro,
        vt1_0.mo_ta,
        vt1_0.ngay_cap_nhat,
        vt1_0.ngay_tao,
        vt1_0.ten_vai_tro,
        vt1_0.trang_thai 
    from
        vai_tro vt1_0 
    where
        vt1_0.id=?
2026-07-22 10:16:42 [http-nio-8081-exec-5] TRACE org.hibernate.orm.jdbc.bind - binding parameter (1:INTEGER) <- [4]
2026-07-22 10:16:42 [http-nio-8081-exec-9] DEBUG org.hibernate.SQL - 
    select
        tk1_0.id,
        tk1_0.anh,
        tk1_0.cccd,
        tk1_0.email,
        tk1_0.ho_ten,
        tk1_0.khoa_den,
        tk1_0.lan_dang_nhap_cuoi,
        tk1_0.mat_khau,
        tk1_0.ngay_cap_nhat,
        tk1_0.ngay_tao,
        tk1_0.nguoi_tao_id,
        tk1_0.so_dien_thoai,
        tk1_0.so_lan_dang_nhap_sai,
        tk1_0.ten_dang_nhap,
        tk1_0.trang_thai,
        tk1_0.vai_tro_id 
    from
        tai_khoan tk1_0 
    where
        tk1_0.ten_dang_nhap=?
2026-07-22 10:16:42 [http-nio-8081-exec-7] DEBUG org.hibernate.SQL - 
    select
        tk1_0.id,
        tk1_0.anh,
        tk1_0.cccd,
        tk1_0.email,
        tk1_0.ho_ten,
        tk1_0.khoa_den,
        tk1_0.lan_dang_nhap_cuoi,
        tk1_0.mat_khau,
        tk1_0.ngay_cap_nhat,
        tk1_0.ngay_tao,
        tk1_0.nguoi_tao_id,
        tk1_0.so_dien_thoai,
        tk1_0.so_lan_dang_nhap_sai,
        tk1_0.ten_dang_nhap,
        tk1_0.trang_thai,
        tk1_0.vai_tro_id 
    from
        tai_khoan tk1_0 
    where
        tk1_0.ten_dang_nhap=?
2026-07-22 10:16:42 [http-nio-8081-exec-7] TRACE org.hibernate.orm.jdbc.bind - binding parameter (1:VARCHAR) <- [admin]
2026-07-22 10:16:42 [http-nio-8081-exec-9] TRACE org.hibernate.orm.jdbc.bind - binding parameter (1:VARCHAR) <- [admin]
2026-07-22 10:16:42 [http-nio-8081-exec-9] DEBUG org.hibernate.SQL - 
    select
        vt1_0.id,
        vt1_0.ma_vai_tro,
        vt1_0.mo_ta,
        vt1_0.ngay_cap_nhat,
        vt1_0.ngay_tao,
        vt1_0.ten_vai_tro,
        vt1_0.trang_thai 
    from
        vai_tro vt1_0 
    where
        vt1_0.id=?
2026-07-22 10:16:42 [http-nio-8081-exec-7] DEBUG org.hibernate.SQL - 
    select
        vt1_0.id,
        vt1_0.ma_vai_tro,
        vt1_0.mo_ta,
        vt1_0.ngay_cap_nhat,
        vt1_0.ngay_tao,
        vt1_0.ten_vai_tro,
        vt1_0.trang_thai 
    from
        vai_tro vt1_0 
    where
        vt1_0.id=?
2026-07-22 10:16:42 [http-nio-8081-exec-9] TRACE org.hibernate.orm.jdbc.bind - binding parameter (1:INTEGER) <- [4]
2026-07-22 10:16:42 [http-nio-8081-exec-7] TRACE org.hibernate.orm.jdbc.bind - binding parameter (1:INTEGER) <- [4]
2026-07-22 10:16:42 [http-nio-8081-exec-9] DEBUG org.hibernate.SQL - 
    select
        gv1_0.magv,
        gv1_0.cccd,
        gv1_0.diachi,
        gv1_0.email,
        gv1_0.gioitinh,
        gv1_0.hangday,
        gv1_0.hoten,
        gv1_0.ngaysinh,
        gv1_0.sodienthoai 
    from
        giao_vien gv1_0
2026-07-22 10:16:42 [http-nio-8081-exec-7] DEBUG org.hibernate.SQL - 
    select
        gv1_0.magv,
        gv1_0.cccd,
        gv1_0.diachi,
        gv1_0.email,
        gv1_0.gioitinh,
        gv1_0.hangday,
        gv1_0.hoten,
        gv1_0.ngaysinh,
        gv1_0.sodienthoai 
    from
        giao_vien gv1_0
2026-07-22 10:16:45 [http-nio-8081-exec-1] DEBUG org.hibernate.SQL - 
    select
        tk1_0.id,
        tk1_0.anh,
        tk1_0.cccd,
        tk1_0.email,
        tk1_0.ho_ten,
        tk1_0.khoa_den,
        tk1_0.lan_dang_nhap_cuoi,
        tk1_0.mat_khau,
        tk1_0.ngay_cap_nhat,
        tk1_0.ngay_tao,
        tk1_0.nguoi_tao_id,
        tk1_0.so_dien_thoai,
        tk1_0.so_lan_dang_nhap_sai,
        tk1_0.ten_dang_nhap,
        tk1_0.trang_thai,
        tk1_0.vai_tro_id 
    from
        tai_khoan tk1_0 
    where
        tk1_0.ten_dang_nhap=?
2026-07-22 10:16:45 [http-nio-8081-exec-2] DEBUG org.hibernate.SQL - 
    select
        tk1_0.id,
        tk1_0.anh,
        tk1_0.cccd,
        tk1_0.email,
        tk1_0.ho_ten,
        tk1_0.khoa_den,
        tk1_0.lan_dang_nhap_cuoi,
        tk1_0.mat_khau,
        tk1_0.ngay_cap_nhat,
        tk1_0.ngay_tao,
        tk1_0.nguoi_tao_id,
        tk1_0.so_dien_thoai,
        tk1_0.so_lan_dang_nhap_sai,
        tk1_0.ten_dang_nhap,
        tk1_0.trang_thai,
        tk1_0.vai_tro_id 
    from
        tai_khoan tk1_0 
    where
        tk1_0.ten_dang_nhap=?
2026-07-22 10:16:45 [http-nio-8081-exec-8] DEBUG org.hibernate.SQL - 
    select
        tk1_0.id,
        tk1_0.anh,
        tk1_0.cccd,
        tk1_0.email,
        tk1_0.ho_ten,
        tk1_0.khoa_den,
        tk1_0.lan_dang_nhap_cuoi,
        tk1_0.mat_khau,
        tk1_0.ngay_cap_nhat,
        tk1_0.ngay_tao,
        tk1_0.nguoi_tao_id,
        tk1_0.so_dien_thoai,
        tk1_0.so_lan_dang_nhap_sai,
        tk1_0.ten_dang_nhap,
        tk1_0.trang_thai,
        tk1_0.vai_tro_id 
    from
        tai_khoan tk1_0 
    where
        tk1_0.ten_dang_nhap=?
2026-07-22 10:16:45 [http-nio-8081-exec-4] DEBUG org.hibernate.SQL - 
    select
        tk1_0.id,
        tk1_0.anh,
        tk1_0.cccd,
        tk1_0.email,
        tk1_0.ho_ten,
        tk1_0.khoa_den,
        tk1_0.lan_dang_nhap_cuoi,
        tk1_0.mat_khau,
        tk1_0.ngay_cap_nhat,
        tk1_0.ngay_tao,
        tk1_0.nguoi_tao_id,
        tk1_0.so_dien_thoai,
        tk1_0.so_lan_dang_nhap_sai,
        tk1_0.ten_dang_nhap,
        tk1_0.trang_thai,
        tk1_0.vai_tro_id 
    from
        tai_khoan tk1_0 
    where
        tk1_0.ten_dang_nhap=?
2026-07-22 10:16:45 [http-nio-8081-exec-1] TRACE org.hibernate.orm.jdbc.bind - binding parameter (1:VARCHAR) <- [admin]
2026-07-22 10:16:45 [http-nio-8081-exec-2] TRACE org.hibernate.orm.jdbc.bind - binding parameter (1:VARCHAR) <- [admin]
2026-07-22 10:16:45 [http-nio-8081-exec-8] TRACE org.hibernate.orm.jdbc.bind - binding parameter (1:VARCHAR) <- [admin]
2026-07-22 10:16:45 [http-nio-8081-exec-4] TRACE org.hibernate.orm.jdbc.bind - binding parameter (1:VARCHAR) <- [admin]
2026-07-22 10:16:45 [http-nio-8081-exec-4] DEBUG org.hibernate.SQL - 
    select
        vt1_0.id,
        vt1_0.ma_vai_tro,
        vt1_0.mo_ta,
        vt1_0.ngay_cap_nhat,
        vt1_0.ngay_tao,
        vt1_0.ten_vai_tro,
        vt1_0.trang_thai 
    from
        vai_tro vt1_0 
    where
        vt1_0.id=?
2026-07-22 10:16:45 [http-nio-8081-exec-1] DEBUG org.hibernate.SQL - 
    select
        vt1_0.id,
        vt1_0.ma_vai_tro,
        vt1_0.mo_ta,
        vt1_0.ngay_cap_nhat,
        vt1_0.ngay_tao,
        vt1_0.ten_vai_tro,
        vt1_0.trang_thai 
    from
        vai_tro vt1_0 
    where
        vt1_0.id=?
2026-07-22 10:16:45 [http-nio-8081-exec-8] DEBUG org.hibernate.SQL - 
    select
        vt1_0.id,
        vt1_0.ma_vai_tro,
        vt1_0.mo_ta,
        vt1_0.ngay_cap_nhat,
        vt1_0.ngay_tao,
        vt1_0.ten_vai_tro,
        vt1_0.trang_thai 
    from
        vai_tro vt1_0 
    where
        vt1_0.id=?
2026-07-22 10:16:45 [http-nio-8081-exec-2] DEBUG org.hibernate.SQL - 
    select
        vt1_0.id,
        vt1_0.ma_vai_tro,
        vt1_0.mo_ta,
        vt1_0.ngay_cap_nhat,
        vt1_0.ngay_tao,
        vt1_0.ten_vai_tro,
        vt1_0.trang_thai 
    from
        vai_tro vt1_0 
    where
        vt1_0.id=?
2026-07-22 10:16:45 [http-nio-8081-exec-4] TRACE org.hibernate.orm.jdbc.bind - binding parameter (1:INTEGER) <- [4]
2026-07-22 10:16:45 [http-nio-8081-exec-1] TRACE org.hibernate.orm.jdbc.bind - binding parameter (1:INTEGER) <- [4]
2026-07-22 10:16:45 [http-nio-8081-exec-8] TRACE org.hibernate.orm.jdbc.bind - binding parameter (1:INTEGER) <- [4]
2026-07-22 10:16:45 [http-nio-8081-exec-2] TRACE org.hibernate.orm.jdbc.bind - binding parameter (1:INTEGER) <- [4]
2026-07-22 10:16:46 [http-nio-8081-exec-3] DEBUG org.hibernate.SQL - 
    select
        tk1_0.id,
        tk1_0.anh,
        tk1_0.cccd,
        tk1_0.email,
        tk1_0.ho_ten,
        tk1_0.khoa_den,
        tk1_0.lan_dang_nhap_cuoi,
        tk1_0.mat_khau,
        tk1_0.ngay_cap_nhat,
        tk1_0.ngay_tao,
        tk1_0.nguoi_tao_id,
        tk1_0.so_dien_thoai,
        tk1_0.so_lan_dang_nhap_sai,
        tk1_0.ten_dang_nhap,
        tk1_0.trang_thai,
        tk1_0.vai_tro_id 
    from
        tai_khoan tk1_0 
    where
        tk1_0.ten_dang_nhap=?
2026-07-22 10:16:46 [http-nio-8081-exec-10] DEBUG org.hibernate.SQL - 
    select
        tk1_0.id,
        tk1_0.anh,
        tk1_0.cccd,
        tk1_0.email,
        tk1_0.ho_ten,
        tk1_0.khoa_den,
        tk1_0.lan_dang_nhap_cuoi,
        tk1_0.mat_khau,
        tk1_0.ngay_cap_nhat,
        tk1_0.ngay_tao,
        tk1_0.nguoi_tao_id,
        tk1_0.so_dien_thoai,
        tk1_0.so_lan_dang_nhap_sai,
        tk1_0.ten_dang_nhap,
        tk1_0.trang_thai,
        tk1_0.vai_tro_id 
    from
        tai_khoan tk1_0 
    where
        tk1_0.ten_dang_nhap=?
2026-07-22 10:16:46 [http-nio-8081-exec-3] TRACE org.hibernate.orm.jdbc.bind - binding parameter (1:VARCHAR) <- [admin]
2026-07-22 10:16:46 [http-nio-8081-exec-10] TRACE org.hibernate.orm.jdbc.bind - binding parameter (1:VARCHAR) <- [admin]
2026-07-22 10:16:46 [http-nio-8081-exec-10] DEBUG org.hibernate.SQL - 
    select
        vt1_0.id,
        vt1_0.ma_vai_tro,
        vt1_0.mo_ta,
        vt1_0.ngay_cap_nhat,
        vt1_0.ngay_tao,
        vt1_0.ten_vai_tro,
        vt1_0.trang_thai 
    from
        vai_tro vt1_0 
    where
        vt1_0.id=?
2026-07-22 10:16:46 [http-nio-8081-exec-3] DEBUG org.hibernate.SQL - 
    select
        vt1_0.id,
        vt1_0.ma_vai_tro,
        vt1_0.mo_ta,
        vt1_0.ngay_cap_nhat,
        vt1_0.ngay_tao,
        vt1_0.ten_vai_tro,
        vt1_0.trang_thai 
    from
        vai_tro vt1_0 
    where
        vt1_0.id=?
2026-07-22 10:16:46 [http-nio-8081-exec-10] TRACE org.hibernate.orm.jdbc.bind - binding parameter (1:INTEGER) <- [4]
2026-07-22 10:16:46 [http-nio-8081-exec-3] TRACE org.hibernate.orm.jdbc.bind - binding parameter (1:INTEGER) <- [4]
2026-07-22 10:16:46 [http-nio-8081-exec-3] DEBUG org.hibernate.SQL - 
    select
        gv1_0.magv,
        gv1_0.cccd,
        gv1_0.diachi,
        gv1_0.email,
        gv1_0.gioitinh,
        gv1_0.hangday,
        gv1_0.hoten,
        gv1_0.ngaysinh,
        gv1_0.sodienthoai 
    from
        giao_vien gv1_0
2026-07-22 10:16:46 [http-nio-8081-exec-10] DEBUG org.hibernate.SQL - 
    select
        gv1_0.magv,
        gv1_0.cccd,
        gv1_0.diachi,
        gv1_0.email,
        gv1_0.gioitinh,
        gv1_0.hangday,
        gv1_0.hoten,
        gv1_0.ngaysinh,
        gv1_0.sodienthoai 
    from
        giao_vien gv1_0
2026-07-22 10:16:47 [http-nio-8081-exec-5] DEBUG org.hibernate.SQL - 
    select
        tk1_0.id,
        tk1_0.anh,
        tk1_0.cccd,
        tk1_0.email,
        tk1_0.ho_ten,
        tk1_0.khoa_den,
        tk1_0.lan_dang_nhap_cuoi,
        tk1_0.mat_khau,
        tk1_0.ngay_cap_nhat,
        tk1_0.ngay_tao,
        tk1_0.nguoi_tao_id,
        tk1_0.so_dien_thoai,
        tk1_0.so_lan_dang_nhap_sai,
        tk1_0.ten_dang_nhap,
        tk1_0.trang_thai,
        tk1_0.vai_tro_id 
    from
        tai_khoan tk1_0 
    where
        tk1_0.ten_dang_nhap=?
2026-07-22 10:16:47 [http-nio-8081-exec-7] DEBUG org.hibernate.SQL - 
    select
        tk1_0.id,
        tk1_0.anh,
        tk1_0.cccd,
        tk1_0.email,
        tk1_0.ho_ten,
        tk1_0.khoa_den,
        tk1_0.lan_dang_nhap_cuoi,
        tk1_0.mat_khau,
        tk1_0.ngay_cap_nhat,
        tk1_0.ngay_tao,
        tk1_0.nguoi_tao_id,
        tk1_0.so_dien_thoai,
        tk1_0.so_lan_dang_nhap_sai,
        tk1_0.ten_dang_nhap,
        tk1_0.trang_thai,
        tk1_0.vai_tro_id 
    from
        tai_khoan tk1_0 
    where
        tk1_0.ten_dang_nhap=?
2026-07-22 10:16:47 [http-nio-8081-exec-9] DEBUG org.hibernate.SQL - 
    select
        tk1_0.id,
        tk1_0.anh,
        tk1_0.cccd,
        tk1_0.email,
        tk1_0.ho_ten,
        tk1_0.khoa_den,
        tk1_0.lan_dang_nhap_cuoi,
        tk1_0.mat_khau,
        tk1_0.ngay_cap_nhat,
        tk1_0.ngay_tao,
        tk1_0.nguoi_tao_id,
        tk1_0.so_dien_thoai,
        tk1_0.so_lan_dang_nhap_sai,
        tk1_0.ten_dang_nhap,
        tk1_0.trang_thai,
        tk1_0.vai_tro_id 
    from
        tai_khoan tk1_0 
    where
        tk1_0.ten_dang_nhap=?
2026-07-22 10:16:47 [http-nio-8081-exec-6] DEBUG org.hibernate.SQL - 
    select
        tk1_0.id,
        tk1_0.anh,
        tk1_0.cccd,
        tk1_0.email,
        tk1_0.ho_ten,
        tk1_0.khoa_den,
        tk1_0.lan_dang_nhap_cuoi,
        tk1_0.mat_khau,
        tk1_0.ngay_cap_nhat,
        tk1_0.ngay_tao,
        tk1_0.nguoi_tao_id,
        tk1_0.so_dien_thoai,
        tk1_0.so_lan_dang_nhap_sai,
        tk1_0.ten_dang_nhap,
        tk1_0.trang_thai,
        tk1_0.vai_tro_id 
    from
        tai_khoan tk1_0 
    where
        tk1_0.ten_dang_nhap=?
2026-07-22 10:16:47 [http-nio-8081-exec-5] TRACE org.hibernate.orm.jdbc.bind - binding parameter (1:VARCHAR) <- [admin]
2026-07-22 10:16:47 [http-nio-8081-exec-6] TRACE org.hibernate.orm.jdbc.bind - binding parameter (1:VARCHAR) <- [admin]
2026-07-22 10:16:47 [http-nio-8081-exec-7] TRACE org.hibernate.orm.jdbc.bind - binding parameter (1:VARCHAR) <- [admin]
2026-07-22 10:16:47 [http-nio-8081-exec-9] TRACE org.hibernate.orm.jdbc.bind - binding parameter (1:VARCHAR) <- [admin]
2026-07-22 10:16:47 [http-nio-8081-exec-6] DEBUG org.hibernate.SQL - 
    select
        vt1_0.id,
        vt1_0.ma_vai_tro,
        vt1_0.mo_ta,
        vt1_0.ngay_cap_nhat,
        vt1_0.ngay_tao,
        vt1_0.ten_vai_tro,
        vt1_0.trang_thai 
    from
        vai_tro vt1_0 
    where
        vt1_0.id=?
2026-07-22 10:16:47 [http-nio-8081-exec-6] TRACE org.hibernate.orm.jdbc.bind - binding parameter (1:INTEGER) <- [4]
2026-07-22 10:16:47 [http-nio-8081-exec-7] DEBUG org.hibernate.SQL - 
    select
        vt1_0.id,
        vt1_0.ma_vai_tro,
        vt1_0.mo_ta,
        vt1_0.ngay_cap_nhat,
        vt1_0.ngay_tao,
        vt1_0.ten_vai_tro,
        vt1_0.trang_thai 
    from
        vai_tro vt1_0 
    where
        vt1_0.id=?
2026-07-22 10:16:47 [http-nio-8081-exec-7] TRACE org.hibernate.orm.jdbc.bind - binding parameter (1:INTEGER) <- [4]
2026-07-22 10:16:47 [http-nio-8081-exec-5] DEBUG org.hibernate.SQL - 
    select
        vt1_0.id,
        vt1_0.ma_vai_tro,
        vt1_0.mo_ta,
        vt1_0.ngay_cap_nhat,
        vt1_0.ngay_tao,
        vt1_0.ten_vai_tro,
        vt1_0.trang_thai 
    from
        vai_tro vt1_0 
    where
        vt1_0.id=?
2026-07-22 10:16:47 [http-nio-8081-exec-5] TRACE org.hibernate.orm.jdbc.bind - binding parameter (1:INTEGER) <- [4]
2026-07-22 10:16:47 [http-nio-8081-exec-9] DEBUG org.hibernate.SQL - 
    select
        vt1_0.id,
        vt1_0.ma_vai_tro,
        vt1_0.mo_ta,
        vt1_0.ngay_cap_nhat,
        vt1_0.ngay_tao,
        vt1_0.ten_vai_tro,
        vt1_0.trang_thai 
    from
        vai_tro vt1_0 
    where
        vt1_0.id=?
2026-07-22 10:16:47 [http-nio-8081-exec-9] TRACE org.hibernate.orm.jdbc.bind - binding parameter (1:INTEGER) <- [4]
2026-07-22 10:16:47 [http-nio-8081-exec-1] DEBUG org.hibernate.SQL - 
    select
        tk1_0.id,
        tk1_0.anh,
        tk1_0.cccd,
        tk1_0.email,
        tk1_0.ho_ten,
        tk1_0.khoa_den,
        tk1_0.lan_dang_nhap_cuoi,
        tk1_0.mat_khau,
        tk1_0.ngay_cap_nhat,
        tk1_0.ngay_tao,
        tk1_0.nguoi_tao_id,
        tk1_0.so_dien_thoai,
        tk1_0.so_lan_dang_nhap_sai,
        tk1_0.ten_dang_nhap,
        tk1_0.trang_thai,
        tk1_0.vai_tro_id 
    from
        tai_khoan tk1_0 
    where
        tk1_0.ten_dang_nhap=?
2026-07-22 10:16:47 [http-nio-8081-exec-4] DEBUG org.hibernate.SQL - 
    select
        tk1_0.id,
        tk1_0.anh,
        tk1_0.cccd,
        tk1_0.email,
        tk1_0.ho_ten,
        tk1_0.khoa_den,
        tk1_0.lan_dang_nhap_cuoi,
        tk1_0.mat_khau,
        tk1_0.ngay_cap_nhat,
        tk1_0.ngay_tao,
        tk1_0.nguoi_tao_id,
        tk1_0.so_dien_thoai,
        tk1_0.so_lan_dang_nhap_sai,
        tk1_0.ten_dang_nhap,
        tk1_0.trang_thai,
        tk1_0.vai_tro_id 
    from
        tai_khoan tk1_0 
    where
        tk1_0.ten_dang_nhap=?
2026-07-22 10:16:47 [http-nio-8081-exec-1] TRACE org.hibernate.orm.jdbc.bind - binding parameter (1:VARCHAR) <- [admin]
2026-07-22 10:16:47 [http-nio-8081-exec-4] TRACE org.hibernate.orm.jdbc.bind - binding parameter (1:VARCHAR) <- [admin]
2026-07-22 10:16:47 [http-nio-8081-exec-1] DEBUG org.hibernate.SQL - 
    select
        vt1_0.id,
        vt1_0.ma_vai_tro,
        vt1_0.mo_ta,
        vt1_0.ngay_cap_nhat,
        vt1_0.ngay_tao,
        vt1_0.ten_vai_tro,
        vt1_0.trang_thai 
    from
        vai_tro vt1_0 
    where
        vt1_0.id=?
2026-07-22 10:16:47 [http-nio-8081-exec-4] DEBUG org.hibernate.SQL - 
    select
        vt1_0.id,
        vt1_0.ma_vai_tro,
        vt1_0.mo_ta,
        vt1_0.ngay_cap_nhat,
        vt1_0.ngay_tao,
        vt1_0.ten_vai_tro,
        vt1_0.trang_thai 
    from
        vai_tro vt1_0 
    where
        vt1_0.id=?
2026-07-22 10:16:47 [http-nio-8081-exec-1] TRACE org.hibernate.orm.jdbc.bind - binding parameter (1:INTEGER) <- [4]
2026-07-22 10:16:47 [http-nio-8081-exec-4] TRACE org.hibernate.orm.jdbc.bind - binding parameter (1:INTEGER) <- [4]
2026-07-22 10:16:47 [http-nio-8081-exec-1] DEBUG org.hibernate.SQL - 
    select
        gv1_0.magv,
        gv1_0.cccd,
        gv1_0.diachi,
        gv1_0.email,
        gv1_0.gioitinh,
        gv1_0.hangday,
        gv1_0.hoten,
        gv1_0.ngaysinh,
        gv1_0.sodienthoai 
    from
        giao_vien gv1_0
2026-07-22 10:16:47 [http-nio-8081-exec-4] DEBUG org.hibernate.SQL - 
    select
        gv1_0.magv,
        gv1_0.cccd,
        gv1_0.diachi,
        gv1_0.email,
        gv1_0.gioitinh,
        gv1_0.hangday,
        gv1_0.hoten,
        gv1_0.ngaysinh,
        gv1_0.sodienthoai 
    from
        giao_vien gv1_0
2026-07-22 10:16:48 [http-nio-8081-exec-2] DEBUG org.hibernate.SQL - 
    select
        tk1_0.id,
        tk1_0.anh,
        tk1_0.cccd,
        tk1_0.email,
        tk1_0.ho_ten,
        tk1_0.khoa_den,
        tk1_0.lan_dang_nhap_cuoi,
        tk1_0.mat_khau,
        tk1_0.ngay_cap_nhat,
        tk1_0.ngay_tao,
        tk1_0.nguoi_tao_id,
        tk1_0.so_dien_thoai,
        tk1_0.so_lan_dang_nhap_sai,
        tk1_0.ten_dang_nhap,
        tk1_0.trang_thai,
        tk1_0.vai_tro_id 
    from
        tai_khoan tk1_0 
    where
        tk1_0.ten_dang_nhap=?
2026-07-22 10:16:48 [http-nio-8081-exec-3] DEBUG org.hibernate.SQL - 
    select
        tk1_0.id,
        tk1_0.anh,
        tk1_0.cccd,
        tk1_0.email,
        tk1_0.ho_ten,
        tk1_0.khoa_den,
        tk1_0.lan_dang_nhap_cuoi,
        tk1_0.mat_khau,
        tk1_0.ngay_cap_nhat,
        tk1_0.ngay_tao,
        tk1_0.nguoi_tao_id,
        tk1_0.so_dien_thoai,
        tk1_0.so_lan_dang_nhap_sai,
        tk1_0.ten_dang_nhap,
        tk1_0.trang_thai,
        tk1_0.vai_tro_id 
    from
        tai_khoan tk1_0 
    where
        tk1_0.ten_dang_nhap=?
2026-07-22 10:16:48 [http-nio-8081-exec-2] TRACE org.hibernate.orm.jdbc.bind - binding parameter (1:VARCHAR) <- [admin]
2026-07-22 10:16:48 [http-nio-8081-exec-3] TRACE org.hibernate.orm.jdbc.bind - binding parameter (1:VARCHAR) <- [admin]
2026-07-22 10:16:48 [http-nio-8081-exec-8] DEBUG org.hibernate.SQL - 
    select
        tk1_0.id,
        tk1_0.anh,
        tk1_0.cccd,
        tk1_0.email,
        tk1_0.ho_ten,
        tk1_0.khoa_den,
        tk1_0.lan_dang_nhap_cuoi,
        tk1_0.mat_khau,
        tk1_0.ngay_cap_nhat,
        tk1_0.ngay_tao,
        tk1_0.nguoi_tao_id,
        tk1_0.so_dien_thoai,
        tk1_0.so_lan_dang_nhap_sai,
        tk1_0.ten_dang_nhap,
        tk1_0.trang_thai,
        tk1_0.vai_tro_id 
    from
        tai_khoan tk1_0 
    where
        tk1_0.ten_dang_nhap=?
2026-07-22 10:16:48 [http-nio-8081-exec-10] DEBUG org.hibernate.SQL - 
    select
        tk1_0.id,
        tk1_0.anh,
        tk1_0.cccd,
        tk1_0.email,
        tk1_0.ho_ten,
        tk1_0.khoa_den,
        tk1_0.lan_dang_nhap_cuoi,
        tk1_0.mat_khau,
        tk1_0.ngay_cap_nhat,
        tk1_0.ngay_tao,
        tk1_0.nguoi_tao_id,
        tk1_0.so_dien_thoai,
        tk1_0.so_lan_dang_nhap_sai,
        tk1_0.ten_dang_nhap,
        tk1_0.trang_thai,
        tk1_0.vai_tro_id 
    from
        tai_khoan tk1_0 
    where
        tk1_0.ten_dang_nhap=?
2026-07-22 10:16:48 [http-nio-8081-exec-8] TRACE org.hibernate.orm.jdbc.bind - binding parameter (1:VARCHAR) <- [admin]
2026-07-22 10:16:48 [http-nio-8081-exec-10] TRACE org.hibernate.orm.jdbc.bind - binding parameter (1:VARCHAR) <- [admin]
2026-07-22 10:16:48 [http-nio-8081-exec-2] DEBUG org.hibernate.SQL - 
    select
        vt1_0.id,
        vt1_0.ma_vai_tro,
        vt1_0.mo_ta,
        vt1_0.ngay_cap_nhat,
        vt1_0.ngay_tao,
        vt1_0.ten_vai_tro,
        vt1_0.trang_thai 
    from
        vai_tro vt1_0 
    where
        vt1_0.id=?
2026-07-22 10:16:48 [http-nio-8081-exec-8] DEBUG org.hibernate.SQL - 
    select
        vt1_0.id,
        vt1_0.ma_vai_tro,
        vt1_0.mo_ta,
        vt1_0.ngay_cap_nhat,
        vt1_0.ngay_tao,
        vt1_0.ten_vai_tro,
        vt1_0.trang_thai 
    from
        vai_tro vt1_0 
    where
        vt1_0.id=?
2026-07-22 10:16:48 [http-nio-8081-exec-3] DEBUG org.hibernate.SQL - 
    select
        vt1_0.id,
        vt1_0.ma_vai_tro,
        vt1_0.mo_ta,
        vt1_0.ngay_cap_nhat,
        vt1_0.ngay_tao,
        vt1_0.ten_vai_tro,
        vt1_0.trang_thai 
    from
        vai_tro vt1_0 
    where
        vt1_0.id=?
2026-07-22 10:16:48 [http-nio-8081-exec-10] DEBUG org.hibernate.SQL - 
    select
        vt1_0.id,
        vt1_0.ma_vai_tro,
        vt1_0.mo_ta,
        vt1_0.ngay_cap_nhat,
        vt1_0.ngay_tao,
        vt1_0.ten_vai_tro,
        vt1_0.trang_thai 
    from
        vai_tro vt1_0 
    where
        vt1_0.id=?
2026-07-22 10:16:48 [http-nio-8081-exec-2] TRACE org.hibernate.orm.jdbc.bind - binding parameter (1:INTEGER) <- [4]
2026-07-22 10:16:48 [http-nio-8081-exec-10] TRACE org.hibernate.orm.jdbc.bind - binding parameter (1:INTEGER) <- [4]
2026-07-22 10:16:48 [http-nio-8081-exec-8] TRACE org.hibernate.orm.jdbc.bind - binding parameter (1:INTEGER) <- [4]
2026-07-22 10:16:48 [http-nio-8081-exec-3] TRACE org.hibernate.orm.jdbc.bind - binding parameter (1:INTEGER) <- [4]
2026-07-22 10:16:48 [http-nio-8081-exec-6] DEBUG org.hibernate.SQL - 
    select
        tk1_0.id,
        tk1_0.anh,
        tk1_0.cccd,
        tk1_0.email,
        tk1_0.ho_ten,
        tk1_0.khoa_den,
        tk1_0.lan_dang_nhap_cuoi,
        tk1_0.mat_khau,
        tk1_0.ngay_cap_nhat,
        tk1_0.ngay_tao,
        tk1_0.nguoi_tao_id,
        tk1_0.so_dien_thoai,
        tk1_0.so_lan_dang_nhap_sai,
        tk1_0.ten_dang_nhap,
        tk1_0.trang_thai,
        tk1_0.vai_tro_id 
    from
        tai_khoan tk1_0 
    where
        tk1_0.ten_dang_nhap=?
2026-07-22 10:16:48 [http-nio-8081-exec-6] TRACE org.hibernate.orm.jdbc.bind - binding parameter (1:VARCHAR) <- [admin]
2026-07-22 10:16:48 [http-nio-8081-exec-9] DEBUG org.hibernate.SQL - 
    select
        tk1_0.id,
        tk1_0.anh,
        tk1_0.cccd,
        tk1_0.email,
        tk1_0.ho_ten,
        tk1_0.khoa_den,
        tk1_0.lan_dang_nhap_cuoi,
        tk1_0.mat_khau,
        tk1_0.ngay_cap_nhat,
        tk1_0.ngay_tao,
        tk1_0.nguoi_tao_id,
        tk1_0.so_dien_thoai,
        tk1_0.so_lan_dang_nhap_sai,
        tk1_0.ten_dang_nhap,
        tk1_0.trang_thai,
        tk1_0.vai_tro_id 
    from
        tai_khoan tk1_0 
    where
        tk1_0.ten_dang_nhap=?
2026-07-22 10:16:48 [http-nio-8081-exec-9] TRACE org.hibernate.orm.jdbc.bind - binding parameter (1:VARCHAR) <- [admin]
2026-07-22 10:16:48 [http-nio-8081-exec-6] DEBUG org.hibernate.SQL - 
    select
        vt1_0.id,
        vt1_0.ma_vai_tro,
        vt1_0.mo_ta,
        vt1_0.ngay_cap_nhat,
        vt1_0.ngay_tao,
        vt1_0.ten_vai_tro,
        vt1_0.trang_thai 
    from
        vai_tro vt1_0 
    where
        vt1_0.id=?
2026-07-22 10:16:48 [http-nio-8081-exec-6] TRACE org.hibernate.orm.jdbc.bind - binding parameter (1:INTEGER) <- [4]
2026-07-22 10:16:48 [http-nio-8081-exec-9] DEBUG org.hibernate.SQL - 
    select
        vt1_0.id,
        vt1_0.ma_vai_tro,
        vt1_0.mo_ta,
        vt1_0.ngay_cap_nhat,
        vt1_0.ngay_tao,
        vt1_0.ten_vai_tro,
        vt1_0.trang_thai 
    from
        vai_tro vt1_0 
    where
        vt1_0.id=?
2026-07-22 10:16:48 [http-nio-8081-exec-9] TRACE org.hibernate.orm.jdbc.bind - binding parameter (1:INTEGER) <- [4]
2026-07-22 10:16:48 [http-nio-8081-exec-6] DEBUG org.hibernate.SQL - 
    select
        gv1_0.magv,
        gv1_0.cccd,
        gv1_0.diachi,
        gv1_0.email,
        gv1_0.gioitinh,
        gv1_0.hangday,
        gv1_0.hoten,
        gv1_0.ngaysinh,
        gv1_0.sodienthoai 
    from
        giao_vien gv1_0
2026-07-22 10:16:48 [http-nio-8081-exec-9] DEBUG org.hibernate.SQL - 
    select
        gv1_0.magv,
        gv1_0.cccd,
        gv1_0.diachi,
        gv1_0.email,
        gv1_0.gioitinh,
        gv1_0.hangday,
        gv1_0.hoten,
        gv1_0.ngaysinh,
        gv1_0.sodienthoai 
    from
        giao_vien gv1_0
2026-07-22 10:16:49 [http-nio-8081-exec-1] DEBUG org.hibernate.SQL - 
    select
        tk1_0.id,
        tk1_0.anh,
        tk1_0.cccd,
        tk1_0.email,
        tk1_0.ho_ten,
        tk1_0.khoa_den,
        tk1_0.lan_dang_nhap_cuoi,
        tk1_0.mat_khau,
        tk1_0.ngay_cap_nhat,
        tk1_0.ngay_tao,
        tk1_0.nguoi_tao_id,
        tk1_0.so_dien_thoai,
        tk1_0.so_lan_dang_nhap_sai,
        tk1_0.ten_dang_nhap,
        tk1_0.trang_thai,
        tk1_0.vai_tro_id 
    from
        tai_khoan tk1_0 
    where
        tk1_0.ten_dang_nhap=?
2026-07-22 10:16:49 [http-nio-8081-exec-7] DEBUG org.hibernate.SQL - 
    select
        tk1_0.id,
        tk1_0.anh,
        tk1_0.cccd,
        tk1_0.email,
        tk1_0.ho_ten,
        tk1_0.khoa_den,
        tk1_0.lan_dang_nhap_cuoi,
        tk1_0.mat_khau,
        tk1_0.ngay_cap_nhat,
        tk1_0.ngay_tao,
        tk1_0.nguoi_tao_id,
        tk1_0.so_dien_thoai,
        tk1_0.so_lan_dang_nhap_sai,
        tk1_0.ten_dang_nhap,
        tk1_0.trang_thai,
        tk1_0.vai_tro_id 
    from
        tai_khoan tk1_0 
    where
        tk1_0.ten_dang_nhap=?
2026-07-22 10:16:49 [http-nio-8081-exec-5] DEBUG org.hibernate.SQL - 
    select
        tk1_0.id,
        tk1_0.anh,
        tk1_0.cccd,
        tk1_0.email,
        tk1_0.ho_ten,
        tk1_0.khoa_den,
        tk1_0.lan_dang_nhap_cuoi,
        tk1_0.mat_khau,
        tk1_0.ngay_cap_nhat,
        tk1_0.ngay_tao,
        tk1_0.nguoi_tao_id,
        tk1_0.so_dien_thoai,
        tk1_0.so_lan_dang_nhap_sai,
        tk1_0.ten_dang_nhap,
        tk1_0.trang_thai,
        tk1_0.vai_tro_id 
    from
        tai_khoan tk1_0 
    where
        tk1_0.ten_dang_nhap=?
2026-07-22 10:16:49 [http-nio-8081-exec-4] DEBUG org.hibernate.SQL - 
    select
        tk1_0.id,
        tk1_0.anh,
        tk1_0.cccd,
        tk1_0.email,
        tk1_0.ho_ten,
        tk1_0.khoa_den,
        tk1_0.lan_dang_nhap_cuoi,
        tk1_0.mat_khau,
        tk1_0.ngay_cap_nhat,
        tk1_0.ngay_tao,
        tk1_0.nguoi_tao_id,
        tk1_0.so_dien_thoai,
        tk1_0.so_lan_dang_nhap_sai,
        tk1_0.ten_dang_nhap,
        tk1_0.trang_thai,
        tk1_0.vai_tro_id 
    from
        tai_khoan tk1_0 
    where
        tk1_0.ten_dang_nhap=?
2026-07-22 10:16:49 [http-nio-8081-exec-1] TRACE org.hibernate.orm.jdbc.bind - binding parameter (1:VARCHAR) <- [admin]
2026-07-22 10:16:49 [http-nio-8081-exec-7] TRACE org.hibernate.orm.jdbc.bind - binding parameter (1:VARCHAR) <- [admin]
2026-07-22 10:16:49 [http-nio-8081-exec-4] TRACE org.hibernate.orm.jdbc.bind - binding parameter (1:VARCHAR) <- [admin]
2026-07-22 10:16:49 [http-nio-8081-exec-5] TRACE org.hibernate.orm.jdbc.bind - binding parameter (1:VARCHAR) <- [admin]
2026-07-22 10:16:49 [http-nio-8081-exec-1] DEBUG org.hibernate.SQL - 
    select
        vt1_0.id,
        vt1_0.ma_vai_tro,
        vt1_0.mo_ta,
        vt1_0.ngay_cap_nhat,
        vt1_0.ngay_tao,
        vt1_0.ten_vai_tro,
        vt1_0.trang_thai 
    from
        vai_tro vt1_0 
    where
        vt1_0.id=?
2026-07-22 10:16:49 [http-nio-8081-exec-7] DEBUG org.hibernate.SQL - 
    select
        vt1_0.id,
        vt1_0.ma_vai_tro,
        vt1_0.mo_ta,
        vt1_0.ngay_cap_nhat,
        vt1_0.ngay_tao,
        vt1_0.ten_vai_tro,
        vt1_0.trang_thai 
    from
        vai_tro vt1_0 
    where
        vt1_0.id=?
2026-07-22 10:16:49 [http-nio-8081-exec-4] DEBUG org.hibernate.SQL - 
    select
        vt1_0.id,
        vt1_0.ma_vai_tro,
        vt1_0.mo_ta,
        vt1_0.ngay_cap_nhat,
        vt1_0.ngay_tao,
        vt1_0.ten_vai_tro,
        vt1_0.trang_thai 
    from
        vai_tro vt1_0 
    where
        vt1_0.id=?
2026-07-22 10:16:49 [http-nio-8081-exec-1] TRACE org.hibernate.orm.jdbc.bind - binding parameter (1:INTEGER) <- [4]
2026-07-22 10:16:49 [http-nio-8081-exec-5] DEBUG org.hibernate.SQL - 
    select
        vt1_0.id,
        vt1_0.ma_vai_tro,
        vt1_0.mo_ta,
        vt1_0.ngay_cap_nhat,
        vt1_0.ngay_tao,
        vt1_0.ten_vai_tro,
        vt1_0.trang_thai 
    from
        vai_tro vt1_0 
    where
        vt1_0.id=?
2026-07-22 10:16:49 [http-nio-8081-exec-7] TRACE org.hibernate.orm.jdbc.bind - binding parameter (1:INTEGER) <- [4]
2026-07-22 10:16:49 [http-nio-8081-exec-4] TRACE org.hibernate.orm.jdbc.bind - binding parameter (1:INTEGER) <- [4]
2026-07-22 10:16:49 [http-nio-8081-exec-5] TRACE org.hibernate.orm.jdbc.bind - binding parameter (1:INTEGER) <- [4]
2026-07-22 10:16:49 [http-nio-8081-exec-10] DEBUG org.hibernate.SQL - 
    select
        tk1_0.id,
        tk1_0.anh,
        tk1_0.cccd,
        tk1_0.email,
        tk1_0.ho_ten,
        tk1_0.khoa_den,
        tk1_0.lan_dang_nhap_cuoi,
        tk1_0.mat_khau,
        tk1_0.ngay_cap_nhat,
        tk1_0.ngay_tao,
        tk1_0.nguoi_tao_id,
        tk1_0.so_dien_thoai,
        tk1_0.so_lan_dang_nhap_sai,
        tk1_0.ten_dang_nhap,
        tk1_0.trang_thai,
        tk1_0.vai_tro_id 
    from
        tai_khoan tk1_0 
    where
        tk1_0.ten_dang_nhap=?
2026-07-22 10:16:49 [http-nio-8081-exec-8] DEBUG org.hibernate.SQL - 
    select
        tk1_0.id,
        tk1_0.anh,
        tk1_0.cccd,
        tk1_0.email,
        tk1_0.ho_ten,
        tk1_0.khoa_den,
        tk1_0.lan_dang_nhap_cuoi,
        tk1_0.mat_khau,
        tk1_0.ngay_cap_nhat,
        tk1_0.ngay_tao,
        tk1_0.nguoi_tao_id,
        tk1_0.so_dien_thoai,
        tk1_0.so_lan_dang_nhap_sai,
        tk1_0.ten_dang_nhap,
        tk1_0.trang_thai,
        tk1_0.vai_tro_id 
    from
        tai_khoan tk1_0 
    where
        tk1_0.ten_dang_nhap=?
2026-07-22 10:16:49 [http-nio-8081-exec-10] TRACE org.hibernate.orm.jdbc.bind - binding parameter (1:VARCHAR) <- [admin]
2026-07-22 10:16:49 [http-nio-8081-exec-8] TRACE org.hibernate.orm.jdbc.bind - binding parameter (1:VARCHAR) <- [admin]
2026-07-22 10:16:49 [http-nio-8081-exec-10] DEBUG org.hibernate.SQL - 
    select
        vt1_0.id,
        vt1_0.ma_vai_tro,
        vt1_0.mo_ta,
        vt1_0.ngay_cap_nhat,
        vt1_0.ngay_tao,
        vt1_0.ten_vai_tro,
        vt1_0.trang_thai 
    from
        vai_tro vt1_0 
    where
        vt1_0.id=?
2026-07-22 10:16:49 [http-nio-8081-exec-8] DEBUG org.hibernate.SQL - 
    select
        vt1_0.id,
        vt1_0.ma_vai_tro,
        vt1_0.mo_ta,
        vt1_0.ngay_cap_nhat,
        vt1_0.ngay_tao,
        vt1_0.ten_vai_tro,
        vt1_0.trang_thai 
    from
        vai_tro vt1_0 
    where
        vt1_0.id=?
2026-07-22 10:16:49 [http-nio-8081-exec-10] TRACE org.hibernate.orm.jdbc.bind - binding parameter (1:INTEGER) <- [4]
2026-07-22 10:16:49 [http-nio-8081-exec-8] TRACE org.hibernate.orm.jdbc.bind - binding parameter (1:INTEGER) <- [4]
2026-07-22 10:16:49 [http-nio-8081-exec-10] DEBUG org.hibernate.SQL - 
    select
        gv1_0.magv,
        gv1_0.cccd,
        gv1_0.diachi,
        gv1_0.email,
        gv1_0.gioitinh,
        gv1_0.hangday,
        gv1_0.hoten,
        gv1_0.ngaysinh,
        gv1_0.sodienthoai 
    from
        giao_vien gv1_0
2026-07-22 10:16:49 [http-nio-8081-exec-8] DEBUG org.hibernate.SQL - 
    select
        gv1_0.magv,
        gv1_0.cccd,
        gv1_0.diachi,
        gv1_0.email,
        gv1_0.gioitinh,
        gv1_0.hangday,
        gv1_0.hoten,
        gv1_0.ngaysinh,
        gv1_0.sodienthoai 
    from
        giao_vien gv1_0
2026-07-22 10:16:50 [http-nio-8081-exec-2] DEBUG org.hibernate.SQL - 
    select
        tk1_0.id,
        tk1_0.anh,
        tk1_0.cccd,
        tk1_0.email,
        tk1_0.ho_ten,
        tk1_0.khoa_den,
        tk1_0.lan_dang_nhap_cuoi,
        tk1_0.mat_khau,
        tk1_0.ngay_cap_nhat,
        tk1_0.ngay_tao,
        tk1_0.nguoi_tao_id,
        tk1_0.so_dien_thoai,
        tk1_0.so_lan_dang_nhap_sai,
        tk1_0.ten_dang_nhap,
        tk1_0.trang_thai,
        tk1_0.vai_tro_id 
    from
        tai_khoan tk1_0 
    where
        tk1_0.ten_dang_nhap=?
2026-07-22 10:16:50 [http-nio-8081-exec-3] DEBUG org.hibernate.SQL - 
    select
        tk1_0.id,
        tk1_0.anh,
        tk1_0.cccd,
        tk1_0.email,
        tk1_0.ho_ten,
        tk1_0.khoa_den,
        tk1_0.lan_dang_nhap_cuoi,
        tk1_0.mat_khau,
        tk1_0.ngay_cap_nhat,
        tk1_0.ngay_tao,
        tk1_0.nguoi_tao_id,
        tk1_0.so_dien_thoai,
        tk1_0.so_lan_dang_nhap_sai,
        tk1_0.ten_dang_nhap,
        tk1_0.trang_thai,
        tk1_0.vai_tro_id 
    from
        tai_khoan tk1_0 
    where
        tk1_0.ten_dang_nhap=?
2026-07-22 10:16:50 [http-nio-8081-exec-2] TRACE org.hibernate.orm.jdbc.bind - binding parameter (1:VARCHAR) <- [admin]
2026-07-22 10:16:50 [http-nio-8081-exec-3] TRACE org.hibernate.orm.jdbc.bind - binding parameter (1:VARCHAR) <- [admin]
2026-07-22 10:16:50 [http-nio-8081-exec-6] DEBUG org.hibernate.SQL - 
    select
        tk1_0.id,
        tk1_0.anh,
        tk1_0.cccd,
        tk1_0.email,
        tk1_0.ho_ten,
        tk1_0.khoa_den,
        tk1_0.lan_dang_nhap_cuoi,
        tk1_0.mat_khau,
        tk1_0.ngay_cap_nhat,
        tk1_0.ngay_tao,
        tk1_0.nguoi_tao_id,
        tk1_0.so_dien_thoai,
        tk1_0.so_lan_dang_nhap_sai,
        tk1_0.ten_dang_nhap,
        tk1_0.trang_thai,
        tk1_0.vai_tro_id 
    from
        tai_khoan tk1_0 
    where
        tk1_0.ten_dang_nhap=?
2026-07-22 10:16:50 [http-nio-8081-exec-6] TRACE org.hibernate.orm.jdbc.bind - binding parameter (1:VARCHAR) <- [admin]
2026-07-22 10:16:50 [http-nio-8081-exec-9] DEBUG org.hibernate.SQL - 
    select
        tk1_0.id,
        tk1_0.anh,
        tk1_0.cccd,
        tk1_0.email,
        tk1_0.ho_ten,
        tk1_0.khoa_den,
        tk1_0.lan_dang_nhap_cuoi,
        tk1_0.mat_khau,
        tk1_0.ngay_cap_nhat,
        tk1_0.ngay_tao,
        tk1_0.nguoi_tao_id,
        tk1_0.so_dien_thoai,
        tk1_0.so_lan_dang_nhap_sai,
        tk1_0.ten_dang_nhap,
        tk1_0.trang_thai,
        tk1_0.vai_tro_id 
    from
        tai_khoan tk1_0 
    where
        tk1_0.ten_dang_nhap=?
2026-07-22 10:16:50 [http-nio-8081-exec-9] TRACE org.hibernate.orm.jdbc.bind - binding parameter (1:VARCHAR) <- [admin]
2026-07-22 10:16:50 [http-nio-8081-exec-2] DEBUG org.hibernate.SQL - 
    select
        vt1_0.id,
        vt1_0.ma_vai_tro,
        vt1_0.mo_ta,
        vt1_0.ngay_cap_nhat,
        vt1_0.ngay_tao,
        vt1_0.ten_vai_tro,
        vt1_0.trang_thai 
    from
        vai_tro vt1_0 
    where
        vt1_0.id=?
2026-07-22 10:16:50 [http-nio-8081-exec-3] DEBUG org.hibernate.SQL - 
    select
        vt1_0.id,
        vt1_0.ma_vai_tro,
        vt1_0.mo_ta,
        vt1_0.ngay_cap_nhat,
        vt1_0.ngay_tao,
        vt1_0.ten_vai_tro,
        vt1_0.trang_thai 
    from
        vai_tro vt1_0 
    where
        vt1_0.id=?
2026-07-22 10:16:50 [http-nio-8081-exec-9] DEBUG org.hibernate.SQL - 
    select
        vt1_0.id,
        vt1_0.ma_vai_tro,
        vt1_0.mo_ta,
        vt1_0.ngay_cap_nhat,
        vt1_0.ngay_tao,
        vt1_0.ten_vai_tro,
        vt1_0.trang_thai 
    from
        vai_tro vt1_0 
    where
        vt1_0.id=?
2026-07-22 10:16:50 [http-nio-8081-exec-2] TRACE org.hibernate.orm.jdbc.bind - binding parameter (1:INTEGER) <- [4]
2026-07-22 10:16:50 [http-nio-8081-exec-6] DEBUG org.hibernate.SQL - 
    select
        vt1_0.id,
        vt1_0.ma_vai_tro,
        vt1_0.mo_ta,
        vt1_0.ngay_cap_nhat,
        vt1_0.ngay_tao,
        vt1_0.ten_vai_tro,
        vt1_0.trang_thai 
    from
        vai_tro vt1_0 
    where
        vt1_0.id=?
2026-07-22 10:16:50 [http-nio-8081-exec-3] TRACE org.hibernate.orm.jdbc.bind - binding parameter (1:INTEGER) <- [4]
2026-07-22 10:16:50 [http-nio-8081-exec-9] TRACE org.hibernate.orm.jdbc.bind - binding parameter (1:INTEGER) <- [4]
2026-07-22 10:16:50 [http-nio-8081-exec-6] TRACE org.hibernate.orm.jdbc.bind - binding parameter (1:INTEGER) <- [4]
2026-07-22 10:16:50 [http-nio-8081-exec-1] DEBUG org.hibernate.SQL - 
    select
        tk1_0.id,
        tk1_0.anh,
        tk1_0.cccd,
        tk1_0.email,
        tk1_0.ho_ten,
        tk1_0.khoa_den,
        tk1_0.lan_dang_nhap_cuoi,
        tk1_0.mat_khau,
        tk1_0.ngay_cap_nhat,
        tk1_0.ngay_tao,
        tk1_0.nguoi_tao_id,
        tk1_0.so_dien_thoai,
        tk1_0.so_lan_dang_nhap_sai,
        tk1_0.ten_dang_nhap,
        tk1_0.trang_thai,
        tk1_0.vai_tro_id 
    from
        tai_khoan tk1_0 
    where
        tk1_0.ten_dang_nhap=?
2026-07-22 10:16:50 [http-nio-8081-exec-5] DEBUG org.hibernate.SQL - 
    select
        tk1_0.id,
        tk1_0.anh,
        tk1_0.cccd,
        tk1_0.email,
        tk1_0.ho_ten,
        tk1_0.khoa_den,
        tk1_0.lan_dang_nhap_cuoi,
        tk1_0.mat_khau,
        tk1_0.ngay_cap_nhat,
        tk1_0.ngay_tao,
        tk1_0.nguoi_tao_id,
        tk1_0.so_dien_thoai,
        tk1_0.so_lan_dang_nhap_sai,
        tk1_0.ten_dang_nhap,
        tk1_0.trang_thai,
        tk1_0.vai_tro_id 
    from
        tai_khoan tk1_0 
    where
        tk1_0.ten_dang_nhap=?
2026-07-22 10:16:50 [http-nio-8081-exec-1] TRACE org.hibernate.orm.jdbc.bind - binding parameter (1:VARCHAR) <- [admin]
2026-07-22 10:16:50 [http-nio-8081-exec-5] TRACE org.hibernate.orm.jdbc.bind - binding parameter (1:VARCHAR) <- [admin]
2026-07-22 10:16:50 [http-nio-8081-exec-1] DEBUG org.hibernate.SQL - 
    select
        vt1_0.id,
        vt1_0.ma_vai_tro,
        vt1_0.mo_ta,
        vt1_0.ngay_cap_nhat,
        vt1_0.ngay_tao,
        vt1_0.ten_vai_tro,
        vt1_0.trang_thai 
    from
        vai_tro vt1_0 
    where
        vt1_0.id=?
2026-07-22 10:16:50 [http-nio-8081-exec-5] DEBUG org.hibernate.SQL - 
    select
        vt1_0.id,
        vt1_0.ma_vai_tro,
        vt1_0.mo_ta,
        vt1_0.ngay_cap_nhat,
        vt1_0.ngay_tao,
        vt1_0.ten_vai_tro,
        vt1_0.trang_thai 
    from
        vai_tro vt1_0 
    where
        vt1_0.id=?
2026-07-22 10:16:50 [http-nio-8081-exec-1] TRACE org.hibernate.orm.jdbc.bind - binding parameter (1:INTEGER) <- [4]
2026-07-22 10:16:50 [http-nio-8081-exec-5] TRACE org.hibernate.orm.jdbc.bind - binding parameter (1:INTEGER) <- [4]
2026-07-22 10:16:50 [http-nio-8081-exec-1] DEBUG org.hibernate.SQL - 
    select
        gv1_0.magv,
        gv1_0.cccd,
        gv1_0.diachi,
        gv1_0.email,
        gv1_0.gioitinh,
        gv1_0.hangday,
        gv1_0.hoten,
        gv1_0.ngaysinh,
        gv1_0.sodienthoai 
    from
        giao_vien gv1_0
2026-07-22 10:16:50 [http-nio-8081-exec-5] DEBUG org.hibernate.SQL - 
    select
        gv1_0.magv,
        gv1_0.cccd,
        gv1_0.diachi,
        gv1_0.email,
        gv1_0.gioitinh,
        gv1_0.hangday,
        gv1_0.hoten,
        gv1_0.ngaysinh,
        gv1_0.sodienthoai 
    from
        giao_vien gv1_0
2026-07-22 10:16:51 [http-nio-8081-exec-7] DEBUG org.hibernate.SQL - 
    select
        tk1_0.id,
        tk1_0.anh,
        tk1_0.cccd,
        tk1_0.email,
        tk1_0.ho_ten,
        tk1_0.khoa_den,
        tk1_0.lan_dang_nhap_cuoi,
        tk1_0.mat_khau,
        tk1_0.ngay_cap_nhat,
        tk1_0.ngay_tao,
        tk1_0.nguoi_tao_id,
        tk1_0.so_dien_thoai,
        tk1_0.so_lan_dang_nhap_sai,
        tk1_0.ten_dang_nhap,
        tk1_0.trang_thai,
        tk1_0.vai_tro_id 
    from
        tai_khoan tk1_0 
    where
        tk1_0.ten_dang_nhap=?
2026-07-22 10:16:51 [http-nio-8081-exec-10] DEBUG org.hibernate.SQL - 
    select
        tk1_0.id,
        tk1_0.anh,
        tk1_0.cccd,
        tk1_0.email,
        tk1_0.ho_ten,
        tk1_0.khoa_den,
        tk1_0.lan_dang_nhap_cuoi,
        tk1_0.mat_khau,
        tk1_0.ngay_cap_nhat,
        tk1_0.ngay_tao,
        tk1_0.nguoi_tao_id,
        tk1_0.so_dien_thoai,
        tk1_0.so_lan_dang_nhap_sai,
        tk1_0.ten_dang_nhap,
        tk1_0.trang_thai,
        tk1_0.vai_tro_id 
    from
        tai_khoan tk1_0 
    where
        tk1_0.ten_dang_nhap=?
2026-07-22 10:16:51 [http-nio-8081-exec-8] DEBUG org.hibernate.SQL - 
    select
        tk1_0.id,
        tk1_0.anh,
        tk1_0.cccd,
        tk1_0.email,
        tk1_0.ho_ten,
        tk1_0.khoa_den,
        tk1_0.lan_dang_nhap_cuoi,
        tk1_0.mat_khau,
        tk1_0.ngay_cap_nhat,
        tk1_0.ngay_tao,
        tk1_0.nguoi_tao_id,
        tk1_0.so_dien_thoai,
        tk1_0.so_lan_dang_nhap_sai,
        tk1_0.ten_dang_nhap,
        tk1_0.trang_thai,
        tk1_0.vai_tro_id 
    from
        tai_khoan tk1_0 
    where
        tk1_0.ten_dang_nhap=?
2026-07-22 10:16:51 [http-nio-8081-exec-4] DEBUG org.hibernate.SQL - 
    select
        tk1_0.id,
        tk1_0.anh,
        tk1_0.cccd,
        tk1_0.email,
        tk1_0.ho_ten,
        tk1_0.khoa_den,
        tk1_0.lan_dang_nhap_cuoi,
        tk1_0.mat_khau,
        tk1_0.ngay_cap_nhat,
        tk1_0.ngay_tao,
        tk1_0.nguoi_tao_id,
        tk1_0.so_dien_thoai,
        tk1_0.so_lan_dang_nhap_sai,
        tk1_0.ten_dang_nhap,
        tk1_0.trang_thai,
        tk1_0.vai_tro_id 
    from
        tai_khoan tk1_0 
    where
        tk1_0.ten_dang_nhap=?
2026-07-22 10:16:51 [http-nio-8081-exec-10] TRACE org.hibernate.orm.jdbc.bind - binding parameter (1:VARCHAR) <- [admin]
2026-07-22 10:16:51 [http-nio-8081-exec-7] TRACE org.hibernate.orm.jdbc.bind - binding parameter (1:VARCHAR) <- [admin]
2026-07-22 10:16:51 [http-nio-8081-exec-8] TRACE org.hibernate.orm.jdbc.bind - binding parameter (1:VARCHAR) <- [admin]
2026-07-22 10:16:51 [http-nio-8081-exec-4] TRACE org.hibernate.orm.jdbc.bind - binding parameter (1:VARCHAR) <- [admin]
2026-07-22 10:16:51 [http-nio-8081-exec-10] DEBUG org.hibernate.SQL - 
    select
        vt1_0.id,
        vt1_0.ma_vai_tro,
        vt1_0.mo_ta,
        vt1_0.ngay_cap_nhat,
        vt1_0.ngay_tao,
        vt1_0.ten_vai_tro,
        vt1_0.trang_thai 
    from
        vai_tro vt1_0 
    where
        vt1_0.id=?
2026-07-22 10:16:51 [http-nio-8081-exec-4] DEBUG org.hibernate.SQL - 
    select
        vt1_0.id,
        vt1_0.ma_vai_tro,
        vt1_0.mo_ta,
        vt1_0.ngay_cap_nhat,
        vt1_0.ngay_tao,
        vt1_0.ten_vai_tro,
        vt1_0.trang_thai 
    from
        vai_tro vt1_0 
    where
        vt1_0.id=?
2026-07-22 10:16:51 [http-nio-8081-exec-7] DEBUG org.hibernate.SQL - 
    select
        vt1_0.id,
        vt1_0.ma_vai_tro,
        vt1_0.mo_ta,
        vt1_0.ngay_cap_nhat,
        vt1_0.ngay_tao,
        vt1_0.ten_vai_tro,
        vt1_0.trang_thai 
    from
        vai_tro vt1_0 
    where
        vt1_0.id=?
2026-07-22 10:16:51 [http-nio-8081-exec-10] TRACE org.hibernate.orm.jdbc.bind - binding parameter (1:INTEGER) <- [4]
2026-07-22 10:16:51 [http-nio-8081-exec-4] TRACE org.hibernate.orm.jdbc.bind - binding parameter (1:INTEGER) <- [4]
2026-07-22 10:16:51 [http-nio-8081-exec-8] DEBUG org.hibernate.SQL - 
    select
        vt1_0.id,
        vt1_0.ma_vai_tro,
        vt1_0.mo_ta,
        vt1_0.ngay_cap_nhat,
        vt1_0.ngay_tao,
        vt1_0.ten_vai_tro,
        vt1_0.trang_thai 
    from
        vai_tro vt1_0 
    where
        vt1_0.id=?
2026-07-22 10:16:51 [http-nio-8081-exec-7] TRACE org.hibernate.orm.jdbc.bind - binding parameter (1:INTEGER) <- [4]
2026-07-22 10:16:51 [http-nio-8081-exec-8] TRACE org.hibernate.orm.jdbc.bind - binding parameter (1:INTEGER) <- [4]
2026-07-22 10:16:54 [http-nio-8081-exec-1] DEBUG org.hibernate.SQL - 
    select
        tk1_0.id,
        tk1_0.anh,
        tk1_0.cccd,
        tk1_0.email,
        tk1_0.ho_ten,
        tk1_0.khoa_den,
        tk1_0.lan_dang_nhap_cuoi,
        tk1_0.mat_khau,
        tk1_0.ngay_cap_nhat,
        tk1_0.ngay_tao,
        tk1_0.nguoi_tao_id,
        tk1_0.so_dien_thoai,
        tk1_0.so_lan_dang_nhap_sai,
        tk1_0.ten_dang_nhap,
        tk1_0.trang_thai,
        tk1_0.vai_tro_id 
    from
        tai_khoan tk1_0 
    where
        tk1_0.ten_dang_nhap=?
2026-07-22 10:16:54 [http-nio-8081-exec-5] DEBUG org.hibernate.SQL - 
    select
        tk1_0.id,
        tk1_0.anh,
        tk1_0.cccd,
        tk1_0.email,
        tk1_0.ho_ten,
        tk1_0.khoa_den,
        tk1_0.lan_dang_nhap_cuoi,
        tk1_0.mat_khau,
        tk1_0.ngay_cap_nhat,
        tk1_0.ngay_tao,
        tk1_0.nguoi_tao_id,
        tk1_0.so_dien_thoai,
        tk1_0.so_lan_dang_nhap_sai,
        tk1_0.ten_dang_nhap,
        tk1_0.trang_thai,
        tk1_0.vai_tro_id 
    from
        tai_khoan tk1_0 
    where
        tk1_0.ten_dang_nhap=?
2026-07-22 10:16:54 [http-nio-8081-exec-1] TRACE org.hibernate.orm.jdbc.bind - binding parameter (1:VARCHAR) <- [admin]
2026-07-22 10:16:54 [http-nio-8081-exec-5] TRACE org.hibernate.orm.jdbc.bind - binding parameter (1:VARCHAR) <- [admin]
2026-07-22 10:16:54 [http-nio-8081-exec-1] DEBUG org.hibernate.SQL - 
    select
        vt1_0.id,
        vt1_0.ma_vai_tro,
        vt1_0.mo_ta,
        vt1_0.ngay_cap_nhat,
        vt1_0.ngay_tao,
        vt1_0.ten_vai_tro,
        vt1_0.trang_thai 
    from
        vai_tro vt1_0 
    where
        vt1_0.id=?
2026-07-22 10:16:54 [http-nio-8081-exec-5] DEBUG org.hibernate.SQL - 
    select
        vt1_0.id,
        vt1_0.ma_vai_tro,
        vt1_0.mo_ta,
        vt1_0.ngay_cap_nhat,
        vt1_0.ngay_tao,
        vt1_0.ten_vai_tro,
        vt1_0.trang_thai 
    from
        vai_tro vt1_0 
    where
        vt1_0.id=?
2026-07-22 10:16:54 [http-nio-8081-exec-1] TRACE org.hibernate.orm.jdbc.bind - binding parameter (1:INTEGER) <- [4]
2026-07-22 10:16:54 [http-nio-8081-exec-5] TRACE org.hibernate.orm.jdbc.bind - binding parameter (1:INTEGER) <- [4]
2026-07-22 10:16:54 [http-nio-8081-exec-1] DEBUG org.hibernate.SQL - 
    select
        gv1_0.magv,
        gv1_0.cccd,
        gv1_0.diachi,
        gv1_0.email,
        gv1_0.gioitinh,
        gv1_0.hangday,
        gv1_0.hoten,
        gv1_0.ngaysinh,
        gv1_0.sodienthoai 
    from
        giao_vien gv1_0
2026-07-22 10:16:54 [http-nio-8081-exec-5] DEBUG org.hibernate.SQL - 
    select
        gv1_0.magv,
        gv1_0.cccd,
        gv1_0.diachi,
        gv1_0.email,
        gv1_0.gioitinh,
        gv1_0.hangday,
        gv1_0.hoten,
        gv1_0.ngaysinh,
        gv1_0.sodienthoai 
    from
        giao_vien gv1_0
2026-07-22 10:16:55 [http-nio-8081-exec-10] DEBUG org.hibernate.SQL - 
    select
        tk1_0.id,
        tk1_0.anh,
        tk1_0.cccd,
        tk1_0.email,
        tk1_0.ho_ten,
        tk1_0.khoa_den,
        tk1_0.lan_dang_nhap_cuoi,
        tk1_0.mat_khau,
        tk1_0.ngay_cap_nhat,
        tk1_0.ngay_tao,
        tk1_0.nguoi_tao_id,
        tk1_0.so_dien_thoai,
        tk1_0.so_lan_dang_nhap_sai,
        tk1_0.ten_dang_nhap,
        tk1_0.trang_thai,
        tk1_0.vai_tro_id 
    from
        tai_khoan tk1_0 
    where
        tk1_0.ten_dang_nhap=?
2026-07-22 10:16:55 [http-nio-8081-exec-8] DEBUG org.hibernate.SQL - 
    select
        tk1_0.id,
        tk1_0.anh,
        tk1_0.cccd,
        tk1_0.email,
        tk1_0.ho_ten,
        tk1_0.khoa_den,
        tk1_0.lan_dang_nhap_cuoi,
        tk1_0.mat_khau,
        tk1_0.ngay_cap_nhat,
        tk1_0.ngay_tao,
        tk1_0.nguoi_tao_id,
        tk1_0.so_dien_thoai,
        tk1_0.so_lan_dang_nhap_sai,
        tk1_0.ten_dang_nhap,
        tk1_0.trang_thai,
        tk1_0.vai_tro_id 
    from
        tai_khoan tk1_0 
    where
        tk1_0.ten_dang_nhap=?
2026-07-22 10:16:55 [http-nio-8081-exec-4] DEBUG org.hibernate.SQL - 
    select
        tk1_0.id,
        tk1_0.anh,
        tk1_0.cccd,
        tk1_0.email,
        tk1_0.ho_ten,
        tk1_0.khoa_den,
        tk1_0.lan_dang_nhap_cuoi,
        tk1_0.mat_khau,
        tk1_0.ngay_cap_nhat,
        tk1_0.ngay_tao,
        tk1_0.nguoi_tao_id,
        tk1_0.so_dien_thoai,
        tk1_0.so_lan_dang_nhap_sai,
        tk1_0.ten_dang_nhap,
        tk1_0.trang_thai,
        tk1_0.vai_tro_id 
    from
        tai_khoan tk1_0 
    where
        tk1_0.ten_dang_nhap=?
2026-07-22 10:16:55 [http-nio-8081-exec-7] DEBUG org.hibernate.SQL - 
    select
        tk1_0.id,
        tk1_0.anh,
        tk1_0.cccd,
        tk1_0.email,
        tk1_0.ho_ten,
        tk1_0.khoa_den,
        tk1_0.lan_dang_nhap_cuoi,
        tk1_0.mat_khau,
        tk1_0.ngay_cap_nhat,
        tk1_0.ngay_tao,
        tk1_0.nguoi_tao_id,
        tk1_0.so_dien_thoai,
        tk1_0.so_lan_dang_nhap_sai,
        tk1_0.ten_dang_nhap,
        tk1_0.trang_thai,
        tk1_0.vai_tro_id 
    from
        tai_khoan tk1_0 
    where
        tk1_0.ten_dang_nhap=?
2026-07-22 10:16:55 [http-nio-8081-exec-10] TRACE org.hibernate.orm.jdbc.bind - binding parameter (1:VARCHAR) <- [admin]
2026-07-22 10:16:55 [http-nio-8081-exec-7] TRACE org.hibernate.orm.jdbc.bind - binding parameter (1:VARCHAR) <- [admin]
2026-07-22 10:16:55 [http-nio-8081-exec-8] TRACE org.hibernate.orm.jdbc.bind - binding parameter (1:VARCHAR) <- [admin]
2026-07-22 10:16:55 [http-nio-8081-exec-4] TRACE org.hibernate.orm.jdbc.bind - binding parameter (1:VARCHAR) <- [admin]
2026-07-22 10:16:55 [http-nio-8081-exec-4] DEBUG org.hibernate.SQL - 
    select
        vt1_0.id,
        vt1_0.ma_vai_tro,
        vt1_0.mo_ta,
        vt1_0.ngay_cap_nhat,
        vt1_0.ngay_tao,
        vt1_0.ten_vai_tro,
        vt1_0.trang_thai 
    from
        vai_tro vt1_0 
    where
        vt1_0.id=?
2026-07-22 10:16:55 [http-nio-8081-exec-4] TRACE org.hibernate.orm.jdbc.bind - binding parameter (1:INTEGER) <- [4]
2026-07-22 10:16:55 [http-nio-8081-exec-7] DEBUG org.hibernate.SQL - 
    select
        vt1_0.id,
        vt1_0.ma_vai_tro,
        vt1_0.mo_ta,
        vt1_0.ngay_cap_nhat,
        vt1_0.ngay_tao,
        vt1_0.ten_vai_tro,
        vt1_0.trang_thai 
    from
        vai_tro vt1_0 
    where
        vt1_0.id=?
2026-07-22 10:16:55 [http-nio-8081-exec-8] DEBUG org.hibernate.SQL - 
    select
        vt1_0.id,
        vt1_0.ma_vai_tro,
        vt1_0.mo_ta,
        vt1_0.ngay_cap_nhat,
        vt1_0.ngay_tao,
        vt1_0.ten_vai_tro,
        vt1_0.trang_thai 
    from
        vai_tro vt1_0 
    where
        vt1_0.id=?
2026-07-22 10:16:55 [http-nio-8081-exec-7] TRACE org.hibernate.orm.jdbc.bind - binding parameter (1:INTEGER) <- [4]
2026-07-22 10:16:55 [http-nio-8081-exec-10] DEBUG org.hibernate.SQL - 
    select
        vt1_0.id,
        vt1_0.ma_vai_tro,
        vt1_0.mo_ta,
        vt1_0.ngay_cap_nhat,
        vt1_0.ngay_tao,
        vt1_0.ten_vai_tro,
        vt1_0.trang_thai 
    from
        vai_tro vt1_0 
    where
        vt1_0.id=?
2026-07-22 10:16:55 [http-nio-8081-exec-8] TRACE org.hibernate.orm.jdbc.bind - binding parameter (1:INTEGER) <- [4]
2026-07-22 10:16:55 [http-nio-8081-exec-10] TRACE org.hibernate.orm.jdbc.bind - binding parameter (1:INTEGER) <- [4]
2026-07-22 10:18:12 [http-nio-8081-exec-1] DEBUG org.hibernate.SQL - 
    select
        tk1_0.id,
        tk1_0.anh,
        tk1_0.cccd,
        tk1_0.email,
        tk1_0.ho_ten,
        tk1_0.khoa_den,
        tk1_0.lan_dang_nhap_cuoi,
        tk1_0.mat_khau,
        tk1_0.ngay_cap_nhat,
        tk1_0.ngay_tao,
        tk1_0.nguoi_tao_id,
        tk1_0.so_dien_thoai,
        tk1_0.so_lan_dang_nhap_sai,
        tk1_0.ten_dang_nhap,
        tk1_0.trang_thai,
        tk1_0.vai_tro_id 
    from
        tai_khoan tk1_0 
    where
        tk1_0.ten_dang_nhap=?
2026-07-22 10:18:12 [http-nio-8081-exec-5] DEBUG org.hibernate.SQL - 
    select
        tk1_0.id,
        tk1_0.anh,
        tk1_0.cccd,
        tk1_0.email,
        tk1_0.ho_ten,
        tk1_0.khoa_den,
        tk1_0.lan_dang_nhap_cuoi,
        tk1_0.mat_khau,
        tk1_0.ngay_cap_nhat,
        tk1_0.ngay_tao,
        tk1_0.nguoi_tao_id,
        tk1_0.so_dien_thoai,
        tk1_0.so_lan_dang_nhap_sai,
        tk1_0.ten_dang_nhap,
        tk1_0.trang_thai,
        tk1_0.vai_tro_id 
    from
        tai_khoan tk1_0 
    where
        tk1_0.ten_dang_nhap=?
2026-07-22 10:18:12 [http-nio-8081-exec-4] DEBUG org.hibernate.SQL - 
    select
        tk1_0.id,
        tk1_0.anh,
        tk1_0.cccd,
        tk1_0.email,
        tk1_0.ho_ten,
        tk1_0.khoa_den,
        tk1_0.lan_dang_nhap_cuoi,
        tk1_0.mat_khau,
        tk1_0.ngay_cap_nhat,
        tk1_0.ngay_tao,
        tk1_0.nguoi_tao_id,
        tk1_0.so_dien_thoai,
        tk1_0.so_lan_dang_nhap_sai,
        tk1_0.ten_dang_nhap,
        tk1_0.trang_thai,
        tk1_0.vai_tro_id 
    from
        tai_khoan tk1_0 
    where
        tk1_0.ten_dang_nhap=?
2026-07-22 10:18:12 [http-nio-8081-exec-10] DEBUG org.hibernate.SQL - 
    select
        tk1_0.id,
        tk1_0.anh,
        tk1_0.cccd,
        tk1_0.email,
        tk1_0.ho_ten,
        tk1_0.khoa_den,
        tk1_0.lan_dang_nhap_cuoi,
        tk1_0.mat_khau,
        tk1_0.ngay_cap_nhat,
        tk1_0.ngay_tao,
        tk1_0.nguoi_tao_id,
        tk1_0.so_dien_thoai,
        tk1_0.so_lan_dang_nhap_sai,
        tk1_0.ten_dang_nhap,
        tk1_0.trang_thai,
        tk1_0.vai_tro_id 
    from
        tai_khoan tk1_0 
    where
        tk1_0.ten_dang_nhap=?
2026-07-22 10:18:12 [http-nio-8081-exec-4] TRACE org.hibernate.orm.jdbc.bind - binding parameter (1:VARCHAR) <- [admin]
2026-07-22 10:18:12 [http-nio-8081-exec-10] TRACE org.hibernate.orm.jdbc.bind - binding parameter (1:VARCHAR) <- [admin]
2026-07-22 10:18:12 [http-nio-8081-exec-5] TRACE org.hibernate.orm.jdbc.bind - binding parameter (1:VARCHAR) <- [admin]
2026-07-22 10:18:12 [http-nio-8081-exec-1] TRACE org.hibernate.orm.jdbc.bind - binding parameter (1:VARCHAR) <- [admin]
2026-07-22 10:18:12 [http-nio-8081-exec-10] DEBUG org.hibernate.SQL - 
    select
        vt1_0.id,
        vt1_0.ma_vai_tro,
        vt1_0.mo_ta,
        vt1_0.ngay_cap_nhat,
        vt1_0.ngay_tao,
        vt1_0.ten_vai_tro,
        vt1_0.trang_thai 
    from
        vai_tro vt1_0 
    where
        vt1_0.id=?
2026-07-22 10:18:12 [http-nio-8081-exec-5] DEBUG org.hibernate.SQL - 
    select
        vt1_0.id,
        vt1_0.ma_vai_tro,
        vt1_0.mo_ta,
        vt1_0.ngay_cap_nhat,
        vt1_0.ngay_tao,
        vt1_0.ten_vai_tro,
        vt1_0.trang_thai 
    from
        vai_tro vt1_0 
    where
        vt1_0.id=?
2026-07-22 10:18:12 [http-nio-8081-exec-1] DEBUG org.hibernate.SQL - 
    select
        vt1_0.id,
        vt1_0.ma_vai_tro,
        vt1_0.mo_ta,
        vt1_0.ngay_cap_nhat,
        vt1_0.ngay_tao,
        vt1_0.ten_vai_tro,
        vt1_0.trang_thai 
    from
        vai_tro vt1_0 
    where
        vt1_0.id=?
2026-07-22 10:18:12 [http-nio-8081-exec-4] DEBUG org.hibernate.SQL - 
    select
        vt1_0.id,
        vt1_0.ma_vai_tro,
        vt1_0.mo_ta,
        vt1_0.ngay_cap_nhat,
        vt1_0.ngay_tao,
        vt1_0.ten_vai_tro,
        vt1_0.trang_thai 
    from
        vai_tro vt1_0 
    where
        vt1_0.id=?
2026-07-22 10:18:12 [http-nio-8081-exec-10] TRACE org.hibernate.orm.jdbc.bind - binding parameter (1:INTEGER) <- [4]
2026-07-22 10:18:12 [http-nio-8081-exec-1] TRACE org.hibernate.orm.jdbc.bind - binding parameter (1:INTEGER) <- [4]
2026-07-22 10:18:12 [http-nio-8081-exec-5] TRACE org.hibernate.orm.jdbc.bind - binding parameter (1:INTEGER) <- [4]
2026-07-22 10:18:12 [http-nio-8081-exec-4] TRACE org.hibernate.orm.jdbc.bind - binding parameter (1:INTEGER) <- [4]
2026-07-22 10:18:56 [http-nio-8081-exec-7] DEBUG org.hibernate.SQL - 
    select
        tk1_0.id,
        tk1_0.anh,
        tk1_0.cccd,
        tk1_0.email,
        tk1_0.ho_ten,
        tk1_0.khoa_den,
        tk1_0.lan_dang_nhap_cuoi,
        tk1_0.mat_khau,
        tk1_0.ngay_cap_nhat,
        tk1_0.ngay_tao,
        tk1_0.nguoi_tao_id,
        tk1_0.so_dien_thoai,
        tk1_0.so_lan_dang_nhap_sai,
        tk1_0.ten_dang_nhap,
        tk1_0.trang_thai,
        tk1_0.vai_tro_id 
    from
        tai_khoan tk1_0 
    where
        tk1_0.ten_dang_nhap=?
2026-07-22 10:18:56 [http-nio-8081-exec-8] DEBUG org.hibernate.SQL - 
    select
        tk1_0.id,
        tk1_0.anh,
        tk1_0.cccd,
        tk1_0.email,
        tk1_0.ho_ten,
        tk1_0.khoa_den,
        tk1_0.lan_dang_nhap_cuoi,
        tk1_0.mat_khau,
        tk1_0.ngay_cap_nhat,
        tk1_0.ngay_tao,
        tk1_0.nguoi_tao_id,
        tk1_0.so_dien_thoai,
        tk1_0.so_lan_dang_nhap_sai,
        tk1_0.ten_dang_nhap,
        tk1_0.trang_thai,
        tk1_0.vai_tro_id 
    from
        tai_khoan tk1_0 
    where
        tk1_0.ten_dang_nhap=?
2026-07-22 10:18:56 [http-nio-8081-exec-3] DEBUG org.hibernate.SQL - 
    select
        tk1_0.id,
        tk1_0.anh,
        tk1_0.cccd,
        tk1_0.email,
        tk1_0.ho_ten,
        tk1_0.khoa_den,
        tk1_0.lan_dang_nhap_cuoi,
        tk1_0.mat_khau,
        tk1_0.ngay_cap_nhat,
        tk1_0.ngay_tao,
        tk1_0.nguoi_tao_id,
        tk1_0.so_dien_thoai,
        tk1_0.so_lan_dang_nhap_sai,
        tk1_0.ten_dang_nhap,
        tk1_0.trang_thai,
        tk1_0.vai_tro_id 
    from
        tai_khoan tk1_0 
    where
        tk1_0.ten_dang_nhap=?
2026-07-22 10:18:56 [http-nio-8081-exec-2] DEBUG org.hibernate.SQL - 
    select
        tk1_0.id,
        tk1_0.anh,
        tk1_0.cccd,
        tk1_0.email,
        tk1_0.ho_ten,
        tk1_0.khoa_den,
        tk1_0.lan_dang_nhap_cuoi,
        tk1_0.mat_khau,
        tk1_0.ngay_cap_nhat,
        tk1_0.ngay_tao,
        tk1_0.nguoi_tao_id,
        tk1_0.so_dien_thoai,
        tk1_0.so_lan_dang_nhap_sai,
        tk1_0.ten_dang_nhap,
        tk1_0.trang_thai,
        tk1_0.vai_tro_id 
    from
        tai_khoan tk1_0 
    where
        tk1_0.ten_dang_nhap=?
2026-07-22 10:18:56 [http-nio-8081-exec-8] TRACE org.hibernate.orm.jdbc.bind - binding parameter (1:VARCHAR) <- [admin]
2026-07-22 10:18:56 [http-nio-8081-exec-7] TRACE org.hibernate.orm.jdbc.bind - binding parameter (1:VARCHAR) <- [admin]
2026-07-22 10:18:56 [http-nio-8081-exec-3] TRACE org.hibernate.orm.jdbc.bind - binding parameter (1:VARCHAR) <- [admin]
2026-07-22 10:18:56 [http-nio-8081-exec-2] TRACE org.hibernate.orm.jdbc.bind - binding parameter (1:VARCHAR) <- [admin]
2026-07-22 10:18:56 [http-nio-8081-exec-2] DEBUG org.hibernate.SQL - 
    select
        vt1_0.id,
        vt1_0.ma_vai_tro,
        vt1_0.mo_ta,
        vt1_0.ngay_cap_nhat,
        vt1_0.ngay_tao,
        vt1_0.ten_vai_tro,
        vt1_0.trang_thai 
    from
        vai_tro vt1_0 
    where
        vt1_0.id=?
2026-07-22 10:18:56 [http-nio-8081-exec-8] DEBUG org.hibernate.SQL - 
    select
        vt1_0.id,
        vt1_0.ma_vai_tro,
        vt1_0.mo_ta,
        vt1_0.ngay_cap_nhat,
        vt1_0.ngay_tao,
        vt1_0.ten_vai_tro,
        vt1_0.trang_thai 
    from
        vai_tro vt1_0 
    where
        vt1_0.id=?
2026-07-22 10:18:56 [http-nio-8081-exec-3] DEBUG org.hibernate.SQL - 
    select
        vt1_0.id,
        vt1_0.ma_vai_tro,
        vt1_0.mo_ta,
        vt1_0.ngay_cap_nhat,
        vt1_0.ngay_tao,
        vt1_0.ten_vai_tro,
        vt1_0.trang_thai 
    from
        vai_tro vt1_0 
    where
        vt1_0.id=?
2026-07-22 10:18:56 [http-nio-8081-exec-7] DEBUG org.hibernate.SQL - 
    select
        vt1_0.id,
        vt1_0.ma_vai_tro,
        vt1_0.mo_ta,
        vt1_0.ngay_cap_nhat,
        vt1_0.ngay_tao,
        vt1_0.ten_vai_tro,
        vt1_0.trang_thai 
    from
        vai_tro vt1_0 
    where
        vt1_0.id=?
2026-07-22 10:18:56 [http-nio-8081-exec-8] TRACE org.hibernate.orm.jdbc.bind - binding parameter (1:INTEGER) <- [4]
2026-07-22 10:18:56 [http-nio-8081-exec-2] TRACE org.hibernate.orm.jdbc.bind - binding parameter (1:INTEGER) <- [4]
2026-07-22 10:18:56 [http-nio-8081-exec-3] TRACE org.hibernate.orm.jdbc.bind - binding parameter (1:INTEGER) <- [4]
2026-07-22 10:18:56 [http-nio-8081-exec-7] TRACE org.hibernate.orm.jdbc.bind - binding parameter (1:INTEGER) <- [4]
2026-07-22 10:18:58 [http-nio-8081-exec-9] DEBUG org.hibernate.SQL - 
    select
        count_big(*) 
    from
        hoc_vien hv1_0
2026-07-22 10:18:58 [http-nio-8081-exec-9] DEBUG org.hibernate.SQL - 
    select
        count_big(*) 
    from
        giao_vien gv1_0
2026-07-22 10:18:58 [http-nio-8081-exec-9] DEBUG org.hibernate.SQL - 
    select
        count_big(kh1_0.makh) 
    from
        khoa_hoc kh1_0 
    where
        kh1_0.trangthai=?
2026-07-22 10:18:58 [http-nio-8081-exec-9] TRACE org.hibernate.orm.jdbc.bind - binding parameter (1:VARCHAR) <- [DANG_MO]
2026-07-22 10:18:58 [http-nio-8081-exec-9] DEBUG org.hibernate.SQL - 
    select
        tt1_0.matt,
        tt1_0.madk,
        tt1_0.mahv,
        tt1_0.ngaythanhtoan,
        tt1_0.phuongthuc,
        tt1_0.sotien,
        tt1_0.trangthai 
    from
        thanh_toan tt1_0
2026-07-22 10:18:58 [http-nio-8081-exec-9] DEBUG org.hibernate.SQL - 
    select
        dkkh1_0.madk,
        dkkh1_0.mahv,
        hv1_0.mahv,
        hv1_0.cccd,
        hv1_0.diachi,
        hv1_0.email,
        hv1_0.gioitinh,
        hv1_0.hoten,
        hv1_0.ngaydangky,
        hv1_0.ngaysinh,
        hv1_0.sodienthoai,
        dkkh1_0.makh,
        kh1_0.makh,
        cth1_0.macth,
        cth1_0.hangbang,
        cth1_0.hocphi,
        cth1_0.sobuoilythuyet,
        cth1_0.sobuoithuchanh,
        cth1_0.tenchuongtrinh,
        kh1_0.ngaybatdau,
        kh1_0.ngayketthuc,
        kh1_0.tenkhoahoc,
        kh1_0.trangthai,
        dkkh1_0.ngaydangky,
        dkkh1_0.trangthai 
    from
        dang_ky_khoa_hoc dkkh1_0 
    join
        hoc_vien hv1_0 
            on hv1_0.mahv=dkkh1_0.mahv 
    join
        khoa_hoc kh1_0 
            on kh1_0.makh=dkkh1_0.makh 
    left join
        chuong_trinh_hoc cth1_0 
            on cth1_0.macth=kh1_0.macth 
    where
        dkkh1_0.madk=?
2026-07-22 10:18:58 [http-nio-8081-exec-9] TRACE org.hibernate.orm.jdbc.bind - binding parameter (1:INTEGER) <- [1]
2026-07-22 10:18:58 [http-nio-8081-exec-9] DEBUG org.hibernate.SQL - 
    select
        dkkh1_0.madk,
        dkkh1_0.mahv,
        hv1_0.mahv,
        hv1_0.cccd,
        hv1_0.diachi,
        hv1_0.email,
        hv1_0.gioitinh,
        hv1_0.hoten,
        hv1_0.ngaydangky,
        hv1_0.ngaysinh,
        hv1_0.sodienthoai,
        dkkh1_0.makh,
        kh1_0.makh,
        cth1_0.macth,
        cth1_0.hangbang,
        cth1_0.hocphi,
        cth1_0.sobuoilythuyet,
        cth1_0.sobuoithuchanh,
        cth1_0.tenchuongtrinh,
        kh1_0.ngaybatdau,
        kh1_0.ngayketthuc,
        kh1_0.tenkhoahoc,
        kh1_0.trangthai,
        dkkh1_0.ngaydangky,
        dkkh1_0.trangthai 
    from
        dang_ky_khoa_hoc dkkh1_0 
    join
        hoc_vien hv1_0 
            on hv1_0.mahv=dkkh1_0.mahv 
    join
        khoa_hoc kh1_0 
            on kh1_0.makh=dkkh1_0.makh 
    left join
        chuong_trinh_hoc cth1_0 
            on cth1_0.macth=kh1_0.macth 
    where
        dkkh1_0.madk=?
2026-07-22 10:18:58 [http-nio-8081-exec-9] TRACE org.hibernate.orm.jdbc.bind - binding parameter (1:INTEGER) <- [2]
2026-07-22 10:18:58 [http-nio-8081-exec-9] DEBUG org.hibernate.SQL - 
    select
        dkkh1_0.madk,
        dkkh1_0.mahv,
        hv1_0.mahv,
        hv1_0.cccd,
        hv1_0.diachi,
        hv1_0.email,
        hv1_0.gioitinh,
        hv1_0.hoten,
        hv1_0.ngaydangky,
        hv1_0.ngaysinh,
        hv1_0.sodienthoai,
        dkkh1_0.makh,
        kh1_0.makh,
        cth1_0.macth,
        cth1_0.hangbang,
        cth1_0.hocphi,
        cth1_0.sobuoilythuyet,
        cth1_0.sobuoithuchanh,
        cth1_0.tenchuongtrinh,
        kh1_0.ngaybatdau,
        kh1_0.ngayketthuc,
        kh1_0.tenkhoahoc,
        kh1_0.trangthai,
        dkkh1_0.ngaydangky,
        dkkh1_0.trangthai 
    from
        dang_ky_khoa_hoc dkkh1_0 
    join
        hoc_vien hv1_0 
            on hv1_0.mahv=dkkh1_0.mahv 
    join
        khoa_hoc kh1_0 
            on kh1_0.makh=dkkh1_0.makh 
    left join
        chuong_trinh_hoc cth1_0 
            on cth1_0.macth=kh1_0.macth 
    where
        dkkh1_0.madk=?
2026-07-22 10:18:58 [http-nio-8081-exec-9] TRACE org.hibernate.orm.jdbc.bind - binding parameter (1:INTEGER) <- [3]
2026-07-22 10:18:58 [http-nio-8081-exec-9] DEBUG org.hibernate.SQL - 
    select
        tt1_0.matt,
        tt1_0.madk,
        tt1_0.mahv,
        tt1_0.ngaythanhtoan,
        tt1_0.phuongthuc,
        tt1_0.sotien,
        tt1_0.trangthai 
    from
        thanh_toan tt1_0
2026-07-22 10:18:58 [http-nio-8081-exec-9] DEBUG org.hibernate.SQL - 
    select
        dkkh1_0.madk,
        dkkh1_0.mahv,
        hv1_0.mahv,
        hv1_0.cccd,
        hv1_0.diachi,
        hv1_0.email,
        hv1_0.gioitinh,
        hv1_0.hoten,
        hv1_0.ngaydangky,
        hv1_0.ngaysinh,
        hv1_0.sodienthoai,
        dkkh1_0.makh,
        kh1_0.makh,
        cth1_0.macth,
        cth1_0.hangbang,
        cth1_0.hocphi,
        cth1_0.sobuoilythuyet,
        cth1_0.sobuoithuchanh,
        cth1_0.tenchuongtrinh,
        kh1_0.ngaybatdau,
        kh1_0.ngayketthuc,
        kh1_0.tenkhoahoc,
        kh1_0.trangthai,
        dkkh1_0.ngaydangky,
        dkkh1_0.trangthai 
    from
        dang_ky_khoa_hoc dkkh1_0 
    join
        hoc_vien hv1_0 
            on hv1_0.mahv=dkkh1_0.mahv 
    join
        khoa_hoc kh1_0 
            on kh1_0.makh=dkkh1_0.makh 
    left join
        chuong_trinh_hoc cth1_0 
            on cth1_0.macth=kh1_0.macth 
    where
        dkkh1_0.madk=?
2026-07-22 10:18:58 [http-nio-8081-exec-9] TRACE org.hibernate.orm.jdbc.bind - binding parameter (1:INTEGER) <- [1]
2026-07-22 10:18:58 [http-nio-8081-exec-9] DEBUG org.hibernate.SQL - 
    select
        dkkh1_0.madk,
        dkkh1_0.mahv,
        hv1_0.mahv,
        hv1_0.cccd,
        hv1_0.diachi,
        hv1_0.email,
        hv1_0.gioitinh,
        hv1_0.hoten,
        hv1_0.ngaydangky,
        hv1_0.ngaysinh,
        hv1_0.sodienthoai,
        dkkh1_0.makh,
        kh1_0.makh,
        cth1_0.macth,
        cth1_0.hangbang,
        cth1_0.hocphi,
        cth1_0.sobuoilythuyet,
        cth1_0.sobuoithuchanh,
        cth1_0.tenchuongtrinh,
        kh1_0.ngaybatdau,
        kh1_0.ngayketthuc,
        kh1_0.tenkhoahoc,
        kh1_0.trangthai,
        dkkh1_0.ngaydangky,
        dkkh1_0.trangthai 
    from
        dang_ky_khoa_hoc dkkh1_0 
    join
        hoc_vien hv1_0 
            on hv1_0.mahv=dkkh1_0.mahv 
    join
        khoa_hoc kh1_0 
            on kh1_0.makh=dkkh1_0.makh 
    left join
        chuong_trinh_hoc cth1_0 
            on cth1_0.macth=kh1_0.macth 
    where
        dkkh1_0.madk=?
2026-07-22 10:18:58 [http-nio-8081-exec-9] TRACE org.hibernate.orm.jdbc.bind - binding parameter (1:INTEGER) <- [2]
2026-07-22 10:18:58 [http-nio-8081-exec-9] DEBUG org.hibernate.SQL - 
    select
        dkkh1_0.madk,
        dkkh1_0.mahv,
        hv1_0.mahv,
        hv1_0.cccd,
        hv1_0.diachi,
        hv1_0.email,
        hv1_0.gioitinh,
        hv1_0.hoten,
        hv1_0.ngaydangky,
        hv1_0.ngaysinh,
        hv1_0.sodienthoai,
        dkkh1_0.makh,
        kh1_0.makh,
        cth1_0.macth,
        cth1_0.hangbang,
        cth1_0.hocphi,
        cth1_0.sobuoilythuyet,
        cth1_0.sobuoithuchanh,
        cth1_0.tenchuongtrinh,
        kh1_0.ngaybatdau,
        kh1_0.ngayketthuc,
        kh1_0.tenkhoahoc,
        kh1_0.trangthai,
        dkkh1_0.ngaydangky,
        dkkh1_0.trangthai 
    from
        dang_ky_khoa_hoc dkkh1_0 
    join
        hoc_vien hv1_0 
            on hv1_0.mahv=dkkh1_0.mahv 
    join
        khoa_hoc kh1_0 
            on kh1_0.makh=dkkh1_0.makh 
    left join
        chuong_trinh_hoc cth1_0 
            on cth1_0.macth=kh1_0.macth 
    where
        dkkh1_0.madk=?
2026-07-22 10:18:58 [http-nio-8081-exec-9] TRACE org.hibernate.orm.jdbc.bind - binding parameter (1:INTEGER) <- [3]
2026-07-22 10:18:58 [http-nio-8081-exec-9] DEBUG org.hibernate.SQL - 
    select
        tt1_0.matt,
        tt1_0.madk,
        tt1_0.mahv,
        tt1_0.ngaythanhtoan,
        tt1_0.phuongthuc,
        tt1_0.sotien,
        tt1_0.trangthai 
    from
        thanh_toan tt1_0
2026-07-22 10:18:58 [http-nio-8081-exec-9] DEBUG org.hibernate.SQL - 
    select
        dkkh1_0.madk,
        dkkh1_0.mahv,
        hv1_0.mahv,
        hv1_0.cccd,
        hv1_0.diachi,
        hv1_0.email,
        hv1_0.gioitinh,
        hv1_0.hoten,
        hv1_0.ngaydangky,
        hv1_0.ngaysinh,
        hv1_0.sodienthoai,
        dkkh1_0.makh,
        kh1_0.makh,
        cth1_0.macth,
        cth1_0.hangbang,
        cth1_0.hocphi,
        cth1_0.sobuoilythuyet,
        cth1_0.sobuoithuchanh,
        cth1_0.tenchuongtrinh,
        kh1_0.ngaybatdau,
        kh1_0.ngayketthuc,
        kh1_0.tenkhoahoc,
        kh1_0.trangthai,
        dkkh1_0.ngaydangky,
        dkkh1_0.trangthai 
    from
        dang_ky_khoa_hoc dkkh1_0 
    join
        hoc_vien hv1_0 
            on hv1_0.mahv=dkkh1_0.mahv 
    join
        khoa_hoc kh1_0 
            on kh1_0.makh=dkkh1_0.makh 
    left join
        chuong_trinh_hoc cth1_0 
            on cth1_0.macth=kh1_0.macth 
    where
        dkkh1_0.madk=?
2026-07-22 10:18:58 [http-nio-8081-exec-9] TRACE org.hibernate.orm.jdbc.bind - binding parameter (1:INTEGER) <- [1]
2026-07-22 10:18:58 [http-nio-8081-exec-9] DEBUG org.hibernate.SQL - 
    select
        dkkh1_0.madk,
        dkkh1_0.mahv,
        hv1_0.mahv,
        hv1_0.cccd,
        hv1_0.diachi,
        hv1_0.email,
        hv1_0.gioitinh,
        hv1_0.hoten,
        hv1_0.ngaydangky,
        hv1_0.ngaysinh,
        hv1_0.sodienthoai,
        dkkh1_0.makh,
        kh1_0.makh,
        cth1_0.macth,
        cth1_0.hangbang,
        cth1_0.hocphi,
        cth1_0.sobuoilythuyet,
        cth1_0.sobuoithuchanh,
        cth1_0.tenchuongtrinh,
        kh1_0.ngaybatdau,
        kh1_0.ngayketthuc,
        kh1_0.tenkhoahoc,
        kh1_0.trangthai,
        dkkh1_0.ngaydangky,
        dkkh1_0.trangthai 
    from
        dang_ky_khoa_hoc dkkh1_0 
    join
        hoc_vien hv1_0 
            on hv1_0.mahv=dkkh1_0.mahv 
    join
        khoa_hoc kh1_0 
            on kh1_0.makh=dkkh1_0.makh 
    left join
        chuong_trinh_hoc cth1_0 
            on cth1_0.macth=kh1_0.macth 
    where
        dkkh1_0.madk=?
2026-07-22 10:18:58 [http-nio-8081-exec-9] TRACE org.hibernate.orm.jdbc.bind - binding parameter (1:INTEGER) <- [2]
2026-07-22 10:18:58 [http-nio-8081-exec-9] DEBUG org.hibernate.SQL - 
    select
        dkkh1_0.madk,
        dkkh1_0.mahv,
        hv1_0.mahv,
        hv1_0.cccd,
        hv1_0.diachi,
        hv1_0.email,
        hv1_0.gioitinh,
        hv1_0.hoten,
        hv1_0.ngaydangky,
        hv1_0.ngaysinh,
        hv1_0.sodienthoai,
        dkkh1_0.makh,
        kh1_0.makh,
        cth1_0.macth,
        cth1_0.hangbang,
        cth1_0.hocphi,
        cth1_0.sobuoilythuyet,
        cth1_0.sobuoithuchanh,
        cth1_0.tenchuongtrinh,
        kh1_0.ngaybatdau,
        kh1_0.ngayketthuc,
        kh1_0.tenkhoahoc,
        kh1_0.trangthai,
        dkkh1_0.ngaydangky,
        dkkh1_0.trangthai 
    from
        dang_ky_khoa_hoc dkkh1_0 
    join
        hoc_vien hv1_0 
            on hv1_0.mahv=dkkh1_0.mahv 
    join
        khoa_hoc kh1_0 
            on kh1_0.makh=dkkh1_0.makh 
    left join
        chuong_trinh_hoc cth1_0 
            on cth1_0.macth=kh1_0.macth 
    where
        dkkh1_0.madk=?
2026-07-22 10:18:58 [http-nio-8081-exec-9] TRACE org.hibernate.orm.jdbc.bind - binding parameter (1:INTEGER) <- [3]
2026-07-22 10:18:58 [http-nio-8081-exec-9] DEBUG org.hibernate.SQL - 
    select
        count_big(tt1_0.matt) 
    from
        thanh_toan tt1_0 
    where
        tt1_0.ngaythanhtoan between ? and ?
2026-07-22 10:18:58 [http-nio-8081-exec-9] TRACE org.hibernate.orm.jdbc.bind - binding parameter (1:DATE) <- [2026-07-01]
2026-07-22 10:18:58 [http-nio-8081-exec-9] TRACE org.hibernate.orm.jdbc.bind - binding parameter (2:DATE) <- [2026-07-22]
2026-07-22 10:18:58 [http-nio-8081-exec-9] DEBUG org.hibernate.SQL - 
    select
        tsh1_0.mathi,
        tsh1_0.ghichu,
        tsh1_0.mahv,
        tsh1_0.ketqua,
        tsh1_0.malichthi,
        tsh1_0.ngaythi 
    from
        thi_sat_hach tsh1_0
2026-07-22 10:18:58 [http-nio-8081-exec-9] DEBUG org.hibernate.SQL - 
    select
        hv1_0.mahv,
        hv1_0.cccd,
        hv1_0.diachi,
        hv1_0.email,
        hv1_0.gioitinh,
        hv1_0.hoten,
        hv1_0.ngaydangky,
        hv1_0.ngaysinh,
        hv1_0.sodienthoai 
    from
        hoc_vien hv1_0 
    where
        hv1_0.mahv=?
2026-07-22 10:18:58 [http-nio-8081-exec-9] TRACE org.hibernate.orm.jdbc.bind - binding parameter (1:INTEGER) <- [1]
2026-07-22 10:18:58 [http-nio-8081-exec-9] DEBUG org.hibernate.SQL - 
    select
        tt1_0.matt,
        tt1_0.madk,
        tt1_0.mahv,
        tt1_0.ngaythanhtoan,
        tt1_0.phuongthuc,
        tt1_0.sotien,
        tt1_0.trangthai 
    from
        thanh_toan tt1_0
2026-07-22 10:18:58 [http-nio-8081-exec-9] DEBUG org.hibernate.SQL - 
    select
        dkkh1_0.madk,
        dkkh1_0.mahv,
        hv1_0.mahv,
        hv1_0.cccd,
        hv1_0.diachi,
        hv1_0.email,
        hv1_0.gioitinh,
        hv1_0.hoten,
        hv1_0.ngaydangky,
        hv1_0.ngaysinh,
        hv1_0.sodienthoai,
        dkkh1_0.makh,
        kh1_0.makh,
        cth1_0.macth,
        cth1_0.hangbang,
        cth1_0.hocphi,
        cth1_0.sobuoilythuyet,
        cth1_0.sobuoithuchanh,
        cth1_0.tenchuongtrinh,
        kh1_0.ngaybatdau,
        kh1_0.ngayketthuc,
        kh1_0.tenkhoahoc,
        kh1_0.trangthai,
        dkkh1_0.ngaydangky,
        dkkh1_0.trangthai 
    from
        dang_ky_khoa_hoc dkkh1_0 
    join
        hoc_vien hv1_0 
            on hv1_0.mahv=dkkh1_0.mahv 
    join
        khoa_hoc kh1_0 
            on kh1_0.makh=dkkh1_0.makh 
    left join
        chuong_trinh_hoc cth1_0 
            on cth1_0.macth=kh1_0.macth 
    where
        dkkh1_0.madk=?
2026-07-22 10:18:58 [http-nio-8081-exec-9] TRACE org.hibernate.orm.jdbc.bind - binding parameter (1:INTEGER) <- [1]
2026-07-22 10:18:58 [http-nio-8081-exec-9] DEBUG org.hibernate.SQL - 
    select
        dkkh1_0.madk,
        dkkh1_0.mahv,
        hv1_0.mahv,
        hv1_0.cccd,
        hv1_0.diachi,
        hv1_0.email,
        hv1_0.gioitinh,
        hv1_0.hoten,
        hv1_0.ngaydangky,
        hv1_0.ngaysinh,
        hv1_0.sodienthoai,
        dkkh1_0.makh,
        kh1_0.makh,
        cth1_0.macth,
        cth1_0.hangbang,
        cth1_0.hocphi,
        cth1_0.sobuoilythuyet,
        cth1_0.sobuoithuchanh,
        cth1_0.tenchuongtrinh,
        kh1_0.ngaybatdau,
        kh1_0.ngayketthuc,
        kh1_0.tenkhoahoc,
        kh1_0.trangthai,
        dkkh1_0.ngaydangky,
        dkkh1_0.trangthai 
    from
        dang_ky_khoa_hoc dkkh1_0 
    join
        hoc_vien hv1_0 
            on hv1_0.mahv=dkkh1_0.mahv 
    join
        khoa_hoc kh1_0 
            on kh1_0.makh=dkkh1_0.makh 
    left join
        chuong_trinh_hoc cth1_0 
            on cth1_0.macth=kh1_0.macth 
    where
        dkkh1_0.madk=?
2026-07-22 10:18:58 [http-nio-8081-exec-9] TRACE org.hibernate.orm.jdbc.bind - binding parameter (1:INTEGER) <- [2]
2026-07-22 10:18:58 [http-nio-8081-exec-9] DEBUG org.hibernate.SQL - 
    select
        dkkh1_0.madk,
        dkkh1_0.mahv,
        hv1_0.mahv,
        hv1_0.cccd,
        hv1_0.diachi,
        hv1_0.email,
        hv1_0.gioitinh,
        hv1_0.hoten,
        hv1_0.ngaydangky,
        hv1_0.ngaysinh,
        hv1_0.sodienthoai,
        dkkh1_0.makh,
        kh1_0.makh,
        cth1_0.macth,
        cth1_0.hangbang,
        cth1_0.hocphi,
        cth1_0.sobuoilythuyet,
        cth1_0.sobuoithuchanh,
        cth1_0.tenchuongtrinh,
        kh1_0.ngaybatdau,
        kh1_0.ngayketthuc,
        kh1_0.tenkhoahoc,
        kh1_0.trangthai,
        dkkh1_0.ngaydangky,
        dkkh1_0.trangthai 
    from
        dang_ky_khoa_hoc dkkh1_0 
    join
        hoc_vien hv1_0 
            on hv1_0.mahv=dkkh1_0.mahv 
    join
        khoa_hoc kh1_0 
            on kh1_0.makh=dkkh1_0.makh 
    left join
        chuong_trinh_hoc cth1_0 
            on cth1_0.macth=kh1_0.macth 
    where
        dkkh1_0.madk=?
2026-07-22 10:18:58 [http-nio-8081-exec-9] TRACE org.hibernate.orm.jdbc.bind - binding parameter (1:INTEGER) <- [3]
2026-07-22 10:18:58 [http-nio-8081-exec-9] DEBUG org.hibernate.SQL - 
    select
        tt1_0.matt,
        tt1_0.madk,
        tt1_0.mahv,
        tt1_0.ngaythanhtoan,
        tt1_0.phuongthuc,
        tt1_0.sotien,
        tt1_0.trangthai 
    from
        thanh_toan tt1_0
2026-07-22 10:18:58 [http-nio-8081-exec-9] DEBUG org.hibernate.SQL - 
    select
        dkkh1_0.madk,
        dkkh1_0.mahv,
        hv1_0.mahv,
        hv1_0.cccd,
        hv1_0.diachi,
        hv1_0.email,
        hv1_0.gioitinh,
        hv1_0.hoten,
        hv1_0.ngaydangky,
        hv1_0.ngaysinh,
        hv1_0.sodienthoai,
        dkkh1_0.makh,
        kh1_0.makh,
        cth1_0.macth,
        cth1_0.hangbang,
        cth1_0.hocphi,
        cth1_0.sobuoilythuyet,
        cth1_0.sobuoithuchanh,
        cth1_0.tenchuongtrinh,
        kh1_0.ngaybatdau,
        kh1_0.ngayketthuc,
        kh1_0.tenkhoahoc,
        kh1_0.trangthai,
        dkkh1_0.ngaydangky,
        dkkh1_0.trangthai 
    from
        dang_ky_khoa_hoc dkkh1_0 
    join
        hoc_vien hv1_0 
            on hv1_0.mahv=dkkh1_0.mahv 
    join
        khoa_hoc kh1_0 
            on kh1_0.makh=dkkh1_0.makh 
    left join
        chuong_trinh_hoc cth1_0 
            on cth1_0.macth=kh1_0.macth 
    where
        dkkh1_0.madk=?
2026-07-22 10:18:58 [http-nio-8081-exec-9] TRACE org.hibernate.orm.jdbc.bind - binding parameter (1:INTEGER) <- [1]
2026-07-22 10:18:58 [http-nio-8081-exec-9] DEBUG org.hibernate.SQL - 
    select
        dkkh1_0.madk,
        dkkh1_0.mahv,
        hv1_0.mahv,
        hv1_0.cccd,
        hv1_0.diachi,
        hv1_0.email,
        hv1_0.gioitinh,
        hv1_0.hoten,
        hv1_0.ngaydangky,
        hv1_0.ngaysinh,
        hv1_0.sodienthoai,
        dkkh1_0.makh,
        kh1_0.makh,
        cth1_0.macth,
        cth1_0.hangbang,
        cth1_0.hocphi,
        cth1_0.sobuoilythuyet,
        cth1_0.sobuoithuchanh,
        cth1_0.tenchuongtrinh,
        kh1_0.ngaybatdau,
        kh1_0.ngayketthuc,
        kh1_0.tenkhoahoc,
        kh1_0.trangthai,
        dkkh1_0.ngaydangky,
        dkkh1_0.trangthai 
    from
        dang_ky_khoa_hoc dkkh1_0 
    join
        hoc_vien hv1_0 
            on hv1_0.mahv=dkkh1_0.mahv 
    join
        khoa_hoc kh1_0 
            on kh1_0.makh=dkkh1_0.makh 
    left join
        chuong_trinh_hoc cth1_0 
            on cth1_0.macth=kh1_0.macth 
    where
        dkkh1_0.madk=?
2026-07-22 10:18:58 [http-nio-8081-exec-9] TRACE org.hibernate.orm.jdbc.bind - binding parameter (1:INTEGER) <- [2]
2026-07-22 10:18:58 [http-nio-8081-exec-9] DEBUG org.hibernate.SQL - 
    select
        dkkh1_0.madk,
        dkkh1_0.mahv,
        hv1_0.mahv,
        hv1_0.cccd,
        hv1_0.diachi,
        hv1_0.email,
        hv1_0.gioitinh,
        hv1_0.hoten,
        hv1_0.ngaydangky,
        hv1_0.ngaysinh,
        hv1_0.sodienthoai,
        dkkh1_0.makh,
        kh1_0.makh,
        cth1_0.macth,
        cth1_0.hangbang,
        cth1_0.hocphi,
        cth1_0.sobuoilythuyet,
        cth1_0.sobuoithuchanh,
        cth1_0.tenchuongtrinh,
        kh1_0.ngaybatdau,
        kh1_0.ngayketthuc,
        kh1_0.tenkhoahoc,
        kh1_0.trangthai,
        dkkh1_0.ngaydangky,
        dkkh1_0.trangthai 
    from
        dang_ky_khoa_hoc dkkh1_0 
    join
        hoc_vien hv1_0 
            on hv1_0.mahv=dkkh1_0.mahv 
    join
        khoa_hoc kh1_0 
            on kh1_0.makh=dkkh1_0.makh 
    left join
        chuong_trinh_hoc cth1_0 
            on cth1_0.macth=kh1_0.macth 
    where
        dkkh1_0.madk=?
2026-07-22 10:18:58 [http-nio-8081-exec-9] TRACE org.hibernate.orm.jdbc.bind - binding parameter (1:INTEGER) <- [3]
2026-07-22 10:18:58 [http-nio-8081-exec-9] DEBUG org.hibernate.SQL - 
    select
        tt1_0.matt,
        tt1_0.madk,
        tt1_0.mahv,
        tt1_0.ngaythanhtoan,
        tt1_0.phuongthuc,
        tt1_0.sotien,
        tt1_0.trangthai 
    from
        thanh_toan tt1_0
2026-07-22 10:18:58 [http-nio-8081-exec-9] DEBUG org.hibernate.SQL - 
    select
        dkkh1_0.madk,
        dkkh1_0.mahv,
        hv1_0.mahv,
        hv1_0.cccd,
        hv1_0.diachi,
        hv1_0.email,
        hv1_0.gioitinh,
        hv1_0.hoten,
        hv1_0.ngaydangky,
        hv1_0.ngaysinh,
        hv1_0.sodienthoai,
        dkkh1_0.makh,
        kh1_0.makh,
        cth1_0.macth,
        cth1_0.hangbang,
        cth1_0.hocphi,
        cth1_0.sobuoilythuyet,
        cth1_0.sobuoithuchanh,
        cth1_0.tenchuongtrinh,
        kh1_0.ngaybatdau,
        kh1_0.ngayketthuc,
        kh1_0.tenkhoahoc,
        kh1_0.trangthai,
        dkkh1_0.ngaydangky,
        dkkh1_0.trangthai 
    from
        dang_ky_khoa_hoc dkkh1_0 
    join
        hoc_vien hv1_0 
            on hv1_0.mahv=dkkh1_0.mahv 
    join
        khoa_hoc kh1_0 
            on kh1_0.makh=dkkh1_0.makh 
    left join
        chuong_trinh_hoc cth1_0 
            on cth1_0.macth=kh1_0.macth 
    where
        dkkh1_0.madk=?
2026-07-22 10:18:58 [http-nio-8081-exec-9] TRACE org.hibernate.orm.jdbc.bind - binding parameter (1:INTEGER) <- [1]
2026-07-22 10:18:58 [http-nio-8081-exec-9] DEBUG org.hibernate.SQL - 
    select
        dkkh1_0.madk,
        dkkh1_0.mahv,
        hv1_0.mahv,
        hv1_0.cccd,
        hv1_0.diachi,
        hv1_0.email,
        hv1_0.gioitinh,
        hv1_0.hoten,
        hv1_0.ngaydangky,
        hv1_0.ngaysinh,
        hv1_0.sodienthoai,
        dkkh1_0.makh,
        kh1_0.makh,
        cth1_0.macth,
        cth1_0.hangbang,
        cth1_0.hocphi,
        cth1_0.sobuoilythuyet,
        cth1_0.sobuoithuchanh,
        cth1_0.tenchuongtrinh,
        kh1_0.ngaybatdau,
        kh1_0.ngayketthuc,
        kh1_0.tenkhoahoc,
        kh1_0.trangthai,
        dkkh1_0.ngaydangky,
        dkkh1_0.trangthai 
    from
        dang_ky_khoa_hoc dkkh1_0 
    join
        hoc_vien hv1_0 
            on hv1_0.mahv=dkkh1_0.mahv 
    join
        khoa_hoc kh1_0 
            on kh1_0.makh=dkkh1_0.makh 
    left join
        chuong_trinh_hoc cth1_0 
            on cth1_0.macth=kh1_0.macth 
    where
        dkkh1_0.madk=?
2026-07-22 10:18:58 [http-nio-8081-exec-9] TRACE org.hibernate.orm.jdbc.bind - binding parameter (1:INTEGER) <- [2]
2026-07-22 10:18:58 [http-nio-8081-exec-9] DEBUG org.hibernate.SQL - 
    select
        dkkh1_0.madk,
        dkkh1_0.mahv,
        hv1_0.mahv,
        hv1_0.cccd,
        hv1_0.diachi,
        hv1_0.email,
        hv1_0.gioitinh,
        hv1_0.hoten,
        hv1_0.ngaydangky,
        hv1_0.ngaysinh,
        hv1_0.sodienthoai,
        dkkh1_0.makh,
        kh1_0.makh,
        cth1_0.macth,
        cth1_0.hangbang,
        cth1_0.hocphi,
        cth1_0.sobuoilythuyet,
        cth1_0.sobuoithuchanh,
        cth1_0.tenchuongtrinh,
        kh1_0.ngaybatdau,
        kh1_0.ngayketthuc,
        kh1_0.tenkhoahoc,
        kh1_0.trangthai,
        dkkh1_0.ngaydangky,
        dkkh1_0.trangthai 
    from
        dang_ky_khoa_hoc dkkh1_0 
    join
        hoc_vien hv1_0 
            on hv1_0.mahv=dkkh1_0.mahv 
    join
        khoa_hoc kh1_0 
            on kh1_0.makh=dkkh1_0.makh 
    left join
        chuong_trinh_hoc cth1_0 
            on cth1_0.macth=kh1_0.macth 
    where
        dkkh1_0.madk=?
2026-07-22 10:18:58 [http-nio-8081-exec-9] TRACE org.hibernate.orm.jdbc.bind - binding parameter (1:INTEGER) <- [3]
2026-07-22 10:18:58 [http-nio-8081-exec-9] DEBUG org.hibernate.SQL - 
    select
        tt1_0.matt,
        tt1_0.madk,
        tt1_0.mahv,
        tt1_0.ngaythanhtoan,
        tt1_0.phuongthuc,
        tt1_0.sotien,
        tt1_0.trangthai 
    from
        thanh_toan tt1_0
2026-07-22 10:18:58 [http-nio-8081-exec-9] DEBUG org.hibernate.SQL - 
    select
        dkkh1_0.madk,
        dkkh1_0.mahv,
        hv1_0.mahv,
        hv1_0.cccd,
        hv1_0.diachi,
        hv1_0.email,
        hv1_0.gioitinh,
        hv1_0.hoten,
        hv1_0.ngaydangky,
        hv1_0.ngaysinh,
        hv1_0.sodienthoai,
        dkkh1_0.makh,
        kh1_0.makh,
        cth1_0.macth,
        cth1_0.hangbang,
        cth1_0.hocphi,
        cth1_0.sobuoilythuyet,
        cth1_0.sobuoithuchanh,
        cth1_0.tenchuongtrinh,
        kh1_0.ngaybatdau,
        kh1_0.ngayketthuc,
        kh1_0.tenkhoahoc,
        kh1_0.trangthai,
        dkkh1_0.ngaydangky,
        dkkh1_0.trangthai 
    from
        dang_ky_khoa_hoc dkkh1_0 
    join
        hoc_vien hv1_0 
            on hv1_0.mahv=dkkh1_0.mahv 
    join
        khoa_hoc kh1_0 
            on kh1_0.makh=dkkh1_0.makh 
    left join
        chuong_trinh_hoc cth1_0 
            on cth1_0.macth=kh1_0.macth 
    where
        dkkh1_0.madk=?
2026-07-22 10:18:58 [http-nio-8081-exec-9] TRACE org.hibernate.orm.jdbc.bind - binding parameter (1:INTEGER) <- [1]
2026-07-22 10:18:58 [http-nio-8081-exec-9] DEBUG org.hibernate.SQL - 
    select
        dkkh1_0.madk,
        dkkh1_0.mahv,
        hv1_0.mahv,
        hv1_0.cccd,
        hv1_0.diachi,
        hv1_0.email,
        hv1_0.gioitinh,
        hv1_0.hoten,
        hv1_0.ngaydangky,
        hv1_0.ngaysinh,
        hv1_0.sodienthoai,
        dkkh1_0.makh,
        kh1_0.makh,
        cth1_0.macth,
        cth1_0.hangbang,
        cth1_0.hocphi,
        cth1_0.sobuoilythuyet,
        cth1_0.sobuoithuchanh,
        cth1_0.tenchuongtrinh,
        kh1_0.ngaybatdau,
        kh1_0.ngayketthuc,
        kh1_0.tenkhoahoc,
        kh1_0.trangthai,
        dkkh1_0.ngaydangky,
        dkkh1_0.trangthai 
    from
        dang_ky_khoa_hoc dkkh1_0 
    join
        hoc_vien hv1_0 
            on hv1_0.mahv=dkkh1_0.mahv 
    join
        khoa_hoc kh1_0 
            on kh1_0.makh=dkkh1_0.makh 
    left join
        chuong_trinh_hoc cth1_0 
            on cth1_0.macth=kh1_0.macth 
    where
        dkkh1_0.madk=?
2026-07-22 10:18:58 [http-nio-8081-exec-9] TRACE org.hibernate.orm.jdbc.bind - binding parameter (1:INTEGER) <- [2]
2026-07-22 10:18:58 [http-nio-8081-exec-9] DEBUG org.hibernate.SQL - 
    select
        dkkh1_0.madk,
        dkkh1_0.mahv,
        hv1_0.mahv,
        hv1_0.cccd,
        hv1_0.diachi,
        hv1_0.email,
        hv1_0.gioitinh,
        hv1_0.hoten,
        hv1_0.ngaydangky,
        hv1_0.ngaysinh,
        hv1_0.sodienthoai,
        dkkh1_0.makh,
        kh1_0.makh,
        cth1_0.macth,
        cth1_0.hangbang,
        cth1_0.hocphi,
        cth1_0.sobuoilythuyet,
        cth1_0.sobuoithuchanh,
        cth1_0.tenchuongtrinh,
        kh1_0.ngaybatdau,
        kh1_0.ngayketthuc,
        kh1_0.tenkhoahoc,
        kh1_0.trangthai,
        dkkh1_0.ngaydangky,
        dkkh1_0.trangthai 
    from
        dang_ky_khoa_hoc dkkh1_0 
    join
        hoc_vien hv1_0 
            on hv1_0.mahv=dkkh1_0.mahv 
    join
        khoa_hoc kh1_0 
            on kh1_0.makh=dkkh1_0.makh 
    left join
        chuong_trinh_hoc cth1_0 
            on cth1_0.macth=kh1_0.macth 
    where
        dkkh1_0.madk=?
2026-07-22 10:18:58 [http-nio-8081-exec-9] TRACE org.hibernate.orm.jdbc.bind - binding parameter (1:INTEGER) <- [3]
2026-07-22 10:18:58 [http-nio-8081-exec-9] DEBUG org.hibernate.SQL - 
    select
        tt1_0.matt,
        tt1_0.madk,
        tt1_0.mahv,
        tt1_0.ngaythanhtoan,
        tt1_0.phuongthuc,
        tt1_0.sotien,
        tt1_0.trangthai 
    from
        thanh_toan tt1_0
2026-07-22 10:18:58 [http-nio-8081-exec-9] DEBUG org.hibernate.SQL - 
    select
        dkkh1_0.madk,
        dkkh1_0.mahv,
        hv1_0.mahv,
        hv1_0.cccd,
        hv1_0.diachi,
        hv1_0.email,
        hv1_0.gioitinh,
        hv1_0.hoten,
        hv1_0.ngaydangky,
        hv1_0.ngaysinh,
        hv1_0.sodienthoai,
        dkkh1_0.makh,
        kh1_0.makh,
        cth1_0.macth,
        cth1_0.hangbang,
        cth1_0.hocphi,
        cth1_0.sobuoilythuyet,
        cth1_0.sobuoithuchanh,
        cth1_0.tenchuongtrinh,
        kh1_0.ngaybatdau,
        kh1_0.ngayketthuc,
        kh1_0.tenkhoahoc,
        kh1_0.trangthai,
        dkkh1_0.ngaydangky,
        dkkh1_0.trangthai 
    from
        dang_ky_khoa_hoc dkkh1_0 
    join
        hoc_vien hv1_0 
            on hv1_0.mahv=dkkh1_0.mahv 
    join
        khoa_hoc kh1_0 
            on kh1_0.makh=dkkh1_0.makh 
    left join
        chuong_trinh_hoc cth1_0 
            on cth1_0.macth=kh1_0.macth 
    where
        dkkh1_0.madk=?
2026-07-22 10:18:58 [http-nio-8081-exec-9] TRACE org.hibernate.orm.jdbc.bind - binding parameter (1:INTEGER) <- [1]
2026-07-22 10:18:58 [http-nio-8081-exec-9] DEBUG org.hibernate.SQL - 
    select
        dkkh1_0.madk,
        dkkh1_0.mahv,
        hv1_0.mahv,
        hv1_0.cccd,
        hv1_0.diachi,
        hv1_0.email,
        hv1_0.gioitinh,
        hv1_0.hoten,
        hv1_0.ngaydangky,
        hv1_0.ngaysinh,
        hv1_0.sodienthoai,
        dkkh1_0.makh,
        kh1_0.makh,
        cth1_0.macth,
        cth1_0.hangbang,
        cth1_0.hocphi,
        cth1_0.sobuoilythuyet,
        cth1_0.sobuoithuchanh,
        cth1_0.tenchuongtrinh,
        kh1_0.ngaybatdau,
        kh1_0.ngayketthuc,
        kh1_0.tenkhoahoc,
        kh1_0.trangthai,
        dkkh1_0.ngaydangky,
        dkkh1_0.trangthai 
    from
        dang_ky_khoa_hoc dkkh1_0 
    join
        hoc_vien hv1_0 
            on hv1_0.mahv=dkkh1_0.mahv 
    join
        khoa_hoc kh1_0 
            on kh1_0.makh=dkkh1_0.makh 
    left join
        chuong_trinh_hoc cth1_0 
            on cth1_0.macth=kh1_0.macth 
    where
        dkkh1_0.madk=?
2026-07-22 10:18:58 [http-nio-8081-exec-9] TRACE org.hibernate.orm.jdbc.bind - binding parameter (1:INTEGER) <- [2]
2026-07-22 10:18:58 [http-nio-8081-exec-9] DEBUG org.hibernate.SQL - 
    select
        dkkh1_0.madk,
        dkkh1_0.mahv,
        hv1_0.mahv,
        hv1_0.cccd,
        hv1_0.diachi,
        hv1_0.email,
        hv1_0.gioitinh,
        hv1_0.hoten,
        hv1_0.ngaydangky,
        hv1_0.ngaysinh,
        hv1_0.sodienthoai,
        dkkh1_0.makh,
        kh1_0.makh,
        cth1_0.macth,
        cth1_0.hangbang,
        cth1_0.hocphi,
        cth1_0.sobuoilythuyet,
        cth1_0.sobuoithuchanh,
        cth1_0.tenchuongtrinh,
        kh1_0.ngaybatdau,
        kh1_0.ngayketthuc,
        kh1_0.tenkhoahoc,
        kh1_0.trangthai,
        dkkh1_0.ngaydangky,
        dkkh1_0.trangthai 
    from
        dang_ky_khoa_hoc dkkh1_0 
    join
        hoc_vien hv1_0 
            on hv1_0.mahv=dkkh1_0.mahv 
    join
        khoa_hoc kh1_0 
            on kh1_0.makh=dkkh1_0.makh 
    left join
        chuong_trinh_hoc cth1_0 
            on cth1_0.macth=kh1_0.macth 
    where
        dkkh1_0.madk=?
2026-07-22 10:18:58 [http-nio-8081-exec-9] TRACE org.hibernate.orm.jdbc.bind - binding parameter (1:INTEGER) <- [3]
2026-07-22 10:18:58 [http-nio-8081-exec-9] DEBUG org.hibernate.SQL - 
    select
        tt1_0.matt,
        tt1_0.madk,
        tt1_0.mahv,
        tt1_0.ngaythanhtoan,
        tt1_0.phuongthuc,
        tt1_0.sotien,
        tt1_0.trangthai 
    from
        thanh_toan tt1_0
2026-07-22 10:18:58 [http-nio-8081-exec-9] DEBUG org.hibernate.SQL - 
    select
        dkkh1_0.madk,
        dkkh1_0.mahv,
        hv1_0.mahv,
        hv1_0.cccd,
        hv1_0.diachi,
        hv1_0.email,
        hv1_0.gioitinh,
        hv1_0.hoten,
        hv1_0.ngaydangky,
        hv1_0.ngaysinh,
        hv1_0.sodienthoai,
        dkkh1_0.makh,
        kh1_0.makh,
        cth1_0.macth,
        cth1_0.hangbang,
        cth1_0.hocphi,
        cth1_0.sobuoilythuyet,
        cth1_0.sobuoithuchanh,
        cth1_0.tenchuongtrinh,
        kh1_0.ngaybatdau,
        kh1_0.ngayketthuc,
        kh1_0.tenkhoahoc,
        kh1_0.trangthai,
        dkkh1_0.ngaydangky,
        dkkh1_0.trangthai 
    from
        dang_ky_khoa_hoc dkkh1_0 
    join
        hoc_vien hv1_0 
            on hv1_0.mahv=dkkh1_0.mahv 
    join
        khoa_hoc kh1_0 
            on kh1_0.makh=dkkh1_0.makh 
    left join
        chuong_trinh_hoc cth1_0 
            on cth1_0.macth=kh1_0.macth 
    where
        dkkh1_0.madk=?
2026-07-22 10:18:58 [http-nio-8081-exec-9] TRACE org.hibernate.orm.jdbc.bind - binding parameter (1:INTEGER) <- [1]
2026-07-22 10:18:58 [http-nio-8081-exec-9] DEBUG org.hibernate.SQL - 
    select
        dkkh1_0.madk,
        dkkh1_0.mahv,
        hv1_0.mahv,
        hv1_0.cccd,
        hv1_0.diachi,
        hv1_0.email,
        hv1_0.gioitinh,
        hv1_0.hoten,
        hv1_0.ngaydangky,
        hv1_0.ngaysinh,
        hv1_0.sodienthoai,
        dkkh1_0.makh,
        kh1_0.makh,
        cth1_0.macth,
        cth1_0.hangbang,
        cth1_0.hocphi,
        cth1_0.sobuoilythuyet,
        cth1_0.sobuoithuchanh,
        cth1_0.tenchuongtrinh,
        kh1_0.ngaybatdau,
        kh1_0.ngayketthuc,
        kh1_0.tenkhoahoc,
        kh1_0.trangthai,
        dkkh1_0.ngaydangky,
        dkkh1_0.trangthai 
    from
        dang_ky_khoa_hoc dkkh1_0 
    join
        hoc_vien hv1_0 
            on hv1_0.mahv=dkkh1_0.mahv 
    join
        khoa_hoc kh1_0 
            on kh1_0.makh=dkkh1_0.makh 
    left join
        chuong_trinh_hoc cth1_0 
            on cth1_0.macth=kh1_0.macth 
    where
        dkkh1_0.madk=?
2026-07-22 10:18:58 [http-nio-8081-exec-9] TRACE org.hibernate.orm.jdbc.bind - binding parameter (1:INTEGER) <- [2]
2026-07-22 10:18:58 [http-nio-8081-exec-9] DEBUG org.hibernate.SQL - 
    select
        dkkh1_0.madk,
        dkkh1_0.mahv,
        hv1_0.mahv,
        hv1_0.cccd,
        hv1_0.diachi,
        hv1_0.email,
        hv1_0.gioitinh,
        hv1_0.hoten,
        hv1_0.ngaydangky,
        hv1_0.ngaysinh,
        hv1_0.sodienthoai,
        dkkh1_0.makh,
        kh1_0.makh,
        cth1_0.macth,
        cth1_0.hangbang,
        cth1_0.hocphi,
        cth1_0.sobuoilythuyet,
        cth1_0.sobuoithuchanh,
        cth1_0.tenchuongtrinh,
        kh1_0.ngaybatdau,
        kh1_0.ngayketthuc,
        kh1_0.tenkhoahoc,
        kh1_0.trangthai,
        dkkh1_0.ngaydangky,
        dkkh1_0.trangthai 
    from
        dang_ky_khoa_hoc dkkh1_0 
    join
        hoc_vien hv1_0 
            on hv1_0.mahv=dkkh1_0.mahv 
    join
        khoa_hoc kh1_0 
            on kh1_0.makh=dkkh1_0.makh 
    left join
        chuong_trinh_hoc cth1_0 
            on cth1_0.macth=kh1_0.macth 
    where
        dkkh1_0.madk=?
2026-07-22 10:18:58 [http-nio-8081-exec-9] TRACE org.hibernate.orm.jdbc.bind - binding parameter (1:INTEGER) <- [3]
2026-07-22 10:18:58 [http-nio-8081-exec-9] DEBUG org.hibernate.SQL - 
    select
        gv1_0.magv,
        gv1_0.cccd,
        gv1_0.diachi,
        gv1_0.email,
        gv1_0.gioitinh,
        gv1_0.hangday,
        gv1_0.hoten,
        gv1_0.ngaysinh,
        gv1_0.sodienthoai 
    from
        giao_vien gv1_0
2026-07-22 10:18:58 [http-nio-8081-exec-9] DEBUG org.hibernate.SQL - 
    select
        count_big(lh1_0.malop) 
    from
        lop_hoc lh1_0 
    where
        lh1_0.magv=?
2026-07-22 10:18:58 [http-nio-8081-exec-9] TRACE org.hibernate.orm.jdbc.bind - binding parameter (1:INTEGER) <- [1]
2026-07-22 10:18:58 [http-nio-8081-exec-9] DEBUG org.hibernate.SQL - 
    select
        count_big(lh1_0.malop) 
    from
        lop_hoc lh1_0 
    where
        lh1_0.magv=?
2026-07-22 10:18:58 [http-nio-8081-exec-9] TRACE org.hibernate.orm.jdbc.bind - binding parameter (1:INTEGER) <- [2]
2026-07-22 10:18:58 [http-nio-8081-exec-9] DEBUG org.hibernate.SQL - 
    select
        kh1_0.makh,
        kh1_0.macth,
        kh1_0.ngaybatdau,
        kh1_0.ngayketthuc,
        kh1_0.tenkhoahoc,
        kh1_0.trangthai 
    from
        khoa_hoc kh1_0
2026-07-22 10:18:58 [http-nio-8081-exec-9] DEBUG org.hibernate.SQL - 
    select
        cth1_0.macth,
        cth1_0.hangbang,
        cth1_0.hocphi,
        cth1_0.sobuoilythuyet,
        cth1_0.sobuoithuchanh,
        cth1_0.tenchuongtrinh 
    from
        chuong_trinh_hoc cth1_0 
    where
        cth1_0.macth=?
2026-07-22 10:18:58 [http-nio-8081-exec-9] TRACE org.hibernate.orm.jdbc.bind - binding parameter (1:INTEGER) <- [1]
2026-07-22 10:18:58 [http-nio-8081-exec-9] DEBUG org.hibernate.SQL - 
    select
        cth1_0.macth,
        cth1_0.hangbang,
        cth1_0.hocphi,
        cth1_0.sobuoilythuyet,
        cth1_0.sobuoithuchanh,
        cth1_0.tenchuongtrinh 
    from
        chuong_trinh_hoc cth1_0 
    where
        cth1_0.macth=?
2026-07-22 10:18:58 [http-nio-8081-exec-9] TRACE org.hibernate.orm.jdbc.bind - binding parameter (1:INTEGER) <- [2]
2026-07-22 10:18:58 [http-nio-8081-exec-6] DEBUG org.hibernate.SQL - 
    select
        xtl1_0.maxetl,
        xtl1_0.ghichu,
        xtl1_0.handangkiem,
        xtl1_0.hangbang,
        xtl1_0.ngay_cap_nhat,
        xtl1_0.ngaydangkiem,
        xtl1_0.ngay_tao,
        xtl1_0.maxe 
    from
        xe_tap_lai xtl1_0
2026-07-22 10:18:58 [http-nio-8081-exec-6] DEBUG org.hibernate.SQL - 
    select
        x1_0.maxe,
        x1_0.bienso,
        x1_0.hangxe,
        x1_0.loaixe,
        x1_0.namsanxuat,
        x1_0.trangthai 
    from
        xe x1_0 
    where
        x1_0.maxe=?
2026-07-22 10:18:58 [http-nio-8081-exec-6] TRACE org.hibernate.orm.jdbc.bind - binding parameter (1:INTEGER) <- [1]
2026-07-22 10:19:05 [http-nio-8081-exec-10] DEBUG org.hibernate.SQL - 
    select
        tk1_0.id,
        tk1_0.anh,
        tk1_0.cccd,
        tk1_0.email,
        tk1_0.ho_ten,
        tk1_0.khoa_den,
        tk1_0.lan_dang_nhap_cuoi,
        tk1_0.mat_khau,
        tk1_0.ngay_cap_nhat,
        tk1_0.ngay_tao,
        tk1_0.nguoi_tao_id,
        tk1_0.so_dien_thoai,
        tk1_0.so_lan_dang_nhap_sai,
        tk1_0.ten_dang_nhap,
        tk1_0.trang_thai,
        tk1_0.vai_tro_id 
    from
        tai_khoan tk1_0
2026-07-22 10:19:05 [http-nio-8081-exec-10] DEBUG org.hibernate.SQL - 
    select
        vt1_0.id,
        vt1_0.ma_vai_tro,
        vt1_0.mo_ta,
        vt1_0.ngay_cap_nhat,
        vt1_0.ngay_tao,
        vt1_0.ten_vai_tro,
        vt1_0.trang_thai 
    from
        vai_tro vt1_0 
    where
        vt1_0.id=?
2026-07-22 10:19:05 [http-nio-8081-exec-10] TRACE org.hibernate.orm.jdbc.bind - binding parameter (1:INTEGER) <- [4]
2026-07-22 10:19:05 [http-nio-8081-exec-10] DEBUG org.hibernate.SQL - 
    select
        vt1_0.id,
        vt1_0.ma_vai_tro,
        vt1_0.mo_ta,
        vt1_0.ngay_cap_nhat,
        vt1_0.ngay_tao,
        vt1_0.ten_vai_tro,
        vt1_0.trang_thai 
    from
        vai_tro vt1_0 
    where
        vt1_0.id=?
2026-07-22 10:19:05 [http-nio-8081-exec-10] TRACE org.hibernate.orm.jdbc.bind - binding parameter (1:INTEGER) <- [3]
2026-07-22 10:19:05 [http-nio-8081-exec-10] DEBUG org.hibernate.SQL - 
    select
        vt1_0.id,
        vt1_0.ma_vai_tro,
        vt1_0.mo_ta,
        vt1_0.ngay_cap_nhat,
        vt1_0.ngay_tao,
        vt1_0.ten_vai_tro,
        vt1_0.trang_thai 
    from
        vai_tro vt1_0 
    where
        vt1_0.id=?
2026-07-22 10:19:05 [http-nio-8081-exec-10] TRACE org.hibernate.orm.jdbc.bind - binding parameter (1:INTEGER) <- [2]
2026-07-22 10:19:05 [http-nio-8081-exec-10] DEBUG org.hibernate.SQL - 
    select
        vt1_0.id,
        vt1_0.ma_vai_tro,
        vt1_0.mo_ta,
        vt1_0.ngay_cap_nhat,
        vt1_0.ngay_tao,
        vt1_0.ten_vai_tro,
        vt1_0.trang_thai 
    from
        vai_tro vt1_0 
    where
        vt1_0.id=?
2026-07-22 10:19:05 [http-nio-8081-exec-10] TRACE org.hibernate.orm.jdbc.bind - binding parameter (1:INTEGER) <- [1]
2026-07-22 10:19:06 [http-nio-8081-exec-5] DEBUG org.hibernate.SQL - 
    select
        hv1_0.mahv,
        hv1_0.cccd,
        hv1_0.diachi,
        hv1_0.email,
        hv1_0.gioitinh,
        hv1_0.hoten,
        hv1_0.ngaydangky,
        hv1_0.ngaysinh,
        hv1_0.sodienthoai 
    from
        hoc_vien hv1_0
2026-07-22 10:19:06 [http-nio-8081-exec-8] DEBUG org.hibernate.SQL - 
    select
        tk1_0.id,
        tk1_0.anh,
        tk1_0.cccd,
        tk1_0.email,
        tk1_0.ho_ten,
        tk1_0.khoa_den,
        tk1_0.lan_dang_nhap_cuoi,
        tk1_0.mat_khau,
        tk1_0.ngay_cap_nhat,
        tk1_0.ngay_tao,
        tk1_0.nguoi_tao_id,
        tk1_0.so_dien_thoai,
        tk1_0.so_lan_dang_nhap_sai,
        tk1_0.ten_dang_nhap,
        tk1_0.trang_thai,
        tk1_0.vai_tro_id 
    from
        tai_khoan tk1_0
2026-07-22 10:19:06 [http-nio-8081-exec-8] DEBUG org.hibernate.SQL - 
    select
        vt1_0.id,
        vt1_0.ma_vai_tro,
        vt1_0.mo_ta,
        vt1_0.ngay_cap_nhat,
        vt1_0.ngay_tao,
        vt1_0.ten_vai_tro,
        vt1_0.trang_thai 
    from
        vai_tro vt1_0 
    where
        vt1_0.id=?
2026-07-22 10:19:06 [http-nio-8081-exec-8] TRACE org.hibernate.orm.jdbc.bind - binding parameter (1:INTEGER) <- [4]
2026-07-22 10:19:06 [http-nio-8081-exec-8] DEBUG org.hibernate.SQL - 
    select
        vt1_0.id,
        vt1_0.ma_vai_tro,
        vt1_0.mo_ta,
        vt1_0.ngay_cap_nhat,
        vt1_0.ngay_tao,
        vt1_0.ten_vai_tro,
        vt1_0.trang_thai 
    from
        vai_tro vt1_0 
    where
        vt1_0.id=?
2026-07-22 10:19:06 [http-nio-8081-exec-8] TRACE org.hibernate.orm.jdbc.bind - binding parameter (1:INTEGER) <- [3]
2026-07-22 10:19:06 [http-nio-8081-exec-8] DEBUG org.hibernate.SQL - 
    select
        vt1_0.id,
        vt1_0.ma_vai_tro,
        vt1_0.mo_ta,
        vt1_0.ngay_cap_nhat,
        vt1_0.ngay_tao,
        vt1_0.ten_vai_tro,
        vt1_0.trang_thai 
    from
        vai_tro vt1_0 
    where
        vt1_0.id=?
2026-07-22 10:19:06 [http-nio-8081-exec-8] TRACE org.hibernate.orm.jdbc.bind - binding parameter (1:INTEGER) <- [2]
2026-07-22 10:19:06 [http-nio-8081-exec-8] DEBUG org.hibernate.SQL - 
    select
        vt1_0.id,
        vt1_0.ma_vai_tro,
        vt1_0.mo_ta,
        vt1_0.ngay_cap_nhat,
        vt1_0.ngay_tao,
        vt1_0.ten_vai_tro,
        vt1_0.trang_thai 
    from
        vai_tro vt1_0 
    where
        vt1_0.id=?
2026-07-22 10:19:06 [http-nio-8081-exec-8] TRACE org.hibernate.orm.jdbc.bind - binding parameter (1:INTEGER) <- [1]
2026-07-22 10:19:07 [http-nio-8081-exec-2] DEBUG org.hibernate.SQL - 
    select
        hv1_0.mahv,
        hv1_0.cccd,
        hv1_0.diachi,
        hv1_0.email,
        hv1_0.gioitinh,
        hv1_0.hoten,
        hv1_0.ngaydangky,
        hv1_0.ngaysinh,
        hv1_0.sodienthoai 
    from
        hoc_vien hv1_0
2026-07-22 10:19:08 [http-nio-8081-exec-7] DEBUG org.hibernate.SQL - 
    select
        tk1_0.id,
        tk1_0.anh,
        tk1_0.cccd,
        tk1_0.email,
        tk1_0.ho_ten,
        tk1_0.khoa_den,
        tk1_0.lan_dang_nhap_cuoi,
        tk1_0.mat_khau,
        tk1_0.ngay_cap_nhat,
        tk1_0.ngay_tao,
        tk1_0.nguoi_tao_id,
        tk1_0.so_dien_thoai,
        tk1_0.so_lan_dang_nhap_sai,
        tk1_0.ten_dang_nhap,
        tk1_0.trang_thai,
        tk1_0.vai_tro_id 
    from
        tai_khoan tk1_0
2026-07-22 10:19:08 [http-nio-8081-exec-7] DEBUG org.hibernate.SQL - 
    select
        vt1_0.id,
        vt1_0.ma_vai_tro,
        vt1_0.mo_ta,
        vt1_0.ngay_cap_nhat,
        vt1_0.ngay_tao,
        vt1_0.ten_vai_tro,
        vt1_0.trang_thai 
    from
        vai_tro vt1_0 
    where
        vt1_0.id=?
2026-07-22 10:19:08 [http-nio-8081-exec-7] TRACE org.hibernate.orm.jdbc.bind - binding parameter (1:INTEGER) <- [4]
2026-07-22 10:19:08 [http-nio-8081-exec-7] DEBUG org.hibernate.SQL - 
    select
        vt1_0.id,
        vt1_0.ma_vai_tro,
        vt1_0.mo_ta,
        vt1_0.ngay_cap_nhat,
        vt1_0.ngay_tao,
        vt1_0.ten_vai_tro,
        vt1_0.trang_thai 
    from
        vai_tro vt1_0 
    where
        vt1_0.id=?
2026-07-22 10:19:08 [http-nio-8081-exec-7] TRACE org.hibernate.orm.jdbc.bind - binding parameter (1:INTEGER) <- [3]
2026-07-22 10:19:08 [http-nio-8081-exec-7] DEBUG org.hibernate.SQL - 
    select
        vt1_0.id,
        vt1_0.ma_vai_tro,
        vt1_0.mo_ta,
        vt1_0.ngay_cap_nhat,
        vt1_0.ngay_tao,
        vt1_0.ten_vai_tro,
        vt1_0.trang_thai 
    from
        vai_tro vt1_0 
    where
        vt1_0.id=?
2026-07-22 10:19:08 [http-nio-8081-exec-7] TRACE org.hibernate.orm.jdbc.bind - binding parameter (1:INTEGER) <- [2]
2026-07-22 10:19:08 [http-nio-8081-exec-7] DEBUG org.hibernate.SQL - 
    select
        vt1_0.id,
        vt1_0.ma_vai_tro,
        vt1_0.mo_ta,
        vt1_0.ngay_cap_nhat,
        vt1_0.ngay_tao,
        vt1_0.ten_vai_tro,
        vt1_0.trang_thai 
    from
        vai_tro vt1_0 
    where
        vt1_0.id=?
2026-07-22 10:19:08 [http-nio-8081-exec-7] TRACE org.hibernate.orm.jdbc.bind - binding parameter (1:INTEGER) <- [1]
2026-07-22 10:19:31 [http-nio-8081-exec-3] DEBUG org.hibernate.SQL - 
    select
        hv1_0.mahv,
        hv1_0.cccd,
        hv1_0.diachi,
        hv1_0.email,
        hv1_0.gioitinh,
        hv1_0.hoten,
        hv1_0.ngaydangky,
        hv1_0.ngaysinh,
        hv1_0.sodienthoai 
    from
        hoc_vien hv1_0
2026-07-22 10:19:42 [http-nio-8081-exec-9] DEBUG org.hibernate.SQL - 
    select
        hv1_0.mahv,
        hv1_0.cccd,
        hv1_0.diachi,
        hv1_0.email,
        hv1_0.gioitinh,
        hv1_0.hoten,
        hv1_0.ngaydangky,
        hv1_0.ngaysinh,
        hv1_0.sodienthoai 
    from
        hoc_vien hv1_0
2026-07-22 10:19:42 [http-nio-8081-exec-1] DEBUG org.hibernate.SQL - 
    select
        hshv1_0.id,
        hshv1_0.anh_canh_caan,
        hshv1_0.file_ho_so,
        hshv1_0.ghichu,
        hshv1_0.mahv,
        hshv1_0.ngaydangky,
        hshv1_0.trang_thai_duyet 
    from
        ho_so_hoc_vien hshv1_0
2026-07-22 10:19:42 [http-nio-8081-exec-1] DEBUG org.hibernate.SQL - 
    select
        hv1_0.mahv,
        hv1_0.cccd,
        hv1_0.diachi,
        hv1_0.email,
        hv1_0.gioitinh,
        hv1_0.hoten,
        hv1_0.ngaydangky,
        hv1_0.ngaysinh,
        hv1_0.sodienthoai 
    from
        hoc_vien hv1_0 
    where
        hv1_0.mahv=?
2026-07-22 10:19:42 [http-nio-8081-exec-1] TRACE org.hibernate.orm.jdbc.bind - binding parameter (1:INTEGER) <- [1]
2026-07-22 10:19:42 [http-nio-8081-exec-1] DEBUG org.hibernate.SQL - 
    select
        hv1_0.mahv,
        hv1_0.cccd,
        hv1_0.diachi,
        hv1_0.email,
        hv1_0.gioitinh,
        hv1_0.hoten,
        hv1_0.ngaydangky,
        hv1_0.ngaysinh,
        hv1_0.sodienthoai 
    from
        hoc_vien hv1_0 
    where
        hv1_0.mahv=?
2026-07-22 10:19:42 [http-nio-8081-exec-1] TRACE org.hibernate.orm.jdbc.bind - binding parameter (1:INTEGER) <- [2]
2026-07-22 10:19:42 [http-nio-8081-exec-1] DEBUG org.hibernate.SQL - 
    select
        hv1_0.mahv,
        hv1_0.cccd,
        hv1_0.diachi,
        hv1_0.email,
        hv1_0.gioitinh,
        hv1_0.hoten,
        hv1_0.ngaydangky,
        hv1_0.ngaysinh,
        hv1_0.sodienthoai 
    from
        hoc_vien hv1_0 
    where
        hv1_0.mahv=?
2026-07-22 10:19:42 [http-nio-8081-exec-1] TRACE org.hibernate.orm.jdbc.bind - binding parameter (1:INTEGER) <- [3]
2026-07-22 10:19:43 [http-nio-8081-exec-10] DEBUG org.hibernate.SQL - 
    select
        hv1_0.mahv,
        hv1_0.cccd,
        hv1_0.diachi,
        hv1_0.email,
        hv1_0.gioitinh,
        hv1_0.hoten,
        hv1_0.ngaydangky,
        hv1_0.ngaysinh,
        hv1_0.sodienthoai 
    from
        hoc_vien hv1_0
2026-07-22 10:20:01 [http-nio-8081-exec-2] DEBUG org.hibernate.SQL - 
    select
        hv1_0.mahv,
        hv1_0.cccd,
        hv1_0.diachi,
        hv1_0.email,
        hv1_0.gioitinh,
        hv1_0.hoten,
        hv1_0.ngaydangky,
        hv1_0.ngaysinh,
        hv1_0.sodienthoai 
    from
        hoc_vien hv1_0
2026-07-22 10:20:01 [http-nio-8081-exec-7] DEBUG org.hibernate.SQL - 
    select
        hshv1_0.id,
        hshv1_0.anh_canh_caan,
        hshv1_0.file_ho_so,
        hshv1_0.ghichu,
        hshv1_0.mahv,
        hshv1_0.ngaydangky,
        hshv1_0.trang_thai_duyet 
    from
        ho_so_hoc_vien hshv1_0
2026-07-22 10:20:01 [http-nio-8081-exec-7] DEBUG org.hibernate.SQL - 
    select
        hv1_0.mahv,
        hv1_0.cccd,
        hv1_0.diachi,
        hv1_0.email,
        hv1_0.gioitinh,
        hv1_0.hoten,
        hv1_0.ngaydangky,
        hv1_0.ngaysinh,
        hv1_0.sodienthoai 
    from
        hoc_vien hv1_0 
    where
        hv1_0.mahv=?
2026-07-22 10:20:01 [http-nio-8081-exec-7] TRACE org.hibernate.orm.jdbc.bind - binding parameter (1:INTEGER) <- [1]
2026-07-22 10:20:01 [http-nio-8081-exec-7] DEBUG org.hibernate.SQL - 
    select
        hv1_0.mahv,
        hv1_0.cccd,
        hv1_0.diachi,
        hv1_0.email,
        hv1_0.gioitinh,
        hv1_0.hoten,
        hv1_0.ngaydangky,
        hv1_0.ngaysinh,
        hv1_0.sodienthoai 
    from
        hoc_vien hv1_0 
    where
        hv1_0.mahv=?
2026-07-22 10:20:01 [http-nio-8081-exec-7] TRACE org.hibernate.orm.jdbc.bind - binding parameter (1:INTEGER) <- [2]
2026-07-22 10:20:01 [http-nio-8081-exec-7] DEBUG org.hibernate.SQL - 
    select
        hv1_0.mahv,
        hv1_0.cccd,
        hv1_0.diachi,
        hv1_0.email,
        hv1_0.gioitinh,
        hv1_0.hoten,
        hv1_0.ngaydangky,
        hv1_0.ngaysinh,
        hv1_0.sodienthoai 
    from
        hoc_vien hv1_0 
    where
        hv1_0.mahv=?
2026-07-22 10:20:01 [http-nio-8081-exec-7] TRACE org.hibernate.orm.jdbc.bind - binding parameter (1:INTEGER) <- [3]
2026-07-22 10:20:03 [http-nio-8081-exec-9] DEBUG org.hibernate.SQL - 
    select
        gv1_0.magv,
        gv1_0.cccd,
        gv1_0.diachi,
        gv1_0.email,
        gv1_0.gioitinh,
        gv1_0.hangday,
        gv1_0.hoten,
        gv1_0.ngaysinh,
        gv1_0.sodienthoai 
    from
        giao_vien gv1_0
2026-07-22 10:20:05 [http-nio-8081-exec-1] DEBUG org.hibernate.SQL - 
    select
        cth1_0.macth,
        cth1_0.hangbang,
        cth1_0.hocphi,
        cth1_0.sobuoilythuyet,
        cth1_0.sobuoithuchanh,
        cth1_0.tenchuongtrinh 
    from
        chuong_trinh_hoc cth1_0
2026-07-22 10:24:23 [http-nio-8081-exec-5] DEBUG org.hibernate.SQL - 
    select
        gv1_0.magv,
        gv1_0.cccd,
        gv1_0.diachi,
        gv1_0.email,
        gv1_0.gioitinh,
        gv1_0.hangday,
        gv1_0.hoten,
        gv1_0.ngaysinh,
        gv1_0.sodienthoai 
    from
        giao_vien gv1_0
2026-07-22 10:24:33 [http-nio-8081-exec-8] DEBUG org.hibernate.SQL - 
    select
        cth1_0.macth,
        cth1_0.hangbang,
        cth1_0.hocphi,
        cth1_0.sobuoilythuyet,
        cth1_0.sobuoithuchanh,
        cth1_0.tenchuongtrinh 
    from
        chuong_trinh_hoc cth1_0
2026-07-22 10:24:34 [http-nio-8081-exec-2] DEBUG org.hibernate.SQL - 
    select
        cth1_0.macth,
        cth1_0.hangbang,
        cth1_0.hocphi,
        cth1_0.sobuoilythuyet,
        cth1_0.sobuoithuchanh,
        cth1_0.tenchuongtrinh 
    from
        chuong_trinh_hoc cth1_0
2026-07-22 10:24:35 [http-nio-8081-exec-4] DEBUG org.hibernate.SQL - 
    select
        kh1_0.makh,
        kh1_0.macth,
        kh1_0.ngaybatdau,
        kh1_0.ngayketthuc,
        kh1_0.tenkhoahoc,
        kh1_0.trangthai 
    from
        khoa_hoc kh1_0
2026-07-22 10:24:35 [http-nio-8081-exec-4] DEBUG org.hibernate.SQL - 
    select
        cth1_0.macth,
        cth1_0.hangbang,
        cth1_0.hocphi,
        cth1_0.sobuoilythuyet,
        cth1_0.sobuoithuchanh,
        cth1_0.tenchuongtrinh 
    from
        chuong_trinh_hoc cth1_0 
    where
        cth1_0.macth=?
2026-07-22 10:24:35 [http-nio-8081-exec-4] TRACE org.hibernate.orm.jdbc.bind - binding parameter (1:INTEGER) <- [1]
2026-07-22 10:24:35 [http-nio-8081-exec-4] DEBUG org.hibernate.SQL - 
    select
        cth1_0.macth,
        cth1_0.hangbang,
        cth1_0.hocphi,
        cth1_0.sobuoilythuyet,
        cth1_0.sobuoithuchanh,
        cth1_0.tenchuongtrinh 
    from
        chuong_trinh_hoc cth1_0 
    where
        cth1_0.macth=?
2026-07-22 10:24:35 [http-nio-8081-exec-4] TRACE org.hibernate.orm.jdbc.bind - binding parameter (1:INTEGER) <- [2]
2026-07-22 10:24:38 [http-nio-8081-exec-7] DEBUG org.hibernate.SQL - 
    select
        hv1_0.mahv,
        hv1_0.cccd,
        hv1_0.diachi,
        hv1_0.email,
        hv1_0.gioitinh,
        hv1_0.hoten,
        hv1_0.ngaydangky,
        hv1_0.ngaysinh,
        hv1_0.sodienthoai 
    from
        hoc_vien hv1_0
2026-07-22 10:24:38 [http-nio-8081-exec-3] DEBUG org.hibernate.SQL - 
    select
        kh1_0.makh,
        kh1_0.macth,
        kh1_0.ngaybatdau,
        kh1_0.ngayketthuc,
        kh1_0.tenkhoahoc,
        kh1_0.trangthai 
    from
        khoa_hoc kh1_0
2026-07-22 10:24:38 [http-nio-8081-exec-3] DEBUG org.hibernate.SQL - 
    select
        cth1_0.macth,
        cth1_0.hangbang,
        cth1_0.hocphi,
        cth1_0.sobuoilythuyet,
        cth1_0.sobuoithuchanh,
        cth1_0.tenchuongtrinh 
    from
        chuong_trinh_hoc cth1_0 
    where
        cth1_0.macth=?
2026-07-22 10:24:38 [http-nio-8081-exec-3] TRACE org.hibernate.orm.jdbc.bind - binding parameter (1:INTEGER) <- [1]
2026-07-22 10:24:38 [http-nio-8081-exec-3] DEBUG org.hibernate.SQL - 
    select
        cth1_0.macth,
        cth1_0.hangbang,
        cth1_0.hocphi,
        cth1_0.sobuoilythuyet,
        cth1_0.sobuoithuchanh,
        cth1_0.tenchuongtrinh 
    from
        chuong_trinh_hoc cth1_0 
    where
        cth1_0.macth=?
2026-07-22 10:24:38 [http-nio-8081-exec-3] TRACE org.hibernate.orm.jdbc.bind - binding parameter (1:INTEGER) <- [2]
2026-07-22 10:24:38 [http-nio-8081-exec-6] DEBUG org.hibernate.SQL - 
    select
        dkkh1_0.madk,
        dkkh1_0.mahv,
        dkkh1_0.makh,
        dkkh1_0.ngaydangky,
        dkkh1_0.trangthai 
    from
        dang_ky_khoa_hoc dkkh1_0
2026-07-22 10:24:38 [http-nio-8081-exec-6] DEBUG org.hibernate.SQL - 
    select
        hv1_0.mahv,
        hv1_0.cccd,
        hv1_0.diachi,
        hv1_0.email,
        hv1_0.gioitinh,
        hv1_0.hoten,
        hv1_0.ngaydangky,
        hv1_0.ngaysinh,
        hv1_0.sodienthoai 
    from
        hoc_vien hv1_0 
    where
        hv1_0.mahv=?
2026-07-22 10:24:38 [http-nio-8081-exec-6] TRACE org.hibernate.orm.jdbc.bind - binding parameter (1:INTEGER) <- [1]
2026-07-22 10:24:38 [http-nio-8081-exec-6] DEBUG org.hibernate.SQL - 
    select
        kh1_0.makh,
        cth1_0.macth,
        cth1_0.hangbang,
        cth1_0.hocphi,
        cth1_0.sobuoilythuyet,
        cth1_0.sobuoithuchanh,
        cth1_0.tenchuongtrinh,
        kh1_0.ngaybatdau,
        kh1_0.ngayketthuc,
        kh1_0.tenkhoahoc,
        kh1_0.trangthai 
    from
        khoa_hoc kh1_0 
    left join
        chuong_trinh_hoc cth1_0 
            on cth1_0.macth=kh1_0.macth 
    where
        kh1_0.makh=?
2026-07-22 10:24:38 [http-nio-8081-exec-6] TRACE org.hibernate.orm.jdbc.bind - binding parameter (1:INTEGER) <- [1]
2026-07-22 10:24:38 [http-nio-8081-exec-6] DEBUG org.hibernate.SQL - 
    select
        hv1_0.mahv,
        hv1_0.cccd,
        hv1_0.diachi,
        hv1_0.email,
        hv1_0.gioitinh,
        hv1_0.hoten,
        hv1_0.ngaydangky,
        hv1_0.ngaysinh,
        hv1_0.sodienthoai 
    from
        hoc_vien hv1_0 
    where
        hv1_0.mahv=?
2026-07-22 10:24:38 [http-nio-8081-exec-6] TRACE org.hibernate.orm.jdbc.bind - binding parameter (1:INTEGER) <- [2]
2026-07-22 10:24:38 [http-nio-8081-exec-6] DEBUG org.hibernate.SQL - 
    select
        hv1_0.mahv,
        hv1_0.cccd,
        hv1_0.diachi,
        hv1_0.email,
        hv1_0.gioitinh,
        hv1_0.hoten,
        hv1_0.ngaydangky,
        hv1_0.ngaysinh,
        hv1_0.sodienthoai 
    from
        hoc_vien hv1_0 
    where
        hv1_0.mahv=?
2026-07-22 10:24:38 [http-nio-8081-exec-6] TRACE org.hibernate.orm.jdbc.bind - binding parameter (1:INTEGER) <- [3]
2026-07-22 10:24:38 [http-nio-8081-exec-6] DEBUG org.hibernate.SQL - 
    select
        kh1_0.makh,
        cth1_0.macth,
        cth1_0.hangbang,
        cth1_0.hocphi,
        cth1_0.sobuoilythuyet,
        cth1_0.sobuoithuchanh,
        cth1_0.tenchuongtrinh,
        kh1_0.ngaybatdau,
        kh1_0.ngayketthuc,
        kh1_0.tenkhoahoc,
        kh1_0.trangthai 
    from
        khoa_hoc kh1_0 
    left join
        chuong_trinh_hoc cth1_0 
            on cth1_0.macth=kh1_0.macth 
    where
        kh1_0.makh=?
2026-07-22 10:24:38 [http-nio-8081-exec-6] TRACE org.hibernate.orm.jdbc.bind - binding parameter (1:INTEGER) <- [2]
2026-07-22 10:24:59 [http-nio-8081-exec-10] DEBUG org.hibernate.SQL - 
    select
        dkkh1_0.madk,
        dkkh1_0.mahv,
        hv1_0.mahv,
        hv1_0.cccd,
        hv1_0.diachi,
        hv1_0.email,
        hv1_0.gioitinh,
        hv1_0.hoten,
        hv1_0.ngaydangky,
        hv1_0.ngaysinh,
        hv1_0.sodienthoai,
        dkkh1_0.makh,
        kh1_0.makh,
        cth1_0.macth,
        cth1_0.hangbang,
        cth1_0.hocphi,
        cth1_0.sobuoilythuyet,
        cth1_0.sobuoithuchanh,
        cth1_0.tenchuongtrinh,
        kh1_0.ngaybatdau,
        kh1_0.ngayketthuc,
        kh1_0.tenkhoahoc,
        kh1_0.trangthai,
        dkkh1_0.ngaydangky,
        dkkh1_0.trangthai 
    from
        dang_ky_khoa_hoc dkkh1_0 
    join
        hoc_vien hv1_0 
            on hv1_0.mahv=dkkh1_0.mahv 
    join
        khoa_hoc kh1_0 
            on kh1_0.makh=dkkh1_0.makh 
    left join
        chuong_trinh_hoc cth1_0 
            on cth1_0.macth=kh1_0.macth 
    where
        dkkh1_0.madk=?
2026-07-22 10:24:59 [http-nio-8081-exec-10] TRACE org.hibernate.orm.jdbc.bind - binding parameter (1:INTEGER) <- [3]
2026-07-22 10:24:59 [http-nio-8081-exec-10] DEBUG org.hibernate.SQL - 
    update
        dang_ky_khoa_hoc 
    set
        mahv=?,
        makh=?,
        ngaydangky=?,
        trangthai=? 
    where
        madk=?
2026-07-22 10:24:59 [http-nio-8081-exec-10] TRACE org.hibernate.orm.jdbc.bind - binding parameter (1:INTEGER) <- [3]
2026-07-22 10:24:59 [http-nio-8081-exec-10] TRACE org.hibernate.orm.jdbc.bind - binding parameter (2:INTEGER) <- [2]
2026-07-22 10:24:59 [http-nio-8081-exec-10] TRACE org.hibernate.orm.jdbc.bind - binding parameter (3:DATE) <- [2026-01-15]
2026-07-22 10:24:59 [http-nio-8081-exec-10] TRACE org.hibernate.orm.jdbc.bind - binding parameter (4:VARCHAR) <- [Chờ duyệt]
2026-07-22 10:24:59 [http-nio-8081-exec-10] TRACE org.hibernate.orm.jdbc.bind - binding parameter (5:INTEGER) <- [3]
2026-07-22 10:25:01 [http-nio-8081-exec-5] DEBUG org.hibernate.SQL - 
    select
        dkkh1_0.madk,
        dkkh1_0.mahv,
        dkkh1_0.makh,
        dkkh1_0.ngaydangky,
        dkkh1_0.trangthai 
    from
        dang_ky_khoa_hoc dkkh1_0
2026-07-22 10:25:01 [http-nio-8081-exec-5] DEBUG org.hibernate.SQL - 
    select
        hv1_0.mahv,
        hv1_0.cccd,
        hv1_0.diachi,
        hv1_0.email,
        hv1_0.gioitinh,
        hv1_0.hoten,
        hv1_0.ngaydangky,
        hv1_0.ngaysinh,
        hv1_0.sodienthoai 
    from
        hoc_vien hv1_0 
    where
        hv1_0.mahv=?
2026-07-22 10:25:01 [http-nio-8081-exec-5] TRACE org.hibernate.orm.jdbc.bind - binding parameter (1:INTEGER) <- [1]
2026-07-22 10:25:01 [http-nio-8081-exec-5] DEBUG org.hibernate.SQL - 
    select
        kh1_0.makh,
        cth1_0.macth,
        cth1_0.hangbang,
        cth1_0.hocphi,
        cth1_0.sobuoilythuyet,
        cth1_0.sobuoithuchanh,
        cth1_0.tenchuongtrinh,
        kh1_0.ngaybatdau,
        kh1_0.ngayketthuc,
        kh1_0.tenkhoahoc,
        kh1_0.trangthai 
    from
        khoa_hoc kh1_0 
    left join
        chuong_trinh_hoc cth1_0 
            on cth1_0.macth=kh1_0.macth 
    where
        kh1_0.makh=?
2026-07-22 10:25:01 [http-nio-8081-exec-5] TRACE org.hibernate.orm.jdbc.bind - binding parameter (1:INTEGER) <- [1]
2026-07-22 10:25:01 [http-nio-8081-exec-5] DEBUG org.hibernate.SQL - 
    select
        hv1_0.mahv,
        hv1_0.cccd,
        hv1_0.diachi,
        hv1_0.email,
        hv1_0.gioitinh,
        hv1_0.hoten,
        hv1_0.ngaydangky,
        hv1_0.ngaysinh,
        hv1_0.sodienthoai 
    from
        hoc_vien hv1_0 
    where
        hv1_0.mahv=?
2026-07-22 10:25:01 [http-nio-8081-exec-5] TRACE org.hibernate.orm.jdbc.bind - binding parameter (1:INTEGER) <- [2]
2026-07-22 10:25:01 [http-nio-8081-exec-5] DEBUG org.hibernate.SQL - 
    select
        hv1_0.mahv,
        hv1_0.cccd,
        hv1_0.diachi,
        hv1_0.email,
        hv1_0.gioitinh,
        hv1_0.hoten,
        hv1_0.ngaydangky,
        hv1_0.ngaysinh,
        hv1_0.sodienthoai 
    from
        hoc_vien hv1_0 
    where
        hv1_0.mahv=?
2026-07-22 10:25:01 [http-nio-8081-exec-5] TRACE org.hibernate.orm.jdbc.bind - binding parameter (1:INTEGER) <- [3]
2026-07-22 10:25:01 [http-nio-8081-exec-5] DEBUG org.hibernate.SQL - 
    select
        kh1_0.makh,
        cth1_0.macth,
        cth1_0.hangbang,
        cth1_0.hocphi,
        cth1_0.sobuoilythuyet,
        cth1_0.sobuoithuchanh,
        cth1_0.tenchuongtrinh,
        kh1_0.ngaybatdau,
        kh1_0.ngayketthuc,
        kh1_0.tenkhoahoc,
        kh1_0.trangthai 
    from
        khoa_hoc kh1_0 
    left join
        chuong_trinh_hoc cth1_0 
            on cth1_0.macth=kh1_0.macth 
    where
        kh1_0.makh=?
2026-07-22 10:25:01 [http-nio-8081-exec-5] TRACE org.hibernate.orm.jdbc.bind - binding parameter (1:INTEGER) <- [2]
2026-07-22 10:25:04 [http-nio-8081-exec-8] DEBUG org.hibernate.SQL - 
    select
        kh1_0.makh,
        kh1_0.macth,
        kh1_0.ngaybatdau,
        kh1_0.ngayketthuc,
        kh1_0.tenkhoahoc,
        kh1_0.trangthai 
    from
        khoa_hoc kh1_0
2026-07-22 10:25:04 [http-nio-8081-exec-8] DEBUG org.hibernate.SQL - 
    select
        cth1_0.macth,
        cth1_0.hangbang,
        cth1_0.hocphi,
        cth1_0.sobuoilythuyet,
        cth1_0.sobuoithuchanh,
        cth1_0.tenchuongtrinh 
    from
        chuong_trinh_hoc cth1_0 
    where
        cth1_0.macth=?
2026-07-22 10:25:04 [http-nio-8081-exec-8] TRACE org.hibernate.orm.jdbc.bind - binding parameter (1:INTEGER) <- [1]
2026-07-22 10:25:04 [http-nio-8081-exec-8] DEBUG org.hibernate.SQL - 
    select
        cth1_0.macth,
        cth1_0.hangbang,
        cth1_0.hocphi,
        cth1_0.sobuoilythuyet,
        cth1_0.sobuoithuchanh,
        cth1_0.tenchuongtrinh 
    from
        chuong_trinh_hoc cth1_0 
    where
        cth1_0.macth=?
2026-07-22 10:25:04 [http-nio-8081-exec-8] TRACE org.hibernate.orm.jdbc.bind - binding parameter (1:INTEGER) <- [2]
2026-07-22 10:25:04 [http-nio-8081-exec-2] DEBUG org.hibernate.SQL - 
    select
        gv1_0.magv,
        gv1_0.cccd,
        gv1_0.diachi,
        gv1_0.email,
        gv1_0.gioitinh,
        gv1_0.hangday,
        gv1_0.hoten,
        gv1_0.ngaysinh,
        gv1_0.sodienthoai 
    from
        giao_vien gv1_0
2026-07-22 10:25:04 [http-nio-8081-exec-7] DEBUG org.hibernate.SQL - 
    select
        lh1_0.malop,
        lh1_0.magv,
        lh1_0.makh,
        lh1_0.soluong,
        lh1_0.tenlop,
        lh1_0.trangthai 
    from
        lop_hoc lh1_0
2026-07-22 10:25:04 [http-nio-8081-exec-7] DEBUG org.hibernate.SQL - 
    select
        kh1_0.makh,
        cth1_0.macth,
        cth1_0.hangbang,
        cth1_0.hocphi,
        cth1_0.sobuoilythuyet,
        cth1_0.sobuoithuchanh,
        cth1_0.tenchuongtrinh,
        kh1_0.ngaybatdau,
        kh1_0.ngayketthuc,
        kh1_0.tenkhoahoc,
        kh1_0.trangthai 
    from
        khoa_hoc kh1_0 
    left join
        chuong_trinh_hoc cth1_0 
            on cth1_0.macth=kh1_0.macth 
    where
        kh1_0.makh=?
2026-07-22 10:25:04 [http-nio-8081-exec-7] TRACE org.hibernate.orm.jdbc.bind - binding parameter (1:INTEGER) <- [1]
2026-07-22 10:25:04 [http-nio-8081-exec-7] DEBUG org.hibernate.SQL - 
    select
        kh1_0.makh,
        cth1_0.macth,
        cth1_0.hangbang,
        cth1_0.hocphi,
        cth1_0.sobuoilythuyet,
        cth1_0.sobuoithuchanh,
        cth1_0.tenchuongtrinh,
        kh1_0.ngaybatdau,
        kh1_0.ngayketthuc,
        kh1_0.tenkhoahoc,
        kh1_0.trangthai 
    from
        khoa_hoc kh1_0 
    left join
        chuong_trinh_hoc cth1_0 
            on cth1_0.macth=kh1_0.macth 
    where
        kh1_0.makh=?
2026-07-22 10:25:04 [http-nio-8081-exec-7] TRACE org.hibernate.orm.jdbc.bind - binding parameter (1:INTEGER) <- [2]
2026-07-22 10:25:32 [http-nio-8081-exec-9] DEBUG org.hibernate.SQL - 
    select
        lh1_0.malop,
        gv1_0.magv,
        gv1_0.cccd,
        gv1_0.diachi,
        gv1_0.email,
        gv1_0.gioitinh,
        gv1_0.hangday,
        gv1_0.hoten,
        gv1_0.ngaysinh,
        gv1_0.sodienthoai,
        kh1_0.makh,
        cth1_0.macth,
        cth1_0.hangbang,
        cth1_0.hocphi,
        cth1_0.sobuoilythuyet,
        cth1_0.sobuoithuchanh,
        cth1_0.tenchuongtrinh,
        kh1_0.ngaybatdau,
        kh1_0.ngayketthuc,
        kh1_0.tenkhoahoc,
        kh1_0.trangthai,
        lh1_0.soluong,
        lh1_0.tenlop,
        lh1_0.trangthai 
    from
        lop_hoc lh1_0 
    left join
        giao_vien gv1_0 
            on gv1_0.magv=lh1_0.magv 
    left join
        khoa_hoc kh1_0 
            on kh1_0.makh=lh1_0.makh 
    left join
        chuong_trinh_hoc cth1_0 
            on cth1_0.macth=kh1_0.macth 
    where
        lh1_0.malop=?
2026-07-22 10:25:32 [http-nio-8081-exec-9] TRACE org.hibernate.orm.jdbc.bind - binding parameter (1:INTEGER) <- [1]
2026-07-22 10:25:32 [http-nio-8081-exec-9] DEBUG org.hibernate.SQL - 
    select
        gv1_0.magv,
        gv1_0.cccd,
        gv1_0.diachi,
        gv1_0.email,
        gv1_0.gioitinh,
        gv1_0.hangday,
        gv1_0.hoten,
        gv1_0.ngaysinh,
        gv1_0.sodienthoai 
    from
        giao_vien gv1_0 
    where
        gv1_0.magv=?
2026-07-22 10:25:32 [http-nio-8081-exec-9] TRACE org.hibernate.orm.jdbc.bind - binding parameter (1:INTEGER) <- [1]
2026-07-22 10:25:32 [http-nio-8081-exec-9] DEBUG org.hibernate.SQL - 
    update
        lop_hoc 
    set
        magv=?,
        makh=?,
        soluong=?,
        tenlop=?,
        trangthai=? 
    where
        malop=?
2026-07-22 10:25:32 [http-nio-8081-exec-9] TRACE org.hibernate.orm.jdbc.bind - binding parameter (1:INTEGER) <- [1]
2026-07-22 10:25:32 [http-nio-8081-exec-9] TRACE org.hibernate.orm.jdbc.bind - binding parameter (2:INTEGER) <- [1]
2026-07-22 10:25:32 [http-nio-8081-exec-9] TRACE org.hibernate.orm.jdbc.bind - binding parameter (3:INTEGER) <- [null]
2026-07-22 10:25:32 [http-nio-8081-exec-9] TRACE org.hibernate.orm.jdbc.bind - binding parameter (4:VARCHAR) <- [L?p B2_01]
2026-07-22 10:25:32 [http-nio-8081-exec-9] TRACE org.hibernate.orm.jdbc.bind - binding parameter (5:VARCHAR) <- [Đang học]
2026-07-22 10:25:32 [http-nio-8081-exec-9] TRACE org.hibernate.orm.jdbc.bind - binding parameter (6:INTEGER) <- [1]
2026-07-22 10:25:33 [http-nio-8081-exec-6] DEBUG org.hibernate.SQL - 
    select
        lh1_0.malop,
        lh1_0.magv,
        lh1_0.makh,
        lh1_0.soluong,
        lh1_0.tenlop,
        lh1_0.trangthai 
    from
        lop_hoc lh1_0
2026-07-22 10:25:33 [http-nio-8081-exec-6] DEBUG org.hibernate.SQL - 
    select
        gv1_0.magv,
        gv1_0.cccd,
        gv1_0.diachi,
        gv1_0.email,
        gv1_0.gioitinh,
        gv1_0.hangday,
        gv1_0.hoten,
        gv1_0.ngaysinh,
        gv1_0.sodienthoai 
    from
        giao_vien gv1_0 
    where
        gv1_0.magv=?
2026-07-22 10:25:33 [http-nio-8081-exec-6] TRACE org.hibernate.orm.jdbc.bind - binding parameter (1:INTEGER) <- [1]
2026-07-22 10:25:33 [http-nio-8081-exec-6] DEBUG org.hibernate.SQL - 
    select
        kh1_0.makh,
        cth1_0.macth,
        cth1_0.hangbang,
        cth1_0.hocphi,
        cth1_0.sobuoilythuyet,
        cth1_0.sobuoithuchanh,
        cth1_0.tenchuongtrinh,
        kh1_0.ngaybatdau,
        kh1_0.ngayketthuc,
        kh1_0.tenkhoahoc,
        kh1_0.trangthai 
    from
        khoa_hoc kh1_0 
    left join
        chuong_trinh_hoc cth1_0 
            on cth1_0.macth=kh1_0.macth 
    where
        kh1_0.makh=?
2026-07-22 10:25:33 [http-nio-8081-exec-6] TRACE org.hibernate.orm.jdbc.bind - binding parameter (1:INTEGER) <- [1]
2026-07-22 10:25:33 [http-nio-8081-exec-6] DEBUG org.hibernate.SQL - 
    select
        kh1_0.makh,
        cth1_0.macth,
        cth1_0.hangbang,
        cth1_0.hocphi,
        cth1_0.sobuoilythuyet,
        cth1_0.sobuoithuchanh,
        cth1_0.tenchuongtrinh,
        kh1_0.ngaybatdau,
        kh1_0.ngayketthuc,
        kh1_0.tenkhoahoc,
        kh1_0.trangthai 
    from
        khoa_hoc kh1_0 
    left join
        chuong_trinh_hoc cth1_0 
            on cth1_0.macth=kh1_0.macth 
    where
        kh1_0.makh=?
2026-07-22 10:25:33 [http-nio-8081-exec-6] TRACE org.hibernate.orm.jdbc.bind - binding parameter (1:INTEGER) <- [2]
2026-07-22 10:25:47 [http-nio-8081-exec-10] DEBUG org.hibernate.SQL - 
    select
        lh1_0.malop,
        gv1_0.magv,
        gv1_0.cccd,
        gv1_0.diachi,
        gv1_0.email,
        gv1_0.gioitinh,
        gv1_0.hangday,
        gv1_0.hoten,
        gv1_0.ngaysinh,
        gv1_0.sodienthoai,
        kh1_0.makh,
        cth1_0.macth,
        cth1_0.hangbang,
        cth1_0.hocphi,
        cth1_0.sobuoilythuyet,
        cth1_0.sobuoithuchanh,
        cth1_0.tenchuongtrinh,
        kh1_0.ngaybatdau,
        kh1_0.ngayketthuc,
        kh1_0.tenkhoahoc,
        kh1_0.trangthai,
        lh1_0.soluong,
        lh1_0.tenlop,
        lh1_0.trangthai 
    from
        lop_hoc lh1_0 
    left join
        giao_vien gv1_0 
            on gv1_0.magv=lh1_0.magv 
    left join
        khoa_hoc kh1_0 
            on kh1_0.makh=lh1_0.makh 
    left join
        chuong_trinh_hoc cth1_0 
            on cth1_0.macth=kh1_0.macth 
    where
        lh1_0.malop=?
2026-07-22 10:25:47 [http-nio-8081-exec-10] TRACE org.hibernate.orm.jdbc.bind - binding parameter (1:INTEGER) <- [1]
2026-07-22 10:25:47 [http-nio-8081-exec-10] DEBUG org.hibernate.SQL - 
    update
        lop_hoc 
    set
        magv=?,
        makh=?,
        soluong=?,
        tenlop=?,
        trangthai=? 
    where
        malop=?
2026-07-22 10:25:47 [http-nio-8081-exec-10] TRACE org.hibernate.orm.jdbc.bind - binding parameter (1:INTEGER) <- [1]
2026-07-22 10:25:47 [http-nio-8081-exec-10] TRACE org.hibernate.orm.jdbc.bind - binding parameter (2:INTEGER) <- [1]
2026-07-22 10:25:47 [http-nio-8081-exec-10] TRACE org.hibernate.orm.jdbc.bind - binding parameter (3:INTEGER) <- [null]
2026-07-22 10:25:47 [http-nio-8081-exec-10] TRACE org.hibernate.orm.jdbc.bind - binding parameter (4:VARCHAR) <- [L?p B2_01]
2026-07-22 10:25:47 [http-nio-8081-exec-10] TRACE org.hibernate.orm.jdbc.bind - binding parameter (5:VARCHAR) <- [Đã kết thúc]
2026-07-22 10:25:47 [http-nio-8081-exec-10] TRACE org.hibernate.orm.jdbc.bind - binding parameter (6:INTEGER) <- [1]
2026-07-22 10:25:49 [http-nio-8081-exec-5] DEBUG org.hibernate.SQL - 
    select
        lh1_0.malop,
        lh1_0.magv,
        lh1_0.makh,
        lh1_0.soluong,
        lh1_0.tenlop,
        lh1_0.trangthai 
    from
        lop_hoc lh1_0
2026-07-22 10:25:49 [http-nio-8081-exec-5] DEBUG org.hibernate.SQL - 
    select
        gv1_0.magv,
        gv1_0.cccd,
        gv1_0.diachi,
        gv1_0.email,
        gv1_0.gioitinh,
        gv1_0.hangday,
        gv1_0.hoten,
        gv1_0.ngaysinh,
        gv1_0.sodienthoai 
    from
        giao_vien gv1_0 
    where
        gv1_0.magv=?
2026-07-22 10:25:49 [http-nio-8081-exec-5] TRACE org.hibernate.orm.jdbc.bind - binding parameter (1:INTEGER) <- [1]
2026-07-22 10:25:49 [http-nio-8081-exec-5] DEBUG org.hibernate.SQL - 
    select
        kh1_0.makh,
        cth1_0.macth,
        cth1_0.hangbang,
        cth1_0.hocphi,
        cth1_0.sobuoilythuyet,
        cth1_0.sobuoithuchanh,
        cth1_0.tenchuongtrinh,
        kh1_0.ngaybatdau,
        kh1_0.ngayketthuc,
        kh1_0.tenkhoahoc,
        kh1_0.trangthai 
    from
        khoa_hoc kh1_0 
    left join
        chuong_trinh_hoc cth1_0 
            on cth1_0.macth=kh1_0.macth 
    where
        kh1_0.makh=?
2026-07-22 10:25:49 [http-nio-8081-exec-5] TRACE org.hibernate.orm.jdbc.bind - binding parameter (1:INTEGER) <- [1]
2026-07-22 10:25:49 [http-nio-8081-exec-5] DEBUG org.hibernate.SQL - 
    select
        kh1_0.makh,
        cth1_0.macth,
        cth1_0.hangbang,
        cth1_0.hocphi,
        cth1_0.sobuoilythuyet,
        cth1_0.sobuoithuchanh,
        cth1_0.tenchuongtrinh,
        kh1_0.ngaybatdau,
        kh1_0.ngayketthuc,
        kh1_0.tenkhoahoc,
        kh1_0.trangthai 
    from
        khoa_hoc kh1_0 
    left join
        chuong_trinh_hoc cth1_0 
            on cth1_0.macth=kh1_0.macth 
    where
        kh1_0.makh=?
2026-07-22 10:25:49 [http-nio-8081-exec-5] TRACE org.hibernate.orm.jdbc.bind - binding parameter (1:INTEGER) <- [2]
2026-07-22 10:25:51 [http-nio-8081-exec-8] DEBUG org.hibernate.SQL - 
    select
        gv1_0.magv,
        gv1_0.cccd,
        gv1_0.diachi,
        gv1_0.email,
        gv1_0.gioitinh,
        gv1_0.hangday,
        gv1_0.hoten,
        gv1_0.ngaysinh,
        gv1_0.sodienthoai 
    from
        giao_vien gv1_0
2026-07-22 10:25:55 [http-nio-8081-exec-4] DEBUG org.hibernate.SQL - 
    select
        gv1_0.magv,
        gv1_0.cccd,
        gv1_0.diachi,
        gv1_0.email,
        gv1_0.gioitinh,
        gv1_0.hangday,
        gv1_0.hoten,
        gv1_0.ngaysinh,
        gv1_0.sodienthoai 
    from
        giao_vien gv1_0 
    where
        gv1_0.magv=?
2026-07-22 10:25:55 [http-nio-8081-exec-4] TRACE org.hibernate.orm.jdbc.bind - binding parameter (1:INTEGER) <- [1]
2026-07-22 10:25:55 [http-nio-8081-exec-4] DEBUG org.hibernate.SQL - 
    SELECT
        DISTINCT hv.* 
    FROM
        hoc_vien hv 
    JOIN
        dang_ky_khoa_hoc dk 
            ON hv.mahv = dk.mahv 
    JOIN
        khoa_hoc kh 
            ON dk.makh = kh.makh 
    JOIN
        lop_hoc lh 
            ON kh.makh = lh.makh 
    WHERE
        lh.magv = ?
2026-07-22 10:25:55 [http-nio-8081-exec-4] TRACE org.hibernate.orm.jdbc.bind - binding parameter (1:INTEGER) <- [1]
2026-07-22 10:25:58 [http-nio-8081-exec-7] DEBUG org.hibernate.SQL - 
    select
        gv1_0.magv,
        gv1_0.cccd,
        gv1_0.diachi,
        gv1_0.email,
        gv1_0.gioitinh,
        gv1_0.hangday,
        gv1_0.hoten,
        gv1_0.ngaysinh,
        gv1_0.sodienthoai 
    from
        giao_vien gv1_0 
    where
        gv1_0.magv=?
2026-07-22 10:25:58 [http-nio-8081-exec-7] TRACE org.hibernate.orm.jdbc.bind - binding parameter (1:INTEGER) <- [1]
2026-07-22 10:25:58 [http-nio-8081-exec-7] DEBUG org.hibernate.SQL - 
    SELECT
        DISTINCT hv.* 
    FROM
        hoc_vien hv 
    JOIN
        dang_ky_khoa_hoc dk 
            ON hv.mahv = dk.mahv 
    JOIN
        khoa_hoc kh 
            ON dk.makh = kh.makh 
    JOIN
        lop_hoc lh 
            ON kh.makh = lh.makh 
    WHERE
        lh.magv = ?
2026-07-22 10:25:58 [http-nio-8081-exec-7] TRACE org.hibernate.orm.jdbc.bind - binding parameter (1:INTEGER) <- [1]
2026-07-22 10:26:06 [http-nio-8081-exec-3] DEBUG org.hibernate.SQL - 
    select
        gv1_0.magv,
        gv1_0.cccd,
        gv1_0.diachi,
        gv1_0.email,
        gv1_0.gioitinh,
        gv1_0.hangday,
        gv1_0.hoten,
        gv1_0.ngaysinh,
        gv1_0.sodienthoai 
    from
        giao_vien gv1_0 
    where
        gv1_0.magv=?
2026-07-22 10:26:06 [http-nio-8081-exec-3] TRACE org.hibernate.orm.jdbc.bind - binding parameter (1:INTEGER) <- [1]
2026-07-22 10:26:06 [http-nio-8081-exec-3] DEBUG org.hibernate.SQL - 
    SELECT
        DISTINCT hv.* 
    FROM
        hoc_vien hv 
    JOIN
        dang_ky_khoa_hoc dk 
            ON hv.mahv = dk.mahv 
    JOIN
        khoa_hoc kh 
            ON dk.makh = kh.makh 
    JOIN
        lop_hoc lh 
            ON kh.makh = lh.makh 
    WHERE
        lh.magv = ?
2026-07-22 10:26:06 [http-nio-8081-exec-3] TRACE org.hibernate.orm.jdbc.bind - binding parameter (1:INTEGER) <- [1]
2026-07-22 10:26:59 [http-nio-8081-exec-1] DEBUG org.hibernate.SQL - 
    select
        tk1_0.id,
        tk1_0.anh,
        tk1_0.cccd,
        tk1_0.email,
        tk1_0.ho_ten,
        tk1_0.khoa_den,
        tk1_0.lan_dang_nhap_cuoi,
        tk1_0.mat_khau,
        tk1_0.ngay_cap_nhat,
        tk1_0.ngay_tao,
        tk1_0.nguoi_tao_id,
        tk1_0.so_dien_thoai,
        tk1_0.so_lan_dang_nhap_sai,
        tk1_0.ten_dang_nhap,
        tk1_0.trang_thai,
        tk1_0.vai_tro_id 
    from
        tai_khoan tk1_0 
    where
        tk1_0.ten_dang_nhap=?
2026-07-22 10:26:59 [http-nio-8081-exec-1] TRACE org.hibernate.orm.jdbc.bind - binding parameter (1:VARCHAR) <- [admin]
2026-07-22 10:26:59 [http-nio-8081-exec-1] DEBUG org.hibernate.SQL - 
    select
        vt1_0.id,
        vt1_0.ma_vai_tro,
        vt1_0.mo_ta,
        vt1_0.ngay_cap_nhat,
        vt1_0.ngay_tao,
        vt1_0.ten_vai_tro,
        vt1_0.trang_thai 
    from
        vai_tro vt1_0 
    where
        vt1_0.id=?
2026-07-22 10:26:59 [http-nio-8081-exec-1] TRACE org.hibernate.orm.jdbc.bind - binding parameter (1:INTEGER) <- [4]
2026-07-22 10:26:59 [http-nio-8081-exec-1] DEBUG org.hibernate.SQL - 
    select
        tk1_0.id,
        tk1_0.anh,
        tk1_0.cccd,
        tk1_0.email,
        tk1_0.ho_ten,
        tk1_0.khoa_den,
        tk1_0.lan_dang_nhap_cuoi,
        tk1_0.mat_khau,
        tk1_0.ngay_cap_nhat,
        tk1_0.ngay_tao,
        tk1_0.nguoi_tao_id,
        tk1_0.so_dien_thoai,
        tk1_0.so_lan_dang_nhap_sai,
        tk1_0.ten_dang_nhap,
        tk1_0.trang_thai,
        tk1_0.vai_tro_id 
    from
        tai_khoan tk1_0 
    where
        tk1_0.ten_dang_nhap=?
2026-07-22 10:26:59 [http-nio-8081-exec-1] TRACE org.hibernate.orm.jdbc.bind - binding parameter (1:VARCHAR) <- [admin]
2026-07-22 10:26:59 [http-nio-8081-exec-1] DEBUG org.hibernate.SQL - 
    select
        vt1_0.id,
        vt1_0.ma_vai_tro,
        vt1_0.mo_ta,
        vt1_0.ngay_cap_nhat,
        vt1_0.ngay_tao,
        vt1_0.ten_vai_tro,
        vt1_0.trang_thai 
    from
        vai_tro vt1_0 
    where
        vt1_0.id=?
2026-07-22 10:26:59 [http-nio-8081-exec-1] TRACE org.hibernate.orm.jdbc.bind - binding parameter (1:INTEGER) <- [4]
2026-07-22 10:26:59 [http-nio-8081-exec-10] DEBUG org.hibernate.SQL - 
    select
        gv1_0.magv,
        gv1_0.cccd,
        gv1_0.diachi,
        gv1_0.email,
        gv1_0.gioitinh,
        gv1_0.hangday,
        gv1_0.hoten,
        gv1_0.ngaysinh,
        gv1_0.sodienthoai 
    from
        giao_vien gv1_0 
    where
        gv1_0.magv=?
2026-07-22 10:26:59 [http-nio-8081-exec-10] TRACE org.hibernate.orm.jdbc.bind - binding parameter (1:INTEGER) <- [1]
2026-07-22 10:26:59 [http-nio-8081-exec-10] DEBUG org.hibernate.SQL - 
    SELECT
        DISTINCT hv.* 
    FROM
        hoc_vien hv 
    JOIN
        dang_ky_khoa_hoc dk 
            ON hv.mahv = dk.mahv 
    JOIN
        khoa_hoc kh 
            ON dk.makh = kh.makh 
    JOIN
        lop_hoc lh 
            ON kh.makh = lh.makh 
    WHERE
        lh.magv = ?
2026-07-22 10:26:59 [http-nio-8081-exec-10] TRACE org.hibernate.orm.jdbc.bind - binding parameter (1:INTEGER) <- [1]
2026-07-22 10:27:58 [http-nio-8081-exec-5] DEBUG org.hibernate.SQL - 
    select
        tk1_0.id,
        tk1_0.anh,
        tk1_0.cccd,
        tk1_0.email,
        tk1_0.ho_ten,
        tk1_0.khoa_den,
        tk1_0.lan_dang_nhap_cuoi,
        tk1_0.mat_khau,
        tk1_0.ngay_cap_nhat,
        tk1_0.ngay_tao,
        tk1_0.nguoi_tao_id,
        tk1_0.so_dien_thoai,
        tk1_0.so_lan_dang_nhap_sai,
        tk1_0.ten_dang_nhap,
        tk1_0.trang_thai,
        tk1_0.vai_tro_id 
    from
        tai_khoan tk1_0 
    where
        tk1_0.ten_dang_nhap=?
2026-07-22 10:27:58 [http-nio-8081-exec-5] TRACE org.hibernate.orm.jdbc.bind - binding parameter (1:VARCHAR) <- [admin]
2026-07-22 10:27:58 [http-nio-8081-exec-5] DEBUG org.hibernate.SQL - 
    select
        vt1_0.id,
        vt1_0.ma_vai_tro,
        vt1_0.mo_ta,
        vt1_0.ngay_cap_nhat,
        vt1_0.ngay_tao,
        vt1_0.ten_vai_tro,
        vt1_0.trang_thai 
    from
        vai_tro vt1_0 
    where
        vt1_0.id=?
2026-07-22 10:27:58 [http-nio-8081-exec-5] TRACE org.hibernate.orm.jdbc.bind - binding parameter (1:INTEGER) <- [4]
2026-07-22 10:27:58 [http-nio-8081-exec-5] DEBUG org.hibernate.SQL - 
    select
        tk1_0.id,
        tk1_0.anh,
        tk1_0.cccd,
        tk1_0.email,
        tk1_0.ho_ten,
        tk1_0.khoa_den,
        tk1_0.lan_dang_nhap_cuoi,
        tk1_0.mat_khau,
        tk1_0.ngay_cap_nhat,
        tk1_0.ngay_tao,
        tk1_0.nguoi_tao_id,
        tk1_0.so_dien_thoai,
        tk1_0.so_lan_dang_nhap_sai,
        tk1_0.ten_dang_nhap,
        tk1_0.trang_thai,
        tk1_0.vai_tro_id 
    from
        tai_khoan tk1_0 
    where
        tk1_0.ten_dang_nhap=?
2026-07-22 10:27:58 [http-nio-8081-exec-5] TRACE org.hibernate.orm.jdbc.bind - binding parameter (1:VARCHAR) <- [admin]
2026-07-22 10:27:58 [http-nio-8081-exec-5] DEBUG org.hibernate.SQL - 
    select
        vt1_0.id,
        vt1_0.ma_vai_tro,
        vt1_0.mo_ta,
        vt1_0.ngay_cap_nhat,
        vt1_0.ngay_tao,
        vt1_0.ten_vai_tro,
        vt1_0.trang_thai 
    from
        vai_tro vt1_0 
    where
        vt1_0.id=?
2026-07-22 10:27:58 [http-nio-8081-exec-5] TRACE org.hibernate.orm.jdbc.bind - binding parameter (1:INTEGER) <- [4]
2026-07-22 10:27:58 [http-nio-8081-exec-8] DEBUG org.hibernate.SQL - 
    select
        gv1_0.magv,
        gv1_0.cccd,
        gv1_0.diachi,
        gv1_0.email,
        gv1_0.gioitinh,
        gv1_0.hangday,
        gv1_0.hoten,
        gv1_0.ngaysinh,
        gv1_0.sodienthoai 
    from
        giao_vien gv1_0 
    where
        gv1_0.magv=?
2026-07-22 10:27:58 [http-nio-8081-exec-8] TRACE org.hibernate.orm.jdbc.bind - binding parameter (1:INTEGER) <- [1]
2026-07-22 10:27:58 [http-nio-8081-exec-8] DEBUG org.hibernate.SQL - 
    SELECT
        DISTINCT hv.* 
    FROM
        hoc_vien hv 
    JOIN
        dang_ky_khoa_hoc dk 
            ON hv.mahv = dk.mahv 
    JOIN
        khoa_hoc kh 
            ON dk.makh = kh.makh 
    JOIN
        lop_hoc lh 
            ON kh.makh = lh.makh 
    WHERE
        lh.magv = ?
2026-07-22 10:27:58 [http-nio-8081-exec-8] TRACE org.hibernate.orm.jdbc.bind - binding parameter (1:INTEGER) <- [1]
2026-07-22 10:28:31 [http-nio-8081-exec-2] DEBUG org.hibernate.SQL - 
    select
        tk1_0.id,
        tk1_0.anh,
        tk1_0.cccd,
        tk1_0.email,
        tk1_0.ho_ten,
        tk1_0.khoa_den,
        tk1_0.lan_dang_nhap_cuoi,
        tk1_0.mat_khau,
        tk1_0.ngay_cap_nhat,
        tk1_0.ngay_tao,
        tk1_0.nguoi_tao_id,
        tk1_0.so_dien_thoai,
        tk1_0.so_lan_dang_nhap_sai,
        tk1_0.ten_dang_nhap,
        tk1_0.trang_thai,
        tk1_0.vai_tro_id 
    from
        tai_khoan tk1_0 
    where
        tk1_0.ten_dang_nhap=?
2026-07-22 10:28:31 [http-nio-8081-exec-2] TRACE org.hibernate.orm.jdbc.bind - binding parameter (1:VARCHAR) <- [admin]
2026-07-22 10:28:31 [http-nio-8081-exec-2] DEBUG org.hibernate.SQL - 
    select
        vt1_0.id,
        vt1_0.ma_vai_tro,
        vt1_0.mo_ta,
        vt1_0.ngay_cap_nhat,
        vt1_0.ngay_tao,
        vt1_0.ten_vai_tro,
        vt1_0.trang_thai 
    from
        vai_tro vt1_0 
    where
        vt1_0.id=?
2026-07-22 10:28:31 [http-nio-8081-exec-2] TRACE org.hibernate.orm.jdbc.bind - binding parameter (1:INTEGER) <- [4]
2026-07-22 10:28:31 [http-nio-8081-exec-2] DEBUG org.hibernate.SQL - 
    select
        tk1_0.id,
        tk1_0.anh,
        tk1_0.cccd,
        tk1_0.email,
        tk1_0.ho_ten,
        tk1_0.khoa_den,
        tk1_0.lan_dang_nhap_cuoi,
        tk1_0.mat_khau,
        tk1_0.ngay_cap_nhat,
        tk1_0.ngay_tao,
        tk1_0.nguoi_tao_id,
        tk1_0.so_dien_thoai,
        tk1_0.so_lan_dang_nhap_sai,
        tk1_0.ten_dang_nhap,
        tk1_0.trang_thai,
        tk1_0.vai_tro_id 
    from
        tai_khoan tk1_0 
    where
        tk1_0.ten_dang_nhap=?
2026-07-22 10:28:31 [http-nio-8081-exec-2] TRACE org.hibernate.orm.jdbc.bind - binding parameter (1:VARCHAR) <- [admin]
2026-07-22 10:28:31 [http-nio-8081-exec-2] DEBUG org.hibernate.SQL - 
    select
        vt1_0.id,
        vt1_0.ma_vai_tro,
        vt1_0.mo_ta,
        vt1_0.ngay_cap_nhat,
        vt1_0.ngay_tao,
        vt1_0.ten_vai_tro,
        vt1_0.trang_thai 
    from
        vai_tro vt1_0 
    where
        vt1_0.id=?
2026-07-22 10:28:31 [http-nio-8081-exec-2] TRACE org.hibernate.orm.jdbc.bind - binding parameter (1:INTEGER) <- [4]
2026-07-22 10:28:31 [http-nio-8081-exec-4] DEBUG org.hibernate.SQL - 
    select
        gv1_0.magv,
        gv1_0.cccd,
        gv1_0.diachi,
        gv1_0.email,
        gv1_0.gioitinh,
        gv1_0.hangday,
        gv1_0.hoten,
        gv1_0.ngaysinh,
        gv1_0.sodienthoai 
    from
        giao_vien gv1_0 
    where
        gv1_0.magv=?
2026-07-22 10:28:31 [http-nio-8081-exec-4] TRACE org.hibernate.orm.jdbc.bind - binding parameter (1:INTEGER) <- [1]
2026-07-22 10:28:31 [http-nio-8081-exec-4] DEBUG org.hibernate.SQL - 
    SELECT
        DISTINCT hv.* 
    FROM
        hoc_vien hv 
    JOIN
        dang_ky_khoa_hoc dk 
            ON hv.mahv = dk.mahv 
    JOIN
        khoa_hoc kh 
            ON dk.makh = kh.makh 
    JOIN
        lop_hoc lh 
            ON kh.makh = lh.makh 
    WHERE
        lh.magv = ?
2026-07-22 10:28:31 [http-nio-8081-exec-4] TRACE org.hibernate.orm.jdbc.bind - binding parameter (1:INTEGER) <- [1]
2026-07-22 10:30:07 [main] INFO  o.e.d.DatnNhom3BackendApplication - Starting DatnNhom3BackendApplication using Java 17.0.19 with PID 27776 (D:\DATN_NHOM3\DATN_NHOM3_BACKEND\target\classes started by n2450 in D:\DATN_NHOM3\DATN_NHOM3_BACKEND)
2026-07-22 10:30:07 [main] DEBUG o.e.d.DatnNhom3BackendApplication - Running with Spring Boot v3.3.5, Spring v6.1.14
2026-07-22 10:30:07 [main] INFO  o.e.d.DatnNhom3BackendApplication - No active profile set, falling back to 1 default profile: "default"
2026-07-22 10:30:07 [main] INFO  o.s.d.r.c.RepositoryConfigurationDelegate - Bootstrapping Spring Data JPA repositories in DEFAULT mode.
2026-07-22 10:30:07 [main] INFO  o.s.d.r.c.RepositoryConfigurationDelegate - Finished Spring Data repository scanning in 109 ms. Found 31 JPA repository interfaces.
2026-07-22 10:30:08 [main] INFO  o.s.b.w.e.tomcat.TomcatWebServer - Tomcat initialized with port 8081 (http)
2026-07-22 10:30:08 [main] INFO  o.a.catalina.core.StandardService - Starting service [Tomcat]
2026-07-22 10:30:08 [main] INFO  o.a.catalina.core.StandardEngine - Starting Servlet engine: [Apache Tomcat/10.1.31]
2026-07-22 10:30:08 [main] INFO  o.a.c.c.C.[Tomcat].[localhost].[/] - Initializing Spring embedded WebApplicationContext
2026-07-22 10:30:08 [main] INFO  o.s.b.w.s.c.ServletWebServerApplicationContext - Root WebApplicationContext: initialization completed in 1250 ms
2026-07-22 10:30:08 [main] INFO  o.h.jpa.internal.util.LogHelper - HHH000204: Processing PersistenceUnitInfo [name: default]
2026-07-22 10:30:08 [main] INFO  org.hibernate.Version - HHH000412: Hibernate ORM core version 6.5.3.Final
2026-07-22 10:30:08 [main] INFO  o.h.c.i.RegionFactoryInitiator - HHH000026: Second-level cache disabled
2026-07-22 10:30:09 [main] INFO  o.s.o.j.p.SpringPersistenceUnitInfo - No LoadTimeWeaver setup: ignoring JPA class transformer
2026-07-22 10:30:09 [main] INFO  com.zaxxer.hikari.HikariDataSource - DATN-HikariPool - Starting...
2026-07-22 10:30:09 [main] INFO  com.zaxxer.hikari.pool.HikariPool - DATN-HikariPool - Added connection ConnectionID:1 ClientConnectionId: 3956a89b-bbb9-41e6-8667-db54e813f8ae
2026-07-22 10:30:09 [main] INFO  com.zaxxer.hikari.HikariDataSource - DATN-HikariPool - Start completed.
2026-07-22 10:30:09 [main] WARN  org.hibernate.orm.deprecation - HHH90000025: SQLServerDialect does not need to be specified explicitly using 'hibernate.dialect' (remove the property setting and it will be selected by default)
2026-07-22 10:30:10 [main] INFO  o.h.e.t.j.p.i.JtaPlatformInitiator - HHH000489: No JTA platform available (set 'hibernate.transaction.jta.platform' to enable JTA platform integration)
2026-07-22 10:30:11 [main] DEBUG org.hibernate.SQL - 
    alter table hoc_vien 
       alter column cccd NVARCHAR(20)
2026-07-22 10:30:11 [main] DEBUG org.hibernate.SQL - 
    alter table hoc_vien 
       alter column email NVARCHAR(100)
2026-07-22 10:30:11 [main] DEBUG org.hibernate.SQL - 
    alter table hoc_vien 
       alter column gioitinh NVARCHAR(10)
2026-07-22 10:30:11 [main] DEBUG org.hibernate.SQL - 
    alter table hoc_vien 
       alter column hoten NVARCHAR(100)
2026-07-22 10:30:11 [main] DEBUG org.hibernate.SQL - 
    alter table hoc_vien 
       alter column sodienthoai NVARCHAR(15)
2026-07-22 10:30:11 [main] DEBUG org.hibernate.SQL - 
    alter table lich_su_bao_tri_xe 
       alter column mo_ta NVARCHAR(MAX)
2026-07-22 10:30:13 [main] INFO  o.s.o.j.LocalContainerEntityManagerFactoryBean - Initialized JPA EntityManagerFactory for persistence unit 'default'
2026-07-22 10:30:13 [main] INFO  o.s.d.j.r.query.QueryEnhancerFactory - Hibernate is in classpath; If applicable, HQL parser will be used.
2026-07-22 10:30:14 [main] INFO  o.s.s.c.a.a.c.InitializeUserDetailsBeanManagerConfigurer$InitializeUserDetailsManagerConfigurer - Global AuthenticationManager configured with UserDetailsService bean with name customUserDetailsService
2026-07-22 10:30:14 [main] INFO  o.s.b.a.w.s.WelcomePageHandlerMapping - Adding welcome page: class path resource [static/index.html]
2026-07-22 10:30:15 [main] INFO  o.s.b.w.e.tomcat.TomcatWebServer - Tomcat started on port 8081 (http) with context path '/'
2026-07-22 10:30:15 [main] INFO  o.s.m.s.b.SimpleBrokerMessageHandler - Starting...
2026-07-22 10:30:15 [main] INFO  o.s.m.s.b.SimpleBrokerMessageHandler - BrokerAvailabilityEvent[available=true, SimpleBrokerMessageHandler [org.springframework.messaging.simp.broker.DefaultSubscriptionRegistry@6f46764d]]
2026-07-22 10:30:15 [main] INFO  o.s.m.s.b.SimpleBrokerMessageHandler - Started.
2026-07-22 10:30:15 [main] INFO  o.e.d.DatnNhom3BackendApplication - Started DatnNhom3BackendApplication in 8.304 seconds (process running for 8.582)
2026-07-22 10:30:15 [main] DEBUG org.hibernate.SQL - 
    select
        vt1_0.id,
        vt1_0.ma_vai_tro,
        vt1_0.mo_ta,
        vt1_0.ngay_cap_nhat,
        vt1_0.ngay_tao,
        vt1_0.ten_vai_tro,
        vt1_0.trang_thai 
    from
        vai_tro vt1_0 
    where
        vt1_0.ma_vai_tro=?
2026-07-22 10:30:15 [main] TRACE org.hibernate.orm.jdbc.bind - binding parameter (1:VARCHAR) <- [HV]
2026-07-22 10:30:15 [main] DEBUG org.hibernate.SQL - 
    select
        vt1_0.id,
        vt1_0.ma_vai_tro,
        vt1_0.mo_ta,
        vt1_0.ngay_cap_nhat,
        vt1_0.ngay_tao,
        vt1_0.ten_vai_tro,
        vt1_0.trang_thai 
    from
        vai_tro vt1_0 
    where
        vt1_0.ma_vai_tro=?
2026-07-22 10:30:15 [main] TRACE org.hibernate.orm.jdbc.bind - binding parameter (1:VARCHAR) <- [ADMIN]
2026-07-22 10:30:15 [main] DEBUG org.hibernate.SQL - 
    select
        vt1_0.id,
        vt1_0.ma_vai_tro,
        vt1_0.mo_ta,
        vt1_0.ngay_cap_nhat,
        vt1_0.ngay_tao,
        vt1_0.ten_vai_tro,
        vt1_0.trang_thai 
    from
        vai_tro vt1_0 
    where
        vt1_0.ma_vai_tro=?
2026-07-22 10:30:15 [main] TRACE org.hibernate.orm.jdbc.bind - binding parameter (1:VARCHAR) <- [GV]
2026-07-22 10:30:15 [main] DEBUG org.hibernate.SQL - 
    select
        vt1_0.id,
        vt1_0.ma_vai_tro,
        vt1_0.mo_ta,
        vt1_0.ngay_cap_nhat,
        vt1_0.ngay_tao,
        vt1_0.ten_vai_tro,
        vt1_0.trang_thai 
    from
        vai_tro vt1_0 
    where
        vt1_0.ma_vai_tro=?
2026-07-22 10:30:15 [main] TRACE org.hibernate.orm.jdbc.bind - binding parameter (1:VARCHAR) <- [NV]
2026-07-22 10:30:15 [main] DEBUG org.hibernate.SQL - 
    select
        count_big(*) 
    from
        tai_khoan tk1_0
2026-07-22 10:30:15 [main] DEBUG org.hibernate.SQL - 
    select
        tk1_0.id,
        tk1_0.anh,
        tk1_0.cccd,
        tk1_0.email,
        tk1_0.ho_ten,
        tk1_0.khoa_den,
        tk1_0.lan_dang_nhap_cuoi,
        tk1_0.mat_khau,
        tk1_0.ngay_cap_nhat,
        tk1_0.ngay_tao,
        tk1_0.nguoi_tao_id,
        tk1_0.so_dien_thoai,
        tk1_0.so_lan_dang_nhap_sai,
        tk1_0.ten_dang_nhap,
        tk1_0.trang_thai,
        tk1_0.vai_tro_id 
    from
        tai_khoan tk1_0
2026-07-22 10:30:15 [main] DEBUG org.hibernate.SQL - 
    select
        vt1_0.id,
        vt1_0.ma_vai_tro,
        vt1_0.mo_ta,
        vt1_0.ngay_cap_nhat,
        vt1_0.ngay_tao,
        vt1_0.ten_vai_tro,
        vt1_0.trang_thai 
    from
        vai_tro vt1_0 
    where
        vt1_0.id=?
2026-07-22 10:30:15 [main] TRACE org.hibernate.orm.jdbc.bind - binding parameter (1:INTEGER) <- [4]
2026-07-22 10:30:15 [main] DEBUG org.hibernate.SQL - 
    select
        vt1_0.id,
        vt1_0.ma_vai_tro,
        vt1_0.mo_ta,
        vt1_0.ngay_cap_nhat,
        vt1_0.ngay_tao,
        vt1_0.ten_vai_tro,
        vt1_0.trang_thai 
    from
        vai_tro vt1_0 
    where
        vt1_0.id=?
2026-07-22 10:30:15 [main] TRACE org.hibernate.orm.jdbc.bind - binding parameter (1:INTEGER) <- [3]
2026-07-22 10:30:15 [main] DEBUG org.hibernate.SQL - 
    select
        vt1_0.id,
        vt1_0.ma_vai_tro,
        vt1_0.mo_ta,
        vt1_0.ngay_cap_nhat,
        vt1_0.ngay_tao,
        vt1_0.ten_vai_tro,
        vt1_0.trang_thai 
    from
        vai_tro vt1_0 
    where
        vt1_0.id=?
2026-07-22 10:30:15 [main] TRACE org.hibernate.orm.jdbc.bind - binding parameter (1:INTEGER) <- [2]
2026-07-22 10:30:15 [main] DEBUG org.hibernate.SQL - 
    select
        vt1_0.id,
        vt1_0.ma_vai_tro,
        vt1_0.mo_ta,
        vt1_0.ngay_cap_nhat,
        vt1_0.ngay_tao,
        vt1_0.ten_vai_tro,
        vt1_0.trang_thai 
    from
        vai_tro vt1_0 
    where
        vt1_0.id=?
2026-07-22 10:30:15 [main] TRACE org.hibernate.orm.jdbc.bind - binding parameter (1:INTEGER) <- [1]
2026-07-22 10:30:36 [http-nio-8081-exec-1] INFO  o.a.c.c.C.[Tomcat].[localhost].[/] - Initializing Spring DispatcherServlet 'dispatcherServlet'
2026-07-22 10:30:36 [http-nio-8081-exec-1] INFO  o.s.web.servlet.DispatcherServlet - Initializing Servlet 'dispatcherServlet'
2026-07-22 10:30:36 [http-nio-8081-exec-1] INFO  o.s.web.servlet.DispatcherServlet - Completed initialization in 1 ms
2026-07-22 10:30:36 [http-nio-8081-exec-1] DEBUG org.hibernate.SQL - 
    select
        tk1_0.id,
        tk1_0.anh,
        tk1_0.cccd,
        tk1_0.email,
        tk1_0.ho_ten,
        tk1_0.khoa_den,
        tk1_0.lan_dang_nhap_cuoi,
        tk1_0.mat_khau,
        tk1_0.ngay_cap_nhat,
        tk1_0.ngay_tao,
        tk1_0.nguoi_tao_id,
        tk1_0.so_dien_thoai,
        tk1_0.so_lan_dang_nhap_sai,
        tk1_0.ten_dang_nhap,
        tk1_0.trang_thai,
        tk1_0.vai_tro_id 
    from
        tai_khoan tk1_0 
    where
        tk1_0.ten_dang_nhap=?
2026-07-22 10:30:36 [http-nio-8081-exec-1] TRACE org.hibernate.orm.jdbc.bind - binding parameter (1:VARCHAR) <- [admin]
2026-07-22 10:30:36 [http-nio-8081-exec-1] DEBUG org.hibernate.SQL - 
    select
        vt1_0.id,
        vt1_0.ma_vai_tro,
        vt1_0.mo_ta,
        vt1_0.ngay_cap_nhat,
        vt1_0.ngay_tao,
        vt1_0.ten_vai_tro,
        vt1_0.trang_thai 
    from
        vai_tro vt1_0 
    where
        vt1_0.id=?
2026-07-22 10:30:36 [http-nio-8081-exec-1] TRACE org.hibernate.orm.jdbc.bind - binding parameter (1:INTEGER) <- [4]
2026-07-22 10:30:36 [http-nio-8081-exec-1] DEBUG org.hibernate.SQL - 
    select
        tk1_0.id,
        tk1_0.anh,
        tk1_0.cccd,
        tk1_0.email,
        tk1_0.ho_ten,
        tk1_0.khoa_den,
        tk1_0.lan_dang_nhap_cuoi,
        tk1_0.mat_khau,
        tk1_0.ngay_cap_nhat,
        tk1_0.ngay_tao,
        tk1_0.nguoi_tao_id,
        tk1_0.so_dien_thoai,
        tk1_0.so_lan_dang_nhap_sai,
        tk1_0.ten_dang_nhap,
        tk1_0.trang_thai,
        tk1_0.vai_tro_id 
    from
        tai_khoan tk1_0 
    where
        tk1_0.ten_dang_nhap=?
2026-07-22 10:30:36 [http-nio-8081-exec-1] TRACE org.hibernate.orm.jdbc.bind - binding parameter (1:VARCHAR) <- [admin]
2026-07-22 10:30:36 [http-nio-8081-exec-1] DEBUG org.hibernate.SQL - 
    select
        vt1_0.id,
        vt1_0.ma_vai_tro,
        vt1_0.mo_ta,
        vt1_0.ngay_cap_nhat,
        vt1_0.ngay_tao,
        vt1_0.ten_vai_tro,
        vt1_0.trang_thai 
    from
        vai_tro vt1_0 
    where
        vt1_0.id=?
2026-07-22 10:30:36 [http-nio-8081-exec-1] TRACE org.hibernate.orm.jdbc.bind - binding parameter (1:INTEGER) <- [4]
2026-07-22 10:30:46 [http-nio-8081-exec-3] DEBUG org.hibernate.SQL - 
    select
        tk1_0.id,
        tk1_0.anh,
        tk1_0.cccd,
        tk1_0.email,
        tk1_0.ho_ten,
        tk1_0.khoa_den,
        tk1_0.lan_dang_nhap_cuoi,
        tk1_0.mat_khau,
        tk1_0.ngay_cap_nhat,
        tk1_0.ngay_tao,
        tk1_0.nguoi_tao_id,
        tk1_0.so_dien_thoai,
        tk1_0.so_lan_dang_nhap_sai,
        tk1_0.ten_dang_nhap,
        tk1_0.trang_thai,
        tk1_0.vai_tro_id 
    from
        tai_khoan tk1_0 
    where
        tk1_0.ten_dang_nhap=?
2026-07-22 10:30:46 [http-nio-8081-exec-3] TRACE org.hibernate.orm.jdbc.bind - binding parameter (1:VARCHAR) <- [admin]
2026-07-22 10:30:46 [http-nio-8081-exec-3] DEBUG org.hibernate.SQL - 
    select
        vt1_0.id,
        vt1_0.ma_vai_tro,
        vt1_0.mo_ta,
        vt1_0.ngay_cap_nhat,
        vt1_0.ngay_tao,
        vt1_0.ten_vai_tro,
        vt1_0.trang_thai 
    from
        vai_tro vt1_0 
    where
        vt1_0.id=?
2026-07-22 10:30:46 [http-nio-8081-exec-3] TRACE org.hibernate.orm.jdbc.bind - binding parameter (1:INTEGER) <- [4]
2026-07-22 10:30:46 [http-nio-8081-exec-3] DEBUG org.hibernate.SQL - 
    select
        tk1_0.id,
        tk1_0.anh,
        tk1_0.cccd,
        tk1_0.email,
        tk1_0.ho_ten,
        tk1_0.khoa_den,
        tk1_0.lan_dang_nhap_cuoi,
        tk1_0.mat_khau,
        tk1_0.ngay_cap_nhat,
        tk1_0.ngay_tao,
        tk1_0.nguoi_tao_id,
        tk1_0.so_dien_thoai,
        tk1_0.so_lan_dang_nhap_sai,
        tk1_0.ten_dang_nhap,
        tk1_0.trang_thai,
        tk1_0.vai_tro_id 
    from
        tai_khoan tk1_0 
    where
        tk1_0.ten_dang_nhap=?
2026-07-22 10:30:46 [http-nio-8081-exec-3] TRACE org.hibernate.orm.jdbc.bind - binding parameter (1:VARCHAR) <- [admin]
2026-07-22 10:30:46 [http-nio-8081-exec-3] DEBUG org.hibernate.SQL - 
    select
        vt1_0.id,
        vt1_0.ma_vai_tro,
        vt1_0.mo_ta,
        vt1_0.ngay_cap_nhat,
        vt1_0.ngay_tao,
        vt1_0.ten_vai_tro,
        vt1_0.trang_thai 
    from
        vai_tro vt1_0 
    where
        vt1_0.id=?
2026-07-22 10:30:46 [http-nio-8081-exec-3] TRACE org.hibernate.orm.jdbc.bind - binding parameter (1:INTEGER) <- [4]
2026-07-22 10:30:47 [http-nio-8081-exec-4] DEBUG org.hibernate.SQL - 
    select
        gv1_0.magv,
        gv1_0.cccd,
        gv1_0.diachi,
        gv1_0.email,
        gv1_0.gioitinh,
        gv1_0.hangday,
        gv1_0.hoten,
        gv1_0.ngaysinh,
        gv1_0.sodienthoai 
    from
        giao_vien gv1_0 
    where
        gv1_0.magv=?
2026-07-22 10:30:47 [http-nio-8081-exec-4] TRACE org.hibernate.orm.jdbc.bind - binding parameter (1:INTEGER) <- [1]
2026-07-22 10:30:47 [http-nio-8081-exec-4] DEBUG org.hibernate.SQL - 
    SELECT
        DISTINCT hv.mahv,
        hv.hoten,
        hv.ngaysinh,
        hv.gioitinh,
        hv.cccd,
        hv.sodienthoai,
        hv.email,
        hv.diachi,
        hv.ngaydangky 
    FROM
        hoc_vien hv 
    JOIN
        dang_ky_khoa_hoc dk 
            ON hv.mahv = dk.mahv 
    JOIN
        khoa_hoc kh 
            ON dk.makh = kh.makh 
    JOIN
        lop_hoc lh 
            ON kh.makh = lh.makh 
    WHERE
        lh.magv = ?
2026-07-22 10:30:47 [http-nio-8081-exec-4] TRACE org.hibernate.orm.jdbc.bind - binding parameter (1:INTEGER) <- [1]
2026-07-22 10:30:47 [http-nio-8081-exec-4] DEBUG org.hibernate.SQL - 
    select
        distinct hv1_0.mahv,
        hv1_0.cccd,
        hv1_0.diachi,
        hv1_0.email,
        hv1_0.gioitinh,
        hv1_0.hoten,
        hv1_0.ngaydangky,
        hv1_0.ngaysinh,
        hv1_0.sodienthoai 
    from
        phan_cong pc1_0 
    join
        hoc_vien hv1_0 
            on hv1_0.mahv=pc1_0.mahv 
    where
        pc1_0.magv=?
2026-07-22 10:30:47 [http-nio-8081-exec-4] TRACE org.hibernate.orm.jdbc.bind - binding parameter (1:INTEGER) <- [1]
2026-07-22 10:31:15 [MessageBroker-1] INFO  o.s.w.s.c.WebSocketMessageBrokerStats - WebSocketSession[0 current WS(0)-HttpStream(0)-HttpPoll(0), 0 total, 0 closed abnormally (0 connect failure, 0 send limit, 0 transport error)], stompSubProtocol[processed CONNECT(0)-CONNECTED(0)-DISCONNECT(0)], stompBrokerRelay[null], inboundChannel[pool size = 0, active threads = 0, queued tasks = 0, completed tasks = 0], outboundChannel[pool size = 0, active threads = 0, queued tasks = 0, completed tasks = 0], sockJsScheduler[pool size = 1, active threads = 1, queued tasks = 0, completed tasks = 0]
2026-07-22 10:31:29 [http-nio-8081-exec-7] DEBUG org.hibernate.SQL - 
    select
        gv1_0.magv,
        gv1_0.cccd,
        gv1_0.diachi,
        gv1_0.email,
        gv1_0.gioitinh,
        gv1_0.hangday,
        gv1_0.hoten,
        gv1_0.ngaysinh,
        gv1_0.sodienthoai 
    from
        giao_vien gv1_0
2026-07-22 10:31:32 [http-nio-8081-exec-6] DEBUG org.hibernate.SQL - 
    select
        gv1_0.magv,
        gv1_0.cccd,
        gv1_0.diachi,
        gv1_0.email,
        gv1_0.gioitinh,
        gv1_0.hangday,
        gv1_0.hoten,
        gv1_0.ngaysinh,
        gv1_0.sodienthoai 
    from
        giao_vien gv1_0 
    where
        gv1_0.magv=?
2026-07-22 10:31:32 [http-nio-8081-exec-6] TRACE org.hibernate.orm.jdbc.bind - binding parameter (1:INTEGER) <- [1]
2026-07-22 10:31:32 [http-nio-8081-exec-6] DEBUG org.hibernate.SQL - 
    SELECT
        DISTINCT hv.mahv,
        hv.hoten,
        hv.ngaysinh,
        hv.gioitinh,
        hv.cccd,
        hv.sodienthoai,
        hv.email,
        hv.diachi,
        hv.ngaydangky 
    FROM
        hoc_vien hv 
    JOIN
        dang_ky_khoa_hoc dk 
            ON hv.mahv = dk.mahv 
    JOIN
        khoa_hoc kh 
            ON dk.makh = kh.makh 
    JOIN
        lop_hoc lh 
            ON kh.makh = lh.makh 
    WHERE
        lh.magv = ?
2026-07-22 10:31:32 [http-nio-8081-exec-6] TRACE org.hibernate.orm.jdbc.bind - binding parameter (1:INTEGER) <- [1]
2026-07-22 10:31:32 [http-nio-8081-exec-6] DEBUG org.hibernate.SQL - 
    select
        distinct hv1_0.mahv,
        hv1_0.cccd,
        hv1_0.diachi,
        hv1_0.email,
        hv1_0.gioitinh,
        hv1_0.hoten,
        hv1_0.ngaydangky,
        hv1_0.ngaysinh,
        hv1_0.sodienthoai 
    from
        phan_cong pc1_0 
    join
        hoc_vien hv1_0 
            on hv1_0.mahv=pc1_0.mahv 
    where
        pc1_0.magv=?
2026-07-22 10:31:32 [http-nio-8081-exec-6] TRACE org.hibernate.orm.jdbc.bind - binding parameter (1:INTEGER) <- [1]
2026-07-22 10:31:49 [http-nio-8081-exec-5] DEBUG org.hibernate.SQL - 
    select
        cth1_0.macth,
        cth1_0.hangbang,
        cth1_0.hocphi,
        cth1_0.sobuoilythuyet,
        cth1_0.sobuoithuchanh,
        cth1_0.tenchuongtrinh 
    from
        chuong_trinh_hoc cth1_0
2026-07-22 10:31:51 [http-nio-8081-exec-9] DEBUG org.hibernate.SQL - 
    select
        kh1_0.makh,
        kh1_0.macth,
        kh1_0.ngaybatdau,
        kh1_0.ngayketthuc,
        kh1_0.tenkhoahoc,
        kh1_0.trangthai 
    from
        khoa_hoc kh1_0
2026-07-22 10:31:51 [http-nio-8081-exec-9] DEBUG org.hibernate.SQL - 
    select
        cth1_0.macth,
        cth1_0.hangbang,
        cth1_0.hocphi,
        cth1_0.sobuoilythuyet,
        cth1_0.sobuoithuchanh,
        cth1_0.tenchuongtrinh 
    from
        chuong_trinh_hoc cth1_0 
    where
        cth1_0.macth=?
2026-07-22 10:31:51 [http-nio-8081-exec-10] DEBUG org.hibernate.SQL - 
    select
        cth1_0.macth,
        cth1_0.hangbang,
        cth1_0.hocphi,
        cth1_0.sobuoilythuyet,
        cth1_0.sobuoithuchanh,
        cth1_0.tenchuongtrinh 
    from
        chuong_trinh_hoc cth1_0
2026-07-22 10:31:51 [http-nio-8081-exec-9] TRACE org.hibernate.orm.jdbc.bind - binding parameter (1:INTEGER) <- [1]
2026-07-22 10:31:51 [http-nio-8081-exec-9] DEBUG org.hibernate.SQL - 
    select
        cth1_0.macth,
        cth1_0.hangbang,
        cth1_0.hocphi,
        cth1_0.sobuoilythuyet,
        cth1_0.sobuoithuchanh,
        cth1_0.tenchuongtrinh 
    from
        chuong_trinh_hoc cth1_0 
    where
        cth1_0.macth=?
2026-07-22 10:31:51 [http-nio-8081-exec-9] TRACE org.hibernate.orm.jdbc.bind - binding parameter (1:INTEGER) <- [2]
2026-07-22 10:31:54 [http-nio-8081-exec-1] DEBUG org.hibernate.SQL - 
    select
        hv1_0.mahv,
        hv1_0.cccd,
        hv1_0.diachi,
        hv1_0.email,
        hv1_0.gioitinh,
        hv1_0.hoten,
        hv1_0.ngaydangky,
        hv1_0.ngaysinh,
        hv1_0.sodienthoai 
    from
        hoc_vien hv1_0
2026-07-22 10:31:54 [http-nio-8081-exec-2] DEBUG org.hibernate.SQL - 
    select
        kh1_0.makh,
        kh1_0.macth,
        kh1_0.ngaybatdau,
        kh1_0.ngayketthuc,
        kh1_0.tenkhoahoc,
        kh1_0.trangthai 
    from
        khoa_hoc kh1_0
2026-07-22 10:31:54 [http-nio-8081-exec-2] DEBUG org.hibernate.SQL - 
    select
        cth1_0.macth,
        cth1_0.hangbang,
        cth1_0.hocphi,
        cth1_0.sobuoilythuyet,
        cth1_0.sobuoithuchanh,
        cth1_0.tenchuongtrinh 
    from
        chuong_trinh_hoc cth1_0 
    where
        cth1_0.macth=?
2026-07-22 10:31:54 [http-nio-8081-exec-2] TRACE org.hibernate.orm.jdbc.bind - binding parameter (1:INTEGER) <- [1]
2026-07-22 10:31:54 [http-nio-8081-exec-2] DEBUG org.hibernate.SQL - 
    select
        cth1_0.macth,
        cth1_0.hangbang,
        cth1_0.hocphi,
        cth1_0.sobuoilythuyet,
        cth1_0.sobuoithuchanh,
        cth1_0.tenchuongtrinh 
    from
        chuong_trinh_hoc cth1_0 
    where
        cth1_0.macth=?
2026-07-22 10:31:54 [http-nio-8081-exec-2] TRACE org.hibernate.orm.jdbc.bind - binding parameter (1:INTEGER) <- [2]
2026-07-22 10:31:54 [http-nio-8081-exec-3] DEBUG org.hibernate.SQL - 
    select
        dkkh1_0.madk,
        dkkh1_0.mahv,
        dkkh1_0.makh,
        dkkh1_0.ngaydangky,
        dkkh1_0.trangthai 
    from
        dang_ky_khoa_hoc dkkh1_0
2026-07-22 10:31:54 [http-nio-8081-exec-3] DEBUG org.hibernate.SQL - 
    select
        hv1_0.mahv,
        hv1_0.cccd,
        hv1_0.diachi,
        hv1_0.email,
        hv1_0.gioitinh,
        hv1_0.hoten,
        hv1_0.ngaydangky,
        hv1_0.ngaysinh,
        hv1_0.sodienthoai 
    from
        hoc_vien hv1_0 
    where
        hv1_0.mahv=?
2026-07-22 10:31:54 [http-nio-8081-exec-3] TRACE org.hibernate.orm.jdbc.bind - binding parameter (1:INTEGER) <- [1]
2026-07-22 10:31:54 [http-nio-8081-exec-3] DEBUG org.hibernate.SQL - 
    select
        kh1_0.makh,
        cth1_0.macth,
        cth1_0.hangbang,
        cth1_0.hocphi,
        cth1_0.sobuoilythuyet,
        cth1_0.sobuoithuchanh,
        cth1_0.tenchuongtrinh,
        kh1_0.ngaybatdau,
        kh1_0.ngayketthuc,
        kh1_0.tenkhoahoc,
        kh1_0.trangthai 
    from
        khoa_hoc kh1_0 
    left join
        chuong_trinh_hoc cth1_0 
            on cth1_0.macth=kh1_0.macth 
    where
        kh1_0.makh=?
2026-07-22 10:31:54 [http-nio-8081-exec-3] TRACE org.hibernate.orm.jdbc.bind - binding parameter (1:INTEGER) <- [1]
2026-07-22 10:31:54 [http-nio-8081-exec-3] DEBUG org.hibernate.SQL - 
    select
        hv1_0.mahv,
        hv1_0.cccd,
        hv1_0.diachi,
        hv1_0.email,
        hv1_0.gioitinh,
        hv1_0.hoten,
        hv1_0.ngaydangky,
        hv1_0.ngaysinh,
        hv1_0.sodienthoai 
    from
        hoc_vien hv1_0 
    where
        hv1_0.mahv=?
2026-07-22 10:31:54 [http-nio-8081-exec-3] TRACE org.hibernate.orm.jdbc.bind - binding parameter (1:INTEGER) <- [2]
2026-07-22 10:31:54 [http-nio-8081-exec-3] DEBUG org.hibernate.SQL - 
    select
        hv1_0.mahv,
        hv1_0.cccd,
        hv1_0.diachi,
        hv1_0.email,
        hv1_0.gioitinh,
        hv1_0.hoten,
        hv1_0.ngaydangky,
        hv1_0.ngaysinh,
        hv1_0.sodienthoai 
    from
        hoc_vien hv1_0 
    where
        hv1_0.mahv=?
2026-07-22 10:31:54 [http-nio-8081-exec-3] TRACE org.hibernate.orm.jdbc.bind - binding parameter (1:INTEGER) <- [3]
2026-07-22 10:31:54 [http-nio-8081-exec-3] DEBUG org.hibernate.SQL - 
    select
        kh1_0.makh,
        cth1_0.macth,
        cth1_0.hangbang,
        cth1_0.hocphi,
        cth1_0.sobuoilythuyet,
        cth1_0.sobuoithuchanh,
        cth1_0.tenchuongtrinh,
        kh1_0.ngaybatdau,
        kh1_0.ngayketthuc,
        kh1_0.tenkhoahoc,
        kh1_0.trangthai 
    from
        khoa_hoc kh1_0 
    left join
        chuong_trinh_hoc cth1_0 
            on cth1_0.macth=kh1_0.macth 
    where
        kh1_0.makh=?
2026-07-22 10:31:54 [http-nio-8081-exec-3] TRACE org.hibernate.orm.jdbc.bind - binding parameter (1:INTEGER) <- [2]
2026-07-22 10:31:55 [http-nio-8081-exec-8] DEBUG org.hibernate.SQL - 
    select
        cth1_0.macth,
        cth1_0.hangbang,
        cth1_0.hocphi,
        cth1_0.sobuoilythuyet,
        cth1_0.sobuoithuchanh,
        cth1_0.tenchuongtrinh 
    from
        chuong_trinh_hoc cth1_0
2026-07-22 10:31:55 [http-nio-8081-exec-4] DEBUG org.hibernate.SQL - 
    select
        kh1_0.makh,
        kh1_0.macth,
        kh1_0.ngaybatdau,
        kh1_0.ngayketthuc,
        kh1_0.tenkhoahoc,
        kh1_0.trangthai 
    from
        khoa_hoc kh1_0
2026-07-22 10:31:55 [http-nio-8081-exec-4] DEBUG org.hibernate.SQL - 
    select
        cth1_0.macth,
        cth1_0.hangbang,
        cth1_0.hocphi,
        cth1_0.sobuoilythuyet,
        cth1_0.sobuoithuchanh,
        cth1_0.tenchuongtrinh 
    from
        chuong_trinh_hoc cth1_0 
    where
        cth1_0.macth=?
2026-07-22 10:31:55 [http-nio-8081-exec-4] TRACE org.hibernate.orm.jdbc.bind - binding parameter (1:INTEGER) <- [1]
2026-07-22 10:31:55 [http-nio-8081-exec-4] DEBUG org.hibernate.SQL - 
    select
        cth1_0.macth,
        cth1_0.hangbang,
        cth1_0.hocphi,
        cth1_0.sobuoilythuyet,
        cth1_0.sobuoithuchanh,
        cth1_0.tenchuongtrinh 
    from
        chuong_trinh_hoc cth1_0 
    where
        cth1_0.macth=?
2026-07-22 10:31:55 [http-nio-8081-exec-4] TRACE org.hibernate.orm.jdbc.bind - binding parameter (1:INTEGER) <- [2]
2026-07-22 10:36:00 [http-nio-8081-exec-5] DEBUG org.hibernate.SQL - 
    select
        kh1_0.makh,
        kh1_0.macth,
        kh1_0.ngaybatdau,
        kh1_0.ngayketthuc,
        kh1_0.tenkhoahoc,
        kh1_0.trangthai 
    from
        khoa_hoc kh1_0
2026-07-22 10:36:00 [http-nio-8081-exec-10] DEBUG org.hibernate.SQL - 
    select
        cth1_0.macth,
        cth1_0.hangbang,
        cth1_0.hocphi,
        cth1_0.sobuoilythuyet,
        cth1_0.sobuoithuchanh,
        cth1_0.tenchuongtrinh 
    from
        chuong_trinh_hoc cth1_0
2026-07-22 10:36:00 [http-nio-8081-exec-5] DEBUG org.hibernate.SQL - 
    select
        cth1_0.macth,
        cth1_0.hangbang,
        cth1_0.hocphi,
        cth1_0.sobuoilythuyet,
        cth1_0.sobuoithuchanh,
        cth1_0.tenchuongtrinh 
    from
        chuong_trinh_hoc cth1_0 
    where
        cth1_0.macth=?
2026-07-22 10:36:00 [http-nio-8081-exec-5] TRACE org.hibernate.orm.jdbc.bind - binding parameter (1:INTEGER) <- [1]
2026-07-22 10:36:00 [http-nio-8081-exec-5] DEBUG org.hibernate.SQL - 
    select
        cth1_0.macth,
        cth1_0.hangbang,
        cth1_0.hocphi,
        cth1_0.sobuoilythuyet,
        cth1_0.sobuoithuchanh,
        cth1_0.tenchuongtrinh 
    from
        chuong_trinh_hoc cth1_0 
    where
        cth1_0.macth=?
2026-07-22 10:36:00 [http-nio-8081-exec-5] TRACE org.hibernate.orm.jdbc.bind - binding parameter (1:INTEGER) <- [2]
2026-07-22 10:36:07 [http-nio-8081-exec-9] DEBUG org.hibernate.SQL - 
    select
        kh1_0.makh,
        kh1_0.macth,
        kh1_0.ngaybatdau,
        kh1_0.ngayketthuc,
        kh1_0.tenkhoahoc,
        kh1_0.trangthai 
    from
        khoa_hoc kh1_0
2026-07-22 10:36:07 [http-nio-8081-exec-1] DEBUG org.hibernate.SQL - 
    select
        cth1_0.macth,
        cth1_0.hangbang,
        cth1_0.hocphi,
        cth1_0.sobuoilythuyet,
        cth1_0.sobuoithuchanh,
        cth1_0.tenchuongtrinh 
    from
        chuong_trinh_hoc cth1_0
2026-07-22 10:36:07 [http-nio-8081-exec-9] DEBUG org.hibernate.SQL - 
    select
        cth1_0.macth,
        cth1_0.hangbang,
        cth1_0.hocphi,
        cth1_0.sobuoilythuyet,
        cth1_0.sobuoithuchanh,
        cth1_0.tenchuongtrinh 
    from
        chuong_trinh_hoc cth1_0 
    where
        cth1_0.macth=?
2026-07-22 10:36:07 [http-nio-8081-exec-9] TRACE org.hibernate.orm.jdbc.bind - binding parameter (1:INTEGER) <- [1]
2026-07-22 10:36:07 [http-nio-8081-exec-9] DEBUG org.hibernate.SQL - 
    select
        cth1_0.macth,
        cth1_0.hangbang,
        cth1_0.hocphi,
        cth1_0.sobuoilythuyet,
        cth1_0.sobuoithuchanh,
        cth1_0.tenchuongtrinh 
    from
        chuong_trinh_hoc cth1_0 
    where
        cth1_0.macth=?
2026-07-22 10:36:07 [http-nio-8081-exec-9] TRACE org.hibernate.orm.jdbc.bind - binding parameter (1:INTEGER) <- [2]
2026-07-22 10:36:45 [main] INFO  o.e.d.DatnNhom3BackendApplication - Starting DatnNhom3BackendApplication using Java 17.0.19 with PID 11020 (D:\DATN_NHOM3\DATN_NHOM3_BACKEND\target\classes started by n2450 in D:\DATN_NHOM3\DATN_NHOM3_BACKEND)
2026-07-22 10:36:45 [main] DEBUG o.e.d.DatnNhom3BackendApplication - Running with Spring Boot v3.3.5, Spring v6.1.14
2026-07-22 10:36:45 [main] INFO  o.e.d.DatnNhom3BackendApplication - No active profile set, falling back to 1 default profile: "default"
2026-07-22 10:36:46 [main] INFO  o.s.d.r.c.RepositoryConfigurationDelegate - Bootstrapping Spring Data JPA repositories in DEFAULT mode.
2026-07-22 10:36:46 [main] INFO  o.s.d.r.c.RepositoryConfigurationDelegate - Finished Spring Data repository scanning in 118 ms. Found 31 JPA repository interfaces.
2026-07-22 10:36:46 [main] INFO  o.s.b.w.e.tomcat.TomcatWebServer - Tomcat initialized with port 8081 (http)
2026-07-22 10:36:46 [main] INFO  o.a.catalina.core.StandardService - Starting service [Tomcat]
2026-07-22 10:36:46 [main] INFO  o.a.catalina.core.StandardEngine - Starting Servlet engine: [Apache Tomcat/10.1.31]
2026-07-22 10:36:46 [main] INFO  o.a.c.c.C.[Tomcat].[localhost].[/] - Initializing Spring embedded WebApplicationContext
2026-07-22 10:36:46 [main] INFO  o.s.b.w.s.c.ServletWebServerApplicationContext - Root WebApplicationContext: initialization completed in 1373 ms
2026-07-22 10:36:47 [main] INFO  o.h.jpa.internal.util.LogHelper - HHH000204: Processing PersistenceUnitInfo [name: default]
2026-07-22 10:36:47 [main] INFO  org.hibernate.Version - HHH000412: Hibernate ORM core version 6.5.3.Final
2026-07-22 10:36:47 [main] INFO  o.h.c.i.RegionFactoryInitiator - HHH000026: Second-level cache disabled
2026-07-22 10:36:47 [main] INFO  o.s.o.j.p.SpringPersistenceUnitInfo - No LoadTimeWeaver setup: ignoring JPA class transformer
2026-07-22 10:36:47 [main] INFO  com.zaxxer.hikari.HikariDataSource - DATN-HikariPool - Starting...
2026-07-22 10:36:47 [main] INFO  com.zaxxer.hikari.pool.HikariPool - DATN-HikariPool - Added connection ConnectionID:1 ClientConnectionId: 0010a1db-f4ec-45f5-8d80-4fc7e20824d5
2026-07-22 10:36:47 [main] INFO  com.zaxxer.hikari.HikariDataSource - DATN-HikariPool - Start completed.
2026-07-22 10:36:47 [main] WARN  org.hibernate.orm.deprecation - HHH90000025: SQLServerDialect does not need to be specified explicitly using 'hibernate.dialect' (remove the property setting and it will be selected by default)
2026-07-22 10:36:49 [main] INFO  o.h.e.t.j.p.i.JtaPlatformInitiator - HHH000489: No JTA platform available (set 'hibernate.transaction.jta.platform' to enable JTA platform integration)
2026-07-22 10:36:49 [main] DEBUG org.hibernate.SQL - 
    alter table hoc_vien 
       alter column cccd NVARCHAR(20)
2026-07-22 10:36:49 [main] DEBUG org.hibernate.SQL - 
    alter table hoc_vien 
       alter column email NVARCHAR(100)
2026-07-22 10:36:49 [main] DEBUG org.hibernate.SQL - 
    alter table hoc_vien 
       alter column gioitinh NVARCHAR(10)
2026-07-22 10:36:49 [main] DEBUG org.hibernate.SQL - 
    alter table hoc_vien 
       alter column hoten NVARCHAR(100)
2026-07-22 10:36:49 [main] DEBUG org.hibernate.SQL - 
    alter table hoc_vien 
       alter column sodienthoai NVARCHAR(15)
2026-07-22 10:36:49 [main] DEBUG org.hibernate.SQL - 
    alter table lich_su_bao_tri_xe 
       alter column mo_ta NVARCHAR(MAX)
2026-07-22 10:36:49 [main] INFO  o.s.o.j.LocalContainerEntityManagerFactoryBean - Initialized JPA EntityManagerFactory for persistence unit 'default'
2026-07-22 10:36:50 [main] INFO  o.s.d.j.r.query.QueryEnhancerFactory - Hibernate is in classpath; If applicable, HQL parser will be used.
2026-07-22 10:36:50 [main] INFO  o.s.s.c.a.a.c.InitializeUserDetailsBeanManagerConfigurer$InitializeUserDetailsManagerConfigurer - Global AuthenticationManager configured with UserDetailsService bean with name customUserDetailsService
2026-07-22 10:36:50 [main] INFO  o.s.b.a.w.s.WelcomePageHandlerMapping - Adding welcome page: class path resource [static/index.html]
2026-07-22 10:36:51 [main] INFO  o.s.b.w.e.tomcat.TomcatWebServer - Tomcat started on port 8081 (http) with context path '/'
2026-07-22 10:36:51 [main] INFO  o.s.m.s.b.SimpleBrokerMessageHandler - Starting...
2026-07-22 10:36:51 [main] INFO  o.s.m.s.b.SimpleBrokerMessageHandler - BrokerAvailabilityEvent[available=true, SimpleBrokerMessageHandler [org.springframework.messaging.simp.broker.DefaultSubscriptionRegistry@780a021b]]
2026-07-22 10:36:51 [main] INFO  o.s.m.s.b.SimpleBrokerMessageHandler - Started.
2026-07-22 10:36:51 [main] INFO  o.e.d.DatnNhom3BackendApplication - Started DatnNhom3BackendApplication in 6.078 seconds (process running for 6.361)
2026-07-22 10:36:51 [main] DEBUG org.hibernate.SQL - 
    select
        vt1_0.id,
        vt1_0.ma_vai_tro,
        vt1_0.mo_ta,
        vt1_0.ngay_cap_nhat,
        vt1_0.ngay_tao,
        vt1_0.ten_vai_tro,
        vt1_0.trang_thai 
    from
        vai_tro vt1_0 
    where
        vt1_0.ma_vai_tro=?
2026-07-22 10:36:51 [main] TRACE org.hibernate.orm.jdbc.bind - binding parameter (1:VARCHAR) <- [GV]
2026-07-22 10:36:51 [main] DEBUG org.hibernate.SQL - 
    select
        vt1_0.id,
        vt1_0.ma_vai_tro,
        vt1_0.mo_ta,
        vt1_0.ngay_cap_nhat,
        vt1_0.ngay_tao,
        vt1_0.ten_vai_tro,
        vt1_0.trang_thai 
    from
        vai_tro vt1_0 
    where
        vt1_0.ma_vai_tro=?
2026-07-22 10:36:51 [main] TRACE org.hibernate.orm.jdbc.bind - binding parameter (1:VARCHAR) <- [NV]
2026-07-22 10:36:51 [main] DEBUG org.hibernate.SQL - 
    select
        vt1_0.id,
        vt1_0.ma_vai_tro,
        vt1_0.mo_ta,
        vt1_0.ngay_cap_nhat,
        vt1_0.ngay_tao,
        vt1_0.ten_vai_tro,
        vt1_0.trang_thai 
    from
        vai_tro vt1_0 
    where
        vt1_0.ma_vai_tro=?
2026-07-22 10:36:51 [main] TRACE org.hibernate.orm.jdbc.bind - binding parameter (1:VARCHAR) <- [HV]
2026-07-22 10:36:51 [main] DEBUG org.hibernate.SQL - 
    select
        vt1_0.id,
        vt1_0.ma_vai_tro,
        vt1_0.mo_ta,
        vt1_0.ngay_cap_nhat,
        vt1_0.ngay_tao,
        vt1_0.ten_vai_tro,
        vt1_0.trang_thai 
    from
        vai_tro vt1_0 
    where
        vt1_0.ma_vai_tro=?
2026-07-22 10:36:51 [main] TRACE org.hibernate.orm.jdbc.bind - binding parameter (1:VARCHAR) <- [ADMIN]
2026-07-22 10:36:51 [main] DEBUG org.hibernate.SQL - 
    select
        count_big(*) 
    from
        tai_khoan tk1_0
2026-07-22 10:36:51 [main] DEBUG org.hibernate.SQL - 
    select
        tk1_0.id,
        tk1_0.anh,
        tk1_0.cccd,
        tk1_0.email,
        tk1_0.ho_ten,
        tk1_0.khoa_den,
        tk1_0.lan_dang_nhap_cuoi,
        tk1_0.mat_khau,
        tk1_0.ngay_cap_nhat,
        tk1_0.ngay_tao,
        tk1_0.nguoi_tao_id,
        tk1_0.so_dien_thoai,
        tk1_0.so_lan_dang_nhap_sai,
        tk1_0.ten_dang_nhap,
        tk1_0.trang_thai,
        tk1_0.vai_tro_id 
    from
        tai_khoan tk1_0
2026-07-22 10:36:51 [main] DEBUG org.hibernate.SQL - 
    select
        vt1_0.id,
        vt1_0.ma_vai_tro,
        vt1_0.mo_ta,
        vt1_0.ngay_cap_nhat,
        vt1_0.ngay_tao,
        vt1_0.ten_vai_tro,
        vt1_0.trang_thai 
    from
        vai_tro vt1_0 
    where
        vt1_0.id=?
2026-07-22 10:36:51 [main] TRACE org.hibernate.orm.jdbc.bind - binding parameter (1:INTEGER) <- [4]
2026-07-22 10:36:51 [main] DEBUG org.hibernate.SQL - 
    select
        vt1_0.id,
        vt1_0.ma_vai_tro,
        vt1_0.mo_ta,
        vt1_0.ngay_cap_nhat,
        vt1_0.ngay_tao,
        vt1_0.ten_vai_tro,
        vt1_0.trang_thai 
    from
        vai_tro vt1_0 
    where
        vt1_0.id=?
2026-07-22 10:36:51 [main] TRACE org.hibernate.orm.jdbc.bind - binding parameter (1:INTEGER) <- [3]
2026-07-22 10:36:51 [main] DEBUG org.hibernate.SQL - 
    select
        vt1_0.id,
        vt1_0.ma_vai_tro,
        vt1_0.mo_ta,
        vt1_0.ngay_cap_nhat,
        vt1_0.ngay_tao,
        vt1_0.ten_vai_tro,
        vt1_0.trang_thai 
    from
        vai_tro vt1_0 
    where
        vt1_0.id=?
2026-07-22 10:36:51 [main] TRACE org.hibernate.orm.jdbc.bind - binding parameter (1:INTEGER) <- [2]
2026-07-22 10:36:51 [main] DEBUG org.hibernate.SQL - 
    select
        vt1_0.id,
        vt1_0.ma_vai_tro,
        vt1_0.mo_ta,
        vt1_0.ngay_cap_nhat,
        vt1_0.ngay_tao,
        vt1_0.ten_vai_tro,
        vt1_0.trang_thai 
    from
        vai_tro vt1_0 
    where
        vt1_0.id=?
2026-07-22 10:36:51 [main] TRACE org.hibernate.orm.jdbc.bind - binding parameter (1:INTEGER) <- [1]
2026-07-22 10:37:13 [http-nio-8081-exec-1] INFO  o.a.c.c.C.[Tomcat].[localhost].[/] - Initializing Spring DispatcherServlet 'dispatcherServlet'
2026-07-22 10:37:13 [http-nio-8081-exec-1] INFO  o.s.web.servlet.DispatcherServlet - Initializing Servlet 'dispatcherServlet'
2026-07-22 10:37:13 [http-nio-8081-exec-1] INFO  o.s.web.servlet.DispatcherServlet - Completed initialization in 0 ms
2026-07-22 10:37:22 [http-nio-8081-exec-2] DEBUG org.hibernate.SQL - 
    select
        tk1_0.id,
        tk1_0.anh,
        tk1_0.cccd,
        tk1_0.email,
        tk1_0.ho_ten,
        tk1_0.khoa_den,
        tk1_0.lan_dang_nhap_cuoi,
        tk1_0.mat_khau,
        tk1_0.ngay_cap_nhat,
        tk1_0.ngay_tao,
        tk1_0.nguoi_tao_id,
        tk1_0.so_dien_thoai,
        tk1_0.so_lan_dang_nhap_sai,
        tk1_0.ten_dang_nhap,
        tk1_0.trang_thai,
        tk1_0.vai_tro_id 
    from
        tai_khoan tk1_0 
    where
        tk1_0.ten_dang_nhap=?
2026-07-22 10:37:22 [http-nio-8081-exec-2] TRACE org.hibernate.orm.jdbc.bind - binding parameter (1:VARCHAR) <- [admin]
2026-07-22 10:37:22 [http-nio-8081-exec-2] DEBUG org.hibernate.SQL - 
    select
        vt1_0.id,
        vt1_0.ma_vai_tro,
        vt1_0.mo_ta,
        vt1_0.ngay_cap_nhat,
        vt1_0.ngay_tao,
        vt1_0.ten_vai_tro,
        vt1_0.trang_thai 
    from
        vai_tro vt1_0 
    where
        vt1_0.id=?
2026-07-22 10:37:22 [http-nio-8081-exec-2] TRACE org.hibernate.orm.jdbc.bind - binding parameter (1:INTEGER) <- [4]
2026-07-22 10:37:22 [http-nio-8081-exec-2] DEBUG org.hibernate.SQL - 
    select
        tk1_0.id,
        tk1_0.anh,
        tk1_0.cccd,
        tk1_0.email,
        tk1_0.ho_ten,
        tk1_0.khoa_den,
        tk1_0.lan_dang_nhap_cuoi,
        tk1_0.mat_khau,
        tk1_0.ngay_cap_nhat,
        tk1_0.ngay_tao,
        tk1_0.nguoi_tao_id,
        tk1_0.so_dien_thoai,
        tk1_0.so_lan_dang_nhap_sai,
        tk1_0.ten_dang_nhap,
        tk1_0.trang_thai,
        tk1_0.vai_tro_id 
    from
        tai_khoan tk1_0 
    where
        tk1_0.ten_dang_nhap=?
2026-07-22 10:37:22 [http-nio-8081-exec-2] TRACE org.hibernate.orm.jdbc.bind - binding parameter (1:VARCHAR) <- [admin]
2026-07-22 10:37:23 [http-nio-8081-exec-2] DEBUG org.hibernate.SQL - 
    select
        vt1_0.id,
        vt1_0.ma_vai_tro,
        vt1_0.mo_ta,
        vt1_0.ngay_cap_nhat,
        vt1_0.ngay_tao,
        vt1_0.ten_vai_tro,
        vt1_0.trang_thai 
    from
        vai_tro vt1_0 
    where
        vt1_0.id=?
2026-07-22 10:37:23 [http-nio-8081-exec-2] TRACE org.hibernate.orm.jdbc.bind - binding parameter (1:INTEGER) <- [4]
2026-07-22 10:37:25 [http-nio-8081-exec-4] DEBUG org.hibernate.SQL - 
    select
        kh1_0.makh,
        kh1_0.macth,
        kh1_0.ngaybatdau,
        kh1_0.ngayketthuc,
        kh1_0.tenkhoahoc,
        kh1_0.trangthai 
    from
        khoa_hoc kh1_0
2026-07-22 10:37:25 [http-nio-8081-exec-4] DEBUG org.hibernate.SQL - 
    select
        cth1_0.macth,
        cth1_0.hangbang,
        cth1_0.hocphi,
        cth1_0.sobuoilythuyet,
        cth1_0.sobuoithuchanh,
        cth1_0.tenchuongtrinh 
    from
        chuong_trinh_hoc cth1_0 
    where
        cth1_0.macth=?
2026-07-22 10:37:25 [http-nio-8081-exec-4] TRACE org.hibernate.orm.jdbc.bind - binding parameter (1:INTEGER) <- [1]
2026-07-22 10:37:25 [http-nio-8081-exec-4] DEBUG org.hibernate.SQL - 
    select
        cth1_0.macth,
        cth1_0.hangbang,
        cth1_0.hocphi,
        cth1_0.sobuoilythuyet,
        cth1_0.sobuoithuchanh,
        cth1_0.tenchuongtrinh 
    from
        chuong_trinh_hoc cth1_0 
    where
        cth1_0.macth=?
2026-07-22 10:37:25 [http-nio-8081-exec-4] TRACE org.hibernate.orm.jdbc.bind - binding parameter (1:INTEGER) <- [2]
2026-07-22 10:37:25 [http-nio-8081-exec-4] DEBUG org.hibernate.SQL - 
    select
        count_big(dkkh1_0.madk) 
    from
        dang_ky_khoa_hoc dkkh1_0 
    where
        dkkh1_0.makh=?
2026-07-22 10:37:25 [http-nio-8081-exec-4] TRACE org.hibernate.orm.jdbc.bind - binding parameter (1:INTEGER) <- [1]
2026-07-22 10:37:25 [http-nio-8081-exec-4] DEBUG org.hibernate.SQL - 
    select
        count_big(dkkh1_0.madk) 
    from
        dang_ky_khoa_hoc dkkh1_0 
    where
        dkkh1_0.makh=?
2026-07-22 10:37:25 [http-nio-8081-exec-4] TRACE org.hibernate.orm.jdbc.bind - binding parameter (1:INTEGER) <- [2]
2026-07-22 10:37:51 [MessageBroker-1] INFO  o.s.w.s.c.WebSocketMessageBrokerStats - WebSocketSession[0 current WS(0)-HttpStream(0)-HttpPoll(0), 0 total, 0 closed abnormally (0 connect failure, 0 send limit, 0 transport error)], stompSubProtocol[processed CONNECT(0)-CONNECTED(0)-DISCONNECT(0)], stompBrokerRelay[null], inboundChannel[pool size = 0, active threads = 0, queued tasks = 0, completed tasks = 0], outboundChannel[pool size = 0, active threads = 0, queued tasks = 0, completed tasks = 0], sockJsScheduler[pool size = 1, active threads = 1, queued tasks = 0, completed tasks = 0]
2026-07-22 10:38:32 [http-nio-8081-exec-10] DEBUG org.hibernate.SQL - 
    select
        cth1_0.macth,
        cth1_0.hangbang,
        cth1_0.hocphi,
        cth1_0.sobuoilythuyet,
        cth1_0.sobuoithuchanh,
        cth1_0.tenchuongtrinh 
    from
        chuong_trinh_hoc cth1_0
2026-07-22 10:38:32 [http-nio-8081-exec-6] DEBUG org.hibernate.SQL - 
    select
        kh1_0.makh,
        kh1_0.macth,
        kh1_0.ngaybatdau,
        kh1_0.ngayketthuc,
        kh1_0.tenkhoahoc,
        kh1_0.trangthai 
    from
        khoa_hoc kh1_0
2026-07-22 10:38:32 [http-nio-8081-exec-6] DEBUG org.hibernate.SQL - 
    select
        cth1_0.macth,
        cth1_0.hangbang,
        cth1_0.hocphi,
        cth1_0.sobuoilythuyet,
        cth1_0.sobuoithuchanh,
        cth1_0.tenchuongtrinh 
    from
        chuong_trinh_hoc cth1_0 
    where
        cth1_0.macth=?
2026-07-22 10:38:32 [http-nio-8081-exec-6] TRACE org.hibernate.orm.jdbc.bind - binding parameter (1:INTEGER) <- [1]
2026-07-22 10:38:32 [http-nio-8081-exec-6] DEBUG org.hibernate.SQL - 
    select
        cth1_0.macth,
        cth1_0.hangbang,
        cth1_0.hocphi,
        cth1_0.sobuoilythuyet,
        cth1_0.sobuoithuchanh,
        cth1_0.tenchuongtrinh 
    from
        chuong_trinh_hoc cth1_0 
    where
        cth1_0.macth=?
2026-07-22 10:38:32 [http-nio-8081-exec-6] TRACE org.hibernate.orm.jdbc.bind - binding parameter (1:INTEGER) <- [2]
2026-07-22 10:38:32 [http-nio-8081-exec-6] DEBUG org.hibernate.SQL - 
    select
        count_big(dkkh1_0.madk) 
    from
        dang_ky_khoa_hoc dkkh1_0 
    where
        dkkh1_0.makh=?
2026-07-22 10:38:32 [http-nio-8081-exec-6] TRACE org.hibernate.orm.jdbc.bind - binding parameter (1:INTEGER) <- [1]
2026-07-22 10:38:32 [http-nio-8081-exec-6] DEBUG org.hibernate.SQL - 
    select
        count_big(dkkh1_0.madk) 
    from
        dang_ky_khoa_hoc dkkh1_0 
    where
        dkkh1_0.makh=?
2026-07-22 10:38:32 [http-nio-8081-exec-6] TRACE org.hibernate.orm.jdbc.bind - binding parameter (1:INTEGER) <- [2]
2026-07-22 10:38:38 [http-nio-8081-exec-1] DEBUG org.hibernate.SQL - 
    select
        kh1_0.makh,
        kh1_0.macth,
        kh1_0.ngaybatdau,
        kh1_0.ngayketthuc,
        kh1_0.tenkhoahoc,
        kh1_0.trangthai 
    from
        khoa_hoc kh1_0
2026-07-22 10:38:38 [http-nio-8081-exec-7] DEBUG org.hibernate.SQL - 
    select
        cth1_0.macth,
        cth1_0.hangbang,
        cth1_0.hocphi,
        cth1_0.sobuoilythuyet,
        cth1_0.sobuoithuchanh,
        cth1_0.tenchuongtrinh 
    from
        chuong_trinh_hoc cth1_0
2026-07-22 10:38:38 [http-nio-8081-exec-1] DEBUG org.hibernate.SQL - 
    select
        cth1_0.macth,
        cth1_0.hangbang,
        cth1_0.hocphi,
        cth1_0.sobuoilythuyet,
        cth1_0.sobuoithuchanh,
        cth1_0.tenchuongtrinh 
    from
        chuong_trinh_hoc cth1_0 
    where
        cth1_0.macth=?
2026-07-22 10:38:38 [http-nio-8081-exec-1] TRACE org.hibernate.orm.jdbc.bind - binding parameter (1:INTEGER) <- [1]
2026-07-22 10:38:38 [http-nio-8081-exec-1] DEBUG org.hibernate.SQL - 
    select
        cth1_0.macth,
        cth1_0.hangbang,
        cth1_0.hocphi,
        cth1_0.sobuoilythuyet,
        cth1_0.sobuoithuchanh,
        cth1_0.tenchuongtrinh 
    from
        chuong_trinh_hoc cth1_0 
    where
        cth1_0.macth=?
2026-07-22 10:38:38 [http-nio-8081-exec-1] TRACE org.hibernate.orm.jdbc.bind - binding parameter (1:INTEGER) <- [2]
2026-07-22 10:38:38 [http-nio-8081-exec-1] DEBUG org.hibernate.SQL - 
    select
        count_big(dkkh1_0.madk) 
    from
        dang_ky_khoa_hoc dkkh1_0 
    where
        dkkh1_0.makh=?
2026-07-22 10:38:38 [http-nio-8081-exec-1] TRACE org.hibernate.orm.jdbc.bind - binding parameter (1:INTEGER) <- [1]
2026-07-22 10:38:38 [http-nio-8081-exec-1] DEBUG org.hibernate.SQL - 
    select
        count_big(dkkh1_0.madk) 
    from
        dang_ky_khoa_hoc dkkh1_0 
    where
        dkkh1_0.makh=?
2026-07-22 10:38:38 [http-nio-8081-exec-1] TRACE org.hibernate.orm.jdbc.bind - binding parameter (1:INTEGER) <- [2]
2026-07-22 10:38:57 [http-nio-8081-exec-2] DEBUG org.hibernate.SQL - 
    select
        kh1_0.makh,
        cth1_0.macth,
        cth1_0.hangbang,
        cth1_0.hocphi,
        cth1_0.sobuoilythuyet,
        cth1_0.sobuoithuchanh,
        cth1_0.tenchuongtrinh,
        kh1_0.ngaybatdau,
        kh1_0.ngayketthuc,
        kh1_0.tenkhoahoc,
        kh1_0.trangthai 
    from
        khoa_hoc kh1_0 
    left join
        chuong_trinh_hoc cth1_0 
            on cth1_0.macth=kh1_0.macth 
    where
        kh1_0.makh=?
2026-07-22 10:38:57 [http-nio-8081-exec-2] TRACE org.hibernate.orm.jdbc.bind - binding parameter (1:INTEGER) <- [1]
2026-07-22 10:38:57 [http-nio-8081-exec-2] DEBUG org.hibernate.SQL - 
    update
        khoa_hoc 
    set
        macth=?,
        ngaybatdau=?,
        ngayketthuc=?,
        tenkhoahoc=?,
        trangthai=? 
    where
        makh=?
2026-07-22 10:38:57 [http-nio-8081-exec-2] TRACE org.hibernate.orm.jdbc.bind - binding parameter (1:INTEGER) <- [null]
2026-07-22 10:38:57 [http-nio-8081-exec-2] TRACE org.hibernate.orm.jdbc.bind - binding parameter (2:DATE) <- [2026-07-01]
2026-07-22 10:38:57 [http-nio-8081-exec-2] TRACE org.hibernate.orm.jdbc.bind - binding parameter (3:DATE) <- [2026-12-31]
2026-07-22 10:38:57 [http-nio-8081-exec-2] TRACE org.hibernate.orm.jdbc.bind - binding parameter (4:VARCHAR) <- [Khóa B2 - Tháng 7/2026]
2026-07-22 10:38:57 [http-nio-8081-exec-2] TRACE org.hibernate.orm.jdbc.bind - binding parameter (5:VARCHAR) <- [Đang mở]
2026-07-22 10:38:57 [http-nio-8081-exec-2] TRACE org.hibernate.orm.jdbc.bind - binding parameter (6:INTEGER) <- [1]
2026-07-22 10:38:58 [http-nio-8081-exec-4] DEBUG org.hibernate.SQL - 
    select
        kh1_0.makh,
        kh1_0.macth,
        kh1_0.ngaybatdau,
        kh1_0.ngayketthuc,
        kh1_0.tenkhoahoc,
        kh1_0.trangthai 
    from
        khoa_hoc kh1_0
2026-07-22 10:38:58 [http-nio-8081-exec-4] DEBUG org.hibernate.SQL - 
    select
        cth1_0.macth,
        cth1_0.hangbang,
        cth1_0.hocphi,
        cth1_0.sobuoilythuyet,
        cth1_0.sobuoithuchanh,
        cth1_0.tenchuongtrinh 
    from
        chuong_trinh_hoc cth1_0 
    where
        cth1_0.macth=?
2026-07-22 10:38:58 [http-nio-8081-exec-4] TRACE org.hibernate.orm.jdbc.bind - binding parameter (1:INTEGER) <- [2]
2026-07-22 10:38:58 [http-nio-8081-exec-4] DEBUG org.hibernate.SQL - 
    select
        count_big(dkkh1_0.madk) 
    from
        dang_ky_khoa_hoc dkkh1_0 
    where
        dkkh1_0.makh=?
2026-07-22 10:38:58 [http-nio-8081-exec-4] TRACE org.hibernate.orm.jdbc.bind - binding parameter (1:INTEGER) <- [1]
2026-07-22 10:38:58 [http-nio-8081-exec-4] DEBUG org.hibernate.SQL - 
    select
        count_big(dkkh1_0.madk) 
    from
        dang_ky_khoa_hoc dkkh1_0 
    where
        dkkh1_0.makh=?
2026-07-22 10:38:58 [http-nio-8081-exec-4] TRACE org.hibernate.orm.jdbc.bind - binding parameter (1:INTEGER) <- [2]
2026-07-22 10:39:05 [http-nio-8081-exec-5] DEBUG org.hibernate.SQL - 
    select
        hv1_0.mahv,
        hv1_0.cccd,
        hv1_0.diachi,
        hv1_0.email,
        hv1_0.gioitinh,
        hv1_0.hoten,
        hv1_0.ngaydangky,
        hv1_0.ngaysinh,
        hv1_0.sodienthoai 
    from
        hoc_vien hv1_0
2026-07-22 10:39:05 [http-nio-8081-exec-10] DEBUG org.hibernate.SQL - 
    select
        kh1_0.makh,
        kh1_0.macth,
        kh1_0.ngaybatdau,
        kh1_0.ngayketthuc,
        kh1_0.tenkhoahoc,
        kh1_0.trangthai 
    from
        khoa_hoc kh1_0
2026-07-22 10:39:05 [http-nio-8081-exec-10] DEBUG org.hibernate.SQL - 
    select
        cth1_0.macth,
        cth1_0.hangbang,
        cth1_0.hocphi,
        cth1_0.sobuoilythuyet,
        cth1_0.sobuoithuchanh,
        cth1_0.tenchuongtrinh 
    from
        chuong_trinh_hoc cth1_0 
    where
        cth1_0.macth=?
2026-07-22 10:39:05 [http-nio-8081-exec-10] TRACE org.hibernate.orm.jdbc.bind - binding parameter (1:INTEGER) <- [2]
2026-07-22 10:39:05 [http-nio-8081-exec-10] DEBUG org.hibernate.SQL - 
    select
        count_big(dkkh1_0.madk) 
    from
        dang_ky_khoa_hoc dkkh1_0 
    where
        dkkh1_0.makh=?
2026-07-22 10:39:05 [http-nio-8081-exec-10] TRACE org.hibernate.orm.jdbc.bind - binding parameter (1:INTEGER) <- [1]
2026-07-22 10:39:05 [http-nio-8081-exec-10] DEBUG org.hibernate.SQL - 
    select
        count_big(dkkh1_0.madk) 
    from
        dang_ky_khoa_hoc dkkh1_0 
    where
        dkkh1_0.makh=?
2026-07-22 10:39:05 [http-nio-8081-exec-10] TRACE org.hibernate.orm.jdbc.bind - binding parameter (1:INTEGER) <- [2]
2026-07-22 10:39:05 [http-nio-8081-exec-6] DEBUG org.hibernate.SQL - 
    select
        dkkh1_0.madk,
        dkkh1_0.mahv,
        dkkh1_0.makh,
        dkkh1_0.ngaydangky,
        dkkh1_0.trangthai 
    from
        dang_ky_khoa_hoc dkkh1_0
2026-07-22 10:39:05 [http-nio-8081-exec-6] DEBUG org.hibernate.SQL - 
    select
        hv1_0.mahv,
        hv1_0.cccd,
        hv1_0.diachi,
        hv1_0.email,
        hv1_0.gioitinh,
        hv1_0.hoten,
        hv1_0.ngaydangky,
        hv1_0.ngaysinh,
        hv1_0.sodienthoai 
    from
        hoc_vien hv1_0 
    where
        hv1_0.mahv=?
2026-07-22 10:39:05 [http-nio-8081-exec-6] TRACE org.hibernate.orm.jdbc.bind - binding parameter (1:INTEGER) <- [1]
2026-07-22 10:39:05 [http-nio-8081-exec-6] DEBUG org.hibernate.SQL - 
    select
        kh1_0.makh,
        cth1_0.macth,
        cth1_0.hangbang,
        cth1_0.hocphi,
        cth1_0.sobuoilythuyet,
        cth1_0.sobuoithuchanh,
        cth1_0.tenchuongtrinh,
        kh1_0.ngaybatdau,
        kh1_0.ngayketthuc,
        kh1_0.tenkhoahoc,
        kh1_0.trangthai 
    from
        khoa_hoc kh1_0 
    left join
        chuong_trinh_hoc cth1_0 
            on cth1_0.macth=kh1_0.macth 
    where
        kh1_0.makh=?
2026-07-22 10:39:05 [http-nio-8081-exec-6] TRACE org.hibernate.orm.jdbc.bind - binding parameter (1:INTEGER) <- [1]
2026-07-22 10:39:05 [http-nio-8081-exec-6] DEBUG org.hibernate.SQL - 
    select
        hv1_0.mahv,
        hv1_0.cccd,
        hv1_0.diachi,
        hv1_0.email,
        hv1_0.gioitinh,
        hv1_0.hoten,
        hv1_0.ngaydangky,
        hv1_0.ngaysinh,
        hv1_0.sodienthoai 
    from
        hoc_vien hv1_0 
    where
        hv1_0.mahv=?
2026-07-22 10:39:05 [http-nio-8081-exec-6] TRACE org.hibernate.orm.jdbc.bind - binding parameter (1:INTEGER) <- [2]
2026-07-22 10:39:05 [http-nio-8081-exec-6] DEBUG org.hibernate.SQL - 
    select
        hv1_0.mahv,
        hv1_0.cccd,
        hv1_0.diachi,
        hv1_0.email,
        hv1_0.gioitinh,
        hv1_0.hoten,
        hv1_0.ngaydangky,
        hv1_0.ngaysinh,
        hv1_0.sodienthoai 
    from
        hoc_vien hv1_0 
    where
        hv1_0.mahv=?
2026-07-22 10:39:05 [http-nio-8081-exec-6] TRACE org.hibernate.orm.jdbc.bind - binding parameter (1:INTEGER) <- [3]
2026-07-22 10:39:05 [http-nio-8081-exec-6] DEBUG org.hibernate.SQL - 
    select
        kh1_0.makh,
        cth1_0.macth,
        cth1_0.hangbang,
        cth1_0.hocphi,
        cth1_0.sobuoilythuyet,
        cth1_0.sobuoithuchanh,
        cth1_0.tenchuongtrinh,
        kh1_0.ngaybatdau,
        kh1_0.ngayketthuc,
        kh1_0.tenkhoahoc,
        kh1_0.trangthai 
    from
        khoa_hoc kh1_0 
    left join
        chuong_trinh_hoc cth1_0 
            on cth1_0.macth=kh1_0.macth 
    where
        kh1_0.makh=?
2026-07-22 10:39:05 [http-nio-8081-exec-6] TRACE org.hibernate.orm.jdbc.bind - binding parameter (1:INTEGER) <- [2]
2026-07-22 10:39:21 [http-nio-8081-exec-9] DEBUG org.hibernate.SQL - 
    select
        kh1_0.makh,
        kh1_0.macth,
        kh1_0.ngaybatdau,
        kh1_0.ngayketthuc,
        kh1_0.tenkhoahoc,
        kh1_0.trangthai 
    from
        khoa_hoc kh1_0
2026-07-22 10:39:21 [http-nio-8081-exec-9] DEBUG org.hibernate.SQL - 
    select
        cth1_0.macth,
        cth1_0.hangbang,
        cth1_0.hocphi,
        cth1_0.sobuoilythuyet,
        cth1_0.sobuoithuchanh,
        cth1_0.tenchuongtrinh 
    from
        chuong_trinh_hoc cth1_0 
    where
        cth1_0.macth=?
2026-07-22 10:39:21 [http-nio-8081-exec-9] TRACE org.hibernate.orm.jdbc.bind - binding parameter (1:INTEGER) <- [2]
2026-07-22 10:39:21 [http-nio-8081-exec-9] DEBUG org.hibernate.SQL - 
    select
        count_big(dkkh1_0.madk) 
    from
        dang_ky_khoa_hoc dkkh1_0 
    where
        dkkh1_0.makh=?
2026-07-22 10:39:21 [http-nio-8081-exec-9] TRACE org.hibernate.orm.jdbc.bind - binding parameter (1:INTEGER) <- [1]
2026-07-22 10:39:21 [http-nio-8081-exec-9] DEBUG org.hibernate.SQL - 
    select
        count_big(dkkh1_0.madk) 
    from
        dang_ky_khoa_hoc dkkh1_0 
    where
        dkkh1_0.makh=?
2026-07-22 10:39:21 [http-nio-8081-exec-9] TRACE org.hibernate.orm.jdbc.bind - binding parameter (1:INTEGER) <- [2]
2026-07-22 10:39:21 [http-nio-8081-exec-8] DEBUG org.hibernate.SQL - 
    select
        gv1_0.magv,
        gv1_0.cccd,
        gv1_0.diachi,
        gv1_0.email,
        gv1_0.gioitinh,
        gv1_0.hangday,
        gv1_0.hoten,
        gv1_0.ngaysinh,
        gv1_0.sodienthoai 
    from
        giao_vien gv1_0
2026-07-22 10:39:21 [http-nio-8081-exec-7] DEBUG org.hibernate.SQL - 
    select
        lh1_0.malop,
        lh1_0.magv,
        lh1_0.makh,
        lh1_0.soluong,
        lh1_0.tenlop,
        lh1_0.trangthai 
    from
        lop_hoc lh1_0
2026-07-22 10:39:21 [http-nio-8081-exec-7] DEBUG org.hibernate.SQL - 
    select
        gv1_0.magv,
        gv1_0.cccd,
        gv1_0.diachi,
        gv1_0.email,
        gv1_0.gioitinh,
        gv1_0.hangday,
        gv1_0.hoten,
        gv1_0.ngaysinh,
        gv1_0.sodienthoai 
    from
        giao_vien gv1_0 
    where
        gv1_0.magv=?
2026-07-22 10:39:21 [http-nio-8081-exec-7] TRACE org.hibernate.orm.jdbc.bind - binding parameter (1:INTEGER) <- [1]
2026-07-22 10:39:21 [http-nio-8081-exec-7] DEBUG org.hibernate.SQL - 
    select
        kh1_0.makh,
        cth1_0.macth,
        cth1_0.hangbang,
        cth1_0.hocphi,
        cth1_0.sobuoilythuyet,
        cth1_0.sobuoithuchanh,
        cth1_0.tenchuongtrinh,
        kh1_0.ngaybatdau,
        kh1_0.ngayketthuc,
        kh1_0.tenkhoahoc,
        kh1_0.trangthai 
    from
        khoa_hoc kh1_0 
    left join
        chuong_trinh_hoc cth1_0 
            on cth1_0.macth=kh1_0.macth 
    where
        kh1_0.makh=?
2026-07-22 10:39:21 [http-nio-8081-exec-7] TRACE org.hibernate.orm.jdbc.bind - binding parameter (1:INTEGER) <- [1]
2026-07-22 10:39:21 [http-nio-8081-exec-7] DEBUG org.hibernate.SQL - 
    select
        kh1_0.makh,
        cth1_0.macth,
        cth1_0.hangbang,
        cth1_0.hocphi,
        cth1_0.sobuoilythuyet,
        cth1_0.sobuoithuchanh,
        cth1_0.tenchuongtrinh,
        kh1_0.ngaybatdau,
        kh1_0.ngayketthuc,
        kh1_0.tenkhoahoc,
        kh1_0.trangthai 
    from
        khoa_hoc kh1_0 
    left join
        chuong_trinh_hoc cth1_0 
            on cth1_0.macth=kh1_0.macth 
    where
        kh1_0.makh=?
2026-07-22 10:39:21 [http-nio-8081-exec-7] TRACE org.hibernate.orm.jdbc.bind - binding parameter (1:INTEGER) <- [2]
2026-07-22 10:39:22 [http-nio-8081-exec-1] DEBUG org.hibernate.SQL - 
    select
        hv1_0.mahv,
        hv1_0.cccd,
        hv1_0.diachi,
        hv1_0.email,
        hv1_0.gioitinh,
        hv1_0.hoten,
        hv1_0.ngaydangky,
        hv1_0.ngaysinh,
        hv1_0.sodienthoai 
    from
        hoc_vien hv1_0
2026-07-22 10:39:22 [http-nio-8081-exec-3] DEBUG org.hibernate.SQL - 
    select
        kh1_0.makh,
        kh1_0.macth,
        kh1_0.ngaybatdau,
        kh1_0.ngayketthuc,
        kh1_0.tenkhoahoc,
        kh1_0.trangthai 
    from
        khoa_hoc kh1_0
2026-07-22 10:39:22 [http-nio-8081-exec-3] DEBUG org.hibernate.SQL - 
    select
        cth1_0.macth,
        cth1_0.hangbang,
        cth1_0.hocphi,
        cth1_0.sobuoilythuyet,
        cth1_0.sobuoithuchanh,
        cth1_0.tenchuongtrinh 
    from
        chuong_trinh_hoc cth1_0 
    where
        cth1_0.macth=?
2026-07-22 10:39:22 [http-nio-8081-exec-3] TRACE org.hibernate.orm.jdbc.bind - binding parameter (1:INTEGER) <- [2]
2026-07-22 10:39:22 [http-nio-8081-exec-3] DEBUG org.hibernate.SQL - 
    select
        count_big(dkkh1_0.madk) 
    from
        dang_ky_khoa_hoc dkkh1_0 
    where
        dkkh1_0.makh=?
2026-07-22 10:39:22 [http-nio-8081-exec-3] TRACE org.hibernate.orm.jdbc.bind - binding parameter (1:INTEGER) <- [1]
2026-07-22 10:39:22 [http-nio-8081-exec-3] DEBUG org.hibernate.SQL - 
    select
        count_big(dkkh1_0.madk) 
    from
        dang_ky_khoa_hoc dkkh1_0 
    where
        dkkh1_0.makh=?
2026-07-22 10:39:22 [http-nio-8081-exec-3] TRACE org.hibernate.orm.jdbc.bind - binding parameter (1:INTEGER) <- [2]
2026-07-22 10:39:22 [http-nio-8081-exec-2] DEBUG org.hibernate.SQL - 
    select
        dkkh1_0.madk,
        dkkh1_0.mahv,
        dkkh1_0.makh,
        dkkh1_0.ngaydangky,
        dkkh1_0.trangthai 
    from
        dang_ky_khoa_hoc dkkh1_0
2026-07-22 10:39:22 [http-nio-8081-exec-2] DEBUG org.hibernate.SQL - 
    select
        hv1_0.mahv,
        hv1_0.cccd,
        hv1_0.diachi,
        hv1_0.email,
        hv1_0.gioitinh,
        hv1_0.hoten,
        hv1_0.ngaydangky,
        hv1_0.ngaysinh,
        hv1_0.sodienthoai 
    from
        hoc_vien hv1_0 
    where
        hv1_0.mahv=?
2026-07-22 10:39:22 [http-nio-8081-exec-2] TRACE org.hibernate.orm.jdbc.bind - binding parameter (1:INTEGER) <- [1]
2026-07-22 10:39:22 [http-nio-8081-exec-2] DEBUG org.hibernate.SQL - 
    select
        kh1_0.makh,
        cth1_0.macth,
        cth1_0.hangbang,
        cth1_0.hocphi,
        cth1_0.sobuoilythuyet,
        cth1_0.sobuoithuchanh,
        cth1_0.tenchuongtrinh,
        kh1_0.ngaybatdau,
        kh1_0.ngayketthuc,
        kh1_0.tenkhoahoc,
        kh1_0.trangthai 
    from
        khoa_hoc kh1_0 
    left join
        chuong_trinh_hoc cth1_0 
            on cth1_0.macth=kh1_0.macth 
    where
        kh1_0.makh=?
2026-07-22 10:39:22 [http-nio-8081-exec-2] TRACE org.hibernate.orm.jdbc.bind - binding parameter (1:INTEGER) <- [1]
2026-07-22 10:39:22 [http-nio-8081-exec-2] DEBUG org.hibernate.SQL - 
    select
        hv1_0.mahv,
        hv1_0.cccd,
        hv1_0.diachi,
        hv1_0.email,
        hv1_0.gioitinh,
        hv1_0.hoten,
        hv1_0.ngaydangky,
        hv1_0.ngaysinh,
        hv1_0.sodienthoai 
    from
        hoc_vien hv1_0 
    where
        hv1_0.mahv=?
2026-07-22 10:39:22 [http-nio-8081-exec-2] TRACE org.hibernate.orm.jdbc.bind - binding parameter (1:INTEGER) <- [2]
2026-07-22 10:39:22 [http-nio-8081-exec-2] DEBUG org.hibernate.SQL - 
    select
        hv1_0.mahv,
        hv1_0.cccd,
        hv1_0.diachi,
        hv1_0.email,
        hv1_0.gioitinh,
        hv1_0.hoten,
        hv1_0.ngaydangky,
        hv1_0.ngaysinh,
        hv1_0.sodienthoai 
    from
        hoc_vien hv1_0 
    where
        hv1_0.mahv=?
2026-07-22 10:39:22 [http-nio-8081-exec-2] TRACE org.hibernate.orm.jdbc.bind - binding parameter (1:INTEGER) <- [3]
2026-07-22 10:39:22 [http-nio-8081-exec-2] DEBUG org.hibernate.SQL - 
    select
        kh1_0.makh,
        cth1_0.macth,
        cth1_0.hangbang,
        cth1_0.hocphi,
        cth1_0.sobuoilythuyet,
        cth1_0.sobuoithuchanh,
        cth1_0.tenchuongtrinh,
        kh1_0.ngaybatdau,
        kh1_0.ngayketthuc,
        kh1_0.tenkhoahoc,
        kh1_0.trangthai 
    from
        khoa_hoc kh1_0 
    left join
        chuong_trinh_hoc cth1_0 
            on cth1_0.macth=kh1_0.macth 
    where
        kh1_0.makh=?
2026-07-22 10:39:22 [http-nio-8081-exec-2] TRACE org.hibernate.orm.jdbc.bind - binding parameter (1:INTEGER) <- [2]
2026-07-22 10:39:24 [http-nio-8081-exec-4] DEBUG org.hibernate.SQL - 
    select
        kh1_0.makh,
        kh1_0.macth,
        kh1_0.ngaybatdau,
        kh1_0.ngayketthuc,
        kh1_0.tenkhoahoc,
        kh1_0.trangthai 
    from
        khoa_hoc kh1_0
2026-07-22 10:39:24 [http-nio-8081-exec-4] DEBUG org.hibernate.SQL - 
    select
        cth1_0.macth,
        cth1_0.hangbang,
        cth1_0.hocphi,
        cth1_0.sobuoilythuyet,
        cth1_0.sobuoithuchanh,
        cth1_0.tenchuongtrinh 
    from
        chuong_trinh_hoc cth1_0 
    where
        cth1_0.macth=?
2026-07-22 10:39:24 [http-nio-8081-exec-4] TRACE org.hibernate.orm.jdbc.bind - binding parameter (1:INTEGER) <- [2]
2026-07-22 10:39:24 [http-nio-8081-exec-4] DEBUG org.hibernate.SQL - 
    select
        count_big(dkkh1_0.madk) 
    from
        dang_ky_khoa_hoc dkkh1_0 
    where
        dkkh1_0.makh=?
2026-07-22 10:39:24 [http-nio-8081-exec-4] TRACE org.hibernate.orm.jdbc.bind - binding parameter (1:INTEGER) <- [1]
2026-07-22 10:39:24 [http-nio-8081-exec-4] DEBUG org.hibernate.SQL - 
    select
        count_big(dkkh1_0.madk) 
    from
        dang_ky_khoa_hoc dkkh1_0 
    where
        dkkh1_0.makh=?
2026-07-22 10:39:24 [http-nio-8081-exec-4] TRACE org.hibernate.orm.jdbc.bind - binding parameter (1:INTEGER) <- [2]
2026-07-22 10:39:24 [http-nio-8081-exec-5] DEBUG org.hibernate.SQL - 
    select
        gv1_0.magv,
        gv1_0.cccd,
        gv1_0.diachi,
        gv1_0.email,
        gv1_0.gioitinh,
        gv1_0.hangday,
        gv1_0.hoten,
        gv1_0.ngaysinh,
        gv1_0.sodienthoai 
    from
        giao_vien gv1_0
2026-07-22 10:39:24 [http-nio-8081-exec-10] DEBUG org.hibernate.SQL - 
    select
        lh1_0.malop,
        lh1_0.magv,
        lh1_0.makh,
        lh1_0.soluong,
        lh1_0.tenlop,
        lh1_0.trangthai 
    from
        lop_hoc lh1_0
2026-07-22 10:39:24 [http-nio-8081-exec-10] DEBUG org.hibernate.SQL - 
    select
        gv1_0.magv,
        gv1_0.cccd,
        gv1_0.diachi,
        gv1_0.email,
        gv1_0.gioitinh,
        gv1_0.hangday,
        gv1_0.hoten,
        gv1_0.ngaysinh,
        gv1_0.sodienthoai 
    from
        giao_vien gv1_0 
    where
        gv1_0.magv=?
2026-07-22 10:39:24 [http-nio-8081-exec-10] TRACE org.hibernate.orm.jdbc.bind - binding parameter (1:INTEGER) <- [1]
2026-07-22 10:39:24 [http-nio-8081-exec-10] DEBUG org.hibernate.SQL - 
    select
        kh1_0.makh,
        cth1_0.macth,
        cth1_0.hangbang,
        cth1_0.hocphi,
        cth1_0.sobuoilythuyet,
        cth1_0.sobuoithuchanh,
        cth1_0.tenchuongtrinh,
        kh1_0.ngaybatdau,
        kh1_0.ngayketthuc,
        kh1_0.tenkhoahoc,
        kh1_0.trangthai 
    from
        khoa_hoc kh1_0 
    left join
        chuong_trinh_hoc cth1_0 
            on cth1_0.macth=kh1_0.macth 
    where
        kh1_0.makh=?
2026-07-22 10:39:24 [http-nio-8081-exec-10] TRACE org.hibernate.orm.jdbc.bind - binding parameter (1:INTEGER) <- [1]
2026-07-22 10:39:24 [http-nio-8081-exec-10] DEBUG org.hibernate.SQL - 
    select
        kh1_0.makh,
        cth1_0.macth,
        cth1_0.hangbang,
        cth1_0.hocphi,
        cth1_0.sobuoilythuyet,
        cth1_0.sobuoithuchanh,
        cth1_0.tenchuongtrinh,
        kh1_0.ngaybatdau,
        kh1_0.ngayketthuc,
        kh1_0.tenkhoahoc,
        kh1_0.trangthai 
    from
        khoa_hoc kh1_0 
    left join
        chuong_trinh_hoc cth1_0 
            on cth1_0.macth=kh1_0.macth 
    where
        kh1_0.makh=?
2026-07-22 10:39:24 [http-nio-8081-exec-10] TRACE org.hibernate.orm.jdbc.bind - binding parameter (1:INTEGER) <- [2]
2026-07-22 10:39:25 [http-nio-8081-exec-9] DEBUG org.hibernate.SQL - 
    select
        mh1_0.mamh,
        mh1_0.so_tiet,
        mh1_0.tenmonhoc 
    from
        mon_hoc mh1_0
2026-07-22 10:39:29 [http-nio-8081-exec-1] DEBUG org.hibernate.SQL - 
    select
        x1_0.maxe,
        x1_0.bienso,
        x1_0.hangxe,
        x1_0.loaixe,
        x1_0.namsanxuat,
        x1_0.trangthai 
    from
        xe x1_0
2026-07-22 10:39:29 [http-nio-8081-exec-3] DEBUG org.hibernate.SQL - 
    select
        lsbtx1_0.id,
        lsbtx1_0.chi_phi,
        lsbtx1_0.don_vi_bao_tri,
        lsbtx1_0.loai_bao_tri,
        lsbtx1_0.mo_ta,
        lsbtx1_0.ngay_bao_tri,
        lsbtx1_0.ngay_bao_tri_tiep_theo,
        lsbtx1_0.ngay_tao,
        lsbtx1_0.nguoi_tao,
        lsbtx1_0.so_km_hien_tai,
        lsbtx1_0.trang_thai,
        lsbtx1_0.maxe 
    from
        lich_su_bao_tri_xe lsbtx1_0
2026-07-22 10:39:30 [http-nio-8081-exec-2] DEBUG org.hibernate.SQL - 
    select
        tk1_0.id,
        tk1_0.anh,
        tk1_0.cccd,
        tk1_0.email,
        tk1_0.ho_ten,
        tk1_0.khoa_den,
        tk1_0.lan_dang_nhap_cuoi,
        tk1_0.mat_khau,
        tk1_0.ngay_cap_nhat,
        tk1_0.ngay_tao,
        tk1_0.nguoi_tao_id,
        tk1_0.so_dien_thoai,
        tk1_0.so_lan_dang_nhap_sai,
        tk1_0.ten_dang_nhap,
        tk1_0.trang_thai,
        tk1_0.vai_tro_id 
    from
        tai_khoan tk1_0 
    where
        tk1_0.ten_dang_nhap=?
2026-07-22 10:39:30 [http-nio-8081-exec-2] TRACE org.hibernate.orm.jdbc.bind - binding parameter (1:VARCHAR) <- [admin]
2026-07-22 10:39:30 [http-nio-8081-exec-2] DEBUG org.hibernate.SQL - 
    select
        vt1_0.id,
        vt1_0.ma_vai_tro,
        vt1_0.mo_ta,
        vt1_0.ngay_cap_nhat,
        vt1_0.ngay_tao,
        vt1_0.ten_vai_tro,
        vt1_0.trang_thai 
    from
        vai_tro vt1_0 
    where
        vt1_0.id=?
2026-07-22 10:39:30 [http-nio-8081-exec-2] TRACE org.hibernate.orm.jdbc.bind - binding parameter (1:INTEGER) <- [4]
2026-07-22 10:39:30 [http-nio-8081-exec-4] DEBUG org.hibernate.SQL - 
    select
        tk1_0.id,
        tk1_0.anh,
        tk1_0.cccd,
        tk1_0.email,
        tk1_0.ho_ten,
        tk1_0.khoa_den,
        tk1_0.lan_dang_nhap_cuoi,
        tk1_0.mat_khau,
        tk1_0.ngay_cap_nhat,
        tk1_0.ngay_tao,
        tk1_0.nguoi_tao_id,
        tk1_0.so_dien_thoai,
        tk1_0.so_lan_dang_nhap_sai,
        tk1_0.ten_dang_nhap,
        tk1_0.trang_thai,
        tk1_0.vai_tro_id 
    from
        tai_khoan tk1_0 
    where
        tk1_0.ten_dang_nhap=?
2026-07-22 10:39:30 [http-nio-8081-exec-4] TRACE org.hibernate.orm.jdbc.bind - binding parameter (1:VARCHAR) <- [admin]
2026-07-22 10:39:30 [http-nio-8081-exec-4] DEBUG org.hibernate.SQL - 
    select
        vt1_0.id,
        vt1_0.ma_vai_tro,
        vt1_0.mo_ta,
        vt1_0.ngay_cap_nhat,
        vt1_0.ngay_tao,
        vt1_0.ten_vai_tro,
        vt1_0.trang_thai 
    from
        vai_tro vt1_0 
    where
        vt1_0.id=?
2026-07-22 10:39:30 [http-nio-8081-exec-4] TRACE org.hibernate.orm.jdbc.bind - binding parameter (1:INTEGER) <- [4]
2026-07-22 10:39:30 [http-nio-8081-exec-5] DEBUG org.hibernate.SQL - 
    select
        tk1_0.id,
        tk1_0.anh,
        tk1_0.cccd,
        tk1_0.email,
        tk1_0.ho_ten,
        tk1_0.khoa_den,
        tk1_0.lan_dang_nhap_cuoi,
        tk1_0.mat_khau,
        tk1_0.ngay_cap_nhat,
        tk1_0.ngay_tao,
        tk1_0.nguoi_tao_id,
        tk1_0.so_dien_thoai,
        tk1_0.so_lan_dang_nhap_sai,
        tk1_0.ten_dang_nhap,
        tk1_0.trang_thai,
        tk1_0.vai_tro_id 
    from
        tai_khoan tk1_0 
    where
        tk1_0.ten_dang_nhap=?
2026-07-22 10:39:30 [http-nio-8081-exec-5] TRACE org.hibernate.orm.jdbc.bind - binding parameter (1:VARCHAR) <- [admin]
2026-07-22 10:39:30 [http-nio-8081-exec-5] DEBUG org.hibernate.SQL - 
    select
        vt1_0.id,
        vt1_0.ma_vai_tro,
        vt1_0.mo_ta,
        vt1_0.ngay_cap_nhat,
        vt1_0.ngay_tao,
        vt1_0.ten_vai_tro,
        vt1_0.trang_thai 
    from
        vai_tro vt1_0 
    where
        vt1_0.id=?
2026-07-22 10:39:30 [http-nio-8081-exec-5] TRACE org.hibernate.orm.jdbc.bind - binding parameter (1:INTEGER) <- [4]
2026-07-22 10:39:30 [http-nio-8081-exec-6] DEBUG org.hibernate.SQL - 
    select
        acd1_0.id,
        acd1_0.ghichu,
        acd1_0.matk,
        acd1_0.ngaytao,
        acd1_0.trangthai,
        acd1_0.url 
    from
        anh_cho_duyet acd1_0 
    where
        acd1_0.trangthai=?
2026-07-22 10:39:30 [http-nio-8081-exec-6] TRACE org.hibernate.orm.jdbc.bind - binding parameter (1:VARCHAR) <- [CHO_DUYET]
2026-07-22 10:39:31 [http-nio-8081-exec-7] DEBUG org.hibernate.SQL - 
    select
        tk1_0.id,
        tk1_0.anh,
        tk1_0.cccd,
        tk1_0.email,
        tk1_0.ho_ten,
        tk1_0.khoa_den,
        tk1_0.lan_dang_nhap_cuoi,
        tk1_0.mat_khau,
        tk1_0.ngay_cap_nhat,
        tk1_0.ngay_tao,
        tk1_0.nguoi_tao_id,
        tk1_0.so_dien_thoai,
        tk1_0.so_lan_dang_nhap_sai,
        tk1_0.ten_dang_nhap,
        tk1_0.trang_thai,
        tk1_0.vai_tro_id 
    from
        tai_khoan tk1_0 
    where
        tk1_0.ten_dang_nhap=?
2026-07-22 10:39:31 [http-nio-8081-exec-7] TRACE org.hibernate.orm.jdbc.bind - binding parameter (1:VARCHAR) <- [admin]
2026-07-22 10:39:31 [http-nio-8081-exec-7] DEBUG org.hibernate.SQL - 
    select
        vt1_0.id,
        vt1_0.ma_vai_tro,
        vt1_0.mo_ta,
        vt1_0.ngay_cap_nhat,
        vt1_0.ngay_tao,
        vt1_0.ten_vai_tro,
        vt1_0.trang_thai 
    from
        vai_tro vt1_0 
    where
        vt1_0.id=?
2026-07-22 10:39:31 [http-nio-8081-exec-7] TRACE org.hibernate.orm.jdbc.bind - binding parameter (1:INTEGER) <- [4]
2026-07-22 10:39:31 [http-nio-8081-exec-3] DEBUG org.hibernate.SQL - 
    select
        tk1_0.id,
        tk1_0.anh,
        tk1_0.cccd,
        tk1_0.email,
        tk1_0.ho_ten,
        tk1_0.khoa_den,
        tk1_0.lan_dang_nhap_cuoi,
        tk1_0.mat_khau,
        tk1_0.ngay_cap_nhat,
        tk1_0.ngay_tao,
        tk1_0.nguoi_tao_id,
        tk1_0.so_dien_thoai,
        tk1_0.so_lan_dang_nhap_sai,
        tk1_0.ten_dang_nhap,
        tk1_0.trang_thai,
        tk1_0.vai_tro_id 
    from
        tai_khoan tk1_0 
    where
        tk1_0.ten_dang_nhap=?
2026-07-22 10:39:31 [http-nio-8081-exec-3] TRACE org.hibernate.orm.jdbc.bind - binding parameter (1:VARCHAR) <- [admin]
2026-07-22 10:39:31 [http-nio-8081-exec-3] DEBUG org.hibernate.SQL - 
    select
        vt1_0.id,
        vt1_0.ma_vai_tro,
        vt1_0.mo_ta,
        vt1_0.ngay_cap_nhat,
        vt1_0.ngay_tao,
        vt1_0.ten_vai_tro,
        vt1_0.trang_thai 
    from
        vai_tro vt1_0 
    where
        vt1_0.id=?
2026-07-22 10:39:31 [http-nio-8081-exec-3] TRACE org.hibernate.orm.jdbc.bind - binding parameter (1:INTEGER) <- [4]
2026-07-22 10:39:31 [http-nio-8081-exec-3] DEBUG org.hibernate.SQL - 
    select
        acd1_0.id,
        acd1_0.ghichu,
        acd1_0.matk,
        acd1_0.ngaytao,
        acd1_0.trangthai,
        acd1_0.url 
    from
        anh_cho_duyet acd1_0 
    where
        acd1_0.matk=?
2026-07-22 10:39:31 [http-nio-8081-exec-3] TRACE org.hibernate.orm.jdbc.bind - binding parameter (1:INTEGER) <- [1]
2026-07-22 10:39:32 [http-nio-8081-exec-2] DEBUG org.hibernate.SQL - 
    select
        nkht1_0.id,
        nkht1_0.chi_tiet,
        nkht1_0.hanh_dong,
        nkht1_0.ip,
        nkht1_0.tai_khoan_id,
        nkht1_0.ngay_thuc_hien 
    from
        nhat_ky_he_thong nkht1_0
2026-07-22 10:39:32 [http-nio-8081-exec-2] DEBUG org.hibernate.SQL - 
    select
        tk1_0.id,
        tk1_0.anh,
        tk1_0.cccd,
        tk1_0.email,
        tk1_0.ho_ten,
        tk1_0.khoa_den,
        tk1_0.lan_dang_nhap_cuoi,
        tk1_0.mat_khau,
        tk1_0.ngay_cap_nhat,
        tk1_0.ngay_tao,
        tk1_0.nguoi_tao_id,
        tk1_0.so_dien_thoai,
        tk1_0.so_lan_dang_nhap_sai,
        tk1_0.ten_dang_nhap,
        tk1_0.trang_thai,
        tk1_0.vai_tro_id,
        v1_0.id,
        v1_0.ma_vai_tro,
        v1_0.mo_ta,
        v1_0.ngay_cap_nhat,
        v1_0.ngay_tao,
        v1_0.ten_vai_tro,
        v1_0.trang_thai 
    from
        tai_khoan tk1_0 
    join
        vai_tro v1_0 
            on v1_0.id=tk1_0.vai_tro_id 
    where
        tk1_0.id=?
2026-07-22 10:39:32 [http-nio-8081-exec-2] TRACE org.hibernate.orm.jdbc.bind - binding parameter (1:INTEGER) <- [1]
2026-07-22 10:39:32 [http-nio-8081-exec-5] DEBUG org.hibernate.SQL - 
    select
        tb1_0.id,
        tb1_0.doituong,
        tb1_0.ngay_tao,
        tb1_0.noi_dung,
        tb1_0.tieu_de 
    from
        thong_bao tb1_0
2026-07-22 10:39:33 [http-nio-8081-exec-6] DEBUG org.hibernate.SQL - 
    select
        hg1_0.id,
        hg1_0.mo_ta,
        hg1_0.ten_hang 
    from
        hang_gplx hg1_0
2026-07-22 10:39:34 [http-nio-8081-exec-7] DEBUG org.hibernate.SQL - 
    select
        tg1_0.id,
        tg1_0.hanggplx,
        tg1_0.mahv,
        tg1_0.ngaycap,
        tg1_0.ngayhethan,
        tg1_0.sogplx,
        tg1_0.mathi,
        tg1_0.trangthai 
    from
        tra_gplx tg1_0
2026-07-22 10:39:34 [http-nio-8081-exec-7] DEBUG org.hibernate.SQL - 
    select
        hv1_0.mahv,
        hv1_0.cccd,
        hv1_0.diachi,
        hv1_0.email,
        hv1_0.gioitinh,
        hv1_0.hoten,
        hv1_0.ngaydangky,
        hv1_0.ngaysinh,
        hv1_0.sodienthoai 
    from
        hoc_vien hv1_0 
    where
        hv1_0.mahv=?
2026-07-22 10:39:34 [http-nio-8081-exec-7] TRACE org.hibernate.orm.jdbc.bind - binding parameter (1:INTEGER) <- [1]
2026-07-22 10:39:34 [http-nio-8081-exec-7] DEBUG org.hibernate.SQL - 
    select
        tsh1_0.mathi,
        tsh1_0.ghichu,
        hv1_0.mahv,
        hv1_0.cccd,
        hv1_0.diachi,
        hv1_0.email,
        hv1_0.gioitinh,
        hv1_0.hoten,
        hv1_0.ngaydangky,
        hv1_0.ngaysinh,
        hv1_0.sodienthoai,
        tsh1_0.ketqua,
        lt1_0.malichthi,
        ct1_0.macathi,
        ct1_0.gio_bat_dau,
        ct1_0.gio_ket_thuc,
        ct1_0.ten_ca,
        lt1_0.ghichu,
        lt1_0.ngaythi,
        pt1_0.maphongthi,
        pt1_0.diadiem,
        pt1_0.succhua,
        pt1_0.tenphong,
        pt1_0.trangthai,
        tsh1_0.ngaythi 
    from
        thi_sat_hach tsh1_0 
    left join
        hoc_vien hv1_0 
            on hv1_0.mahv=tsh1_0.mahv 
    left join
        lich_thi lt1_0 
            on lt1_0.malichthi=tsh1_0.malichthi 
    left join
        ca_thi ct1_0 
            on ct1_0.macathi=lt1_0.macathi 
    left join
        phong_thi pt1_0 
            on pt1_0.maphongthi=lt1_0.maphongthi 
    where
        tsh1_0.mathi=?
2026-07-22 10:39:34 [http-nio-8081-exec-7] TRACE org.hibernate.orm.jdbc.bind - binding parameter (1:INTEGER) <- [1]
2026-07-22 10:39:35 [http-nio-8081-exec-3] DEBUG org.hibernate.SQL - 
    select
        tsh1_0.mathi,
        tsh1_0.ghichu,
        tsh1_0.mahv,
        tsh1_0.ketqua,
        tsh1_0.malichthi,
        tsh1_0.ngaythi 
    from
        thi_sat_hach tsh1_0
2026-07-22 10:39:35 [http-nio-8081-exec-3] DEBUG org.hibernate.SQL - 
    select
        hv1_0.mahv,
        hv1_0.cccd,
        hv1_0.diachi,
        hv1_0.email,
        hv1_0.gioitinh,
        hv1_0.hoten,
        hv1_0.ngaydangky,
        hv1_0.ngaysinh,
        hv1_0.sodienthoai 
    from
        hoc_vien hv1_0 
    where
        hv1_0.mahv=?
2026-07-22 10:39:35 [http-nio-8081-exec-3] TRACE org.hibernate.orm.jdbc.bind - binding parameter (1:INTEGER) <- [1]
2026-07-22 10:39:36 [http-nio-8081-exec-1] DEBUG org.hibernate.SQL - 
    select
        hv1_0.mahv,
        hv1_0.cccd,
        hv1_0.diachi,
        hv1_0.email,
        hv1_0.gioitinh,
        hv1_0.hoten,
        hv1_0.ngaydangky,
        hv1_0.ngaysinh,
        hv1_0.sodienthoai 
    from
        hoc_vien hv1_0
2026-07-22 10:39:36 [http-nio-8081-exec-4] DEBUG org.hibernate.SQL - 
    select
        lt1_0.malichthi,
        lt1_0.macathi,
        lt1_0.ghichu,
        lt1_0.ngaythi,
        lt1_0.maphongthi 
    from
        lich_thi lt1_0
2026-07-22 10:39:36 [http-nio-8081-exec-4] DEBUG org.hibernate.SQL - 
    select
        ct1_0.macathi,
        ct1_0.gio_bat_dau,
        ct1_0.gio_ket_thuc,
        ct1_0.ten_ca 
    from
        ca_thi ct1_0 
    where
        ct1_0.macathi=?
2026-07-22 10:39:36 [http-nio-8081-exec-4] TRACE org.hibernate.orm.jdbc.bind - binding parameter (1:INTEGER) <- [1]
2026-07-22 10:39:36 [http-nio-8081-exec-4] DEBUG org.hibernate.SQL - 
    select
        pt1_0.maphongthi,
        pt1_0.diadiem,
        pt1_0.succhua,
        pt1_0.tenphong,
        pt1_0.trangthai 
    from
        phong_thi pt1_0 
    where
        pt1_0.maphongthi=?
2026-07-22 10:39:36 [http-nio-8081-exec-4] TRACE org.hibernate.orm.jdbc.bind - binding parameter (1:INTEGER) <- [1]
2026-07-22 10:39:36 [http-nio-8081-exec-4] DEBUG org.hibernate.SQL - 
    select
        pt1_0.maphongthi,
        pt1_0.diadiem,
        pt1_0.succhua,
        pt1_0.tenphong,
        pt1_0.trangthai 
    from
        phong_thi pt1_0 
    where
        pt1_0.maphongthi=?
2026-07-22 10:39:36 [http-nio-8081-exec-4] TRACE org.hibernate.orm.jdbc.bind - binding parameter (1:INTEGER) <- [2]
2026-07-22 10:39:36 [http-nio-8081-exec-10] DEBUG org.hibernate.SQL - 
    select
        kqt1_0.id,
        kqt1_0.diem,
        kqt1_0.ghichu,
        kqt1_0.ketqua,
        kqt1_0.mathi 
    from
        ket_qua_thi kqt1_0
2026-07-22 10:39:36 [http-nio-8081-exec-10] DEBUG org.hibernate.SQL - 
    select
        tsh1_0.mathi,
        tsh1_0.ghichu,
        hv1_0.mahv,
        hv1_0.cccd,
        hv1_0.diachi,
        hv1_0.email,
        hv1_0.gioitinh,
        hv1_0.hoten,
        hv1_0.ngaydangky,
        hv1_0.ngaysinh,
        hv1_0.sodienthoai,
        tsh1_0.ketqua,
        lt1_0.malichthi,
        ct1_0.macathi,
        ct1_0.gio_bat_dau,
        ct1_0.gio_ket_thuc,
        ct1_0.ten_ca,
        lt1_0.ghichu,
        lt1_0.ngaythi,
        pt1_0.maphongthi,
        pt1_0.diadiem,
        pt1_0.succhua,
        pt1_0.tenphong,
        pt1_0.trangthai,
        tsh1_0.ngaythi 
    from
        thi_sat_hach tsh1_0 
    left join
        hoc_vien hv1_0 
            on hv1_0.mahv=tsh1_0.mahv 
    left join
        lich_thi lt1_0 
            on lt1_0.malichthi=tsh1_0.malichthi 
    left join
        ca_thi ct1_0 
            on ct1_0.macathi=lt1_0.macathi 
    left join
        phong_thi pt1_0 
            on pt1_0.maphongthi=lt1_0.maphongthi 
    where
        tsh1_0.mathi=?
2026-07-22 10:39:36 [http-nio-8081-exec-10] TRACE org.hibernate.orm.jdbc.bind - binding parameter (1:INTEGER) <- [1]
2026-07-22 10:39:37 [http-nio-8081-exec-6] DEBUG org.hibernate.SQL - 
    select
        kh1_0.makh,
        kh1_0.macth,
        kh1_0.ngaybatdau,
        kh1_0.ngayketthuc,
        kh1_0.tenkhoahoc,
        kh1_0.trangthai 
    from
        khoa_hoc kh1_0
2026-07-22 10:39:37 [http-nio-8081-exec-6] DEBUG org.hibernate.SQL - 
    select
        cth1_0.macth,
        cth1_0.hangbang,
        cth1_0.hocphi,
        cth1_0.sobuoilythuyet,
        cth1_0.sobuoithuchanh,
        cth1_0.tenchuongtrinh 
    from
        chuong_trinh_hoc cth1_0 
    where
        cth1_0.macth=?
2026-07-22 10:39:37 [http-nio-8081-exec-6] TRACE org.hibernate.orm.jdbc.bind - binding parameter (1:INTEGER) <- [2]
2026-07-22 10:39:37 [http-nio-8081-exec-6] DEBUG org.hibernate.SQL - 
    select
        count_big(dkkh1_0.madk) 
    from
        dang_ky_khoa_hoc dkkh1_0 
    where
        dkkh1_0.makh=?
2026-07-22 10:39:37 [http-nio-8081-exec-6] TRACE org.hibernate.orm.jdbc.bind - binding parameter (1:INTEGER) <- [1]
2026-07-22 10:39:37 [http-nio-8081-exec-6] DEBUG org.hibernate.SQL - 
    select
        count_big(dkkh1_0.madk) 
    from
        dang_ky_khoa_hoc dkkh1_0 
    where
        dkkh1_0.makh=?
2026-07-22 10:39:37 [http-nio-8081-exec-6] TRACE org.hibernate.orm.jdbc.bind - binding parameter (1:INTEGER) <- [2]
2026-07-22 10:39:37 [http-nio-8081-exec-7] DEBUG org.hibernate.SQL - 
    select
        pt1_0.maphongthi,
        pt1_0.diadiem,
        pt1_0.succhua,
        pt1_0.tenphong,
        pt1_0.trangthai 
    from
        phong_thi pt1_0
2026-07-22 10:39:37 [http-nio-8081-exec-3] DEBUG org.hibernate.SQL - 
    select
        ct1_0.macathi,
        ct1_0.gio_bat_dau,
        ct1_0.gio_ket_thuc,
        ct1_0.ten_ca 
    from
        ca_thi ct1_0
2026-07-22 10:39:37 [http-nio-8081-exec-1] DEBUG org.hibernate.SQL - 
    select
        lt1_0.malichthi,
        lt1_0.macathi,
        lt1_0.ghichu,
        lt1_0.ngaythi,
        lt1_0.maphongthi 
    from
        lich_thi lt1_0
2026-07-22 10:39:37 [http-nio-8081-exec-1] DEBUG org.hibernate.SQL - 
    select
        ct1_0.macathi,
        ct1_0.gio_bat_dau,
        ct1_0.gio_ket_thuc,
        ct1_0.ten_ca 
    from
        ca_thi ct1_0 
    where
        ct1_0.macathi=?
2026-07-22 10:39:37 [http-nio-8081-exec-1] TRACE org.hibernate.orm.jdbc.bind - binding parameter (1:INTEGER) <- [1]
2026-07-22 10:39:37 [http-nio-8081-exec-1] DEBUG org.hibernate.SQL - 
    select
        pt1_0.maphongthi,
        pt1_0.diadiem,
        pt1_0.succhua,
        pt1_0.tenphong,
        pt1_0.trangthai 
    from
        phong_thi pt1_0 
    where
        pt1_0.maphongthi=?
2026-07-22 10:39:37 [http-nio-8081-exec-1] TRACE org.hibernate.orm.jdbc.bind - binding parameter (1:INTEGER) <- [1]
2026-07-22 10:39:37 [http-nio-8081-exec-1] DEBUG org.hibernate.SQL - 
    select
        pt1_0.maphongthi,
        pt1_0.diadiem,
        pt1_0.succhua,
        pt1_0.tenphong,
        pt1_0.trangthai 
    from
        phong_thi pt1_0 
    where
        pt1_0.maphongthi=?
2026-07-22 10:39:37 [http-nio-8081-exec-1] TRACE org.hibernate.orm.jdbc.bind - binding parameter (1:INTEGER) <- [2]
2026-07-22 10:39:39 [http-nio-8081-exec-2] DEBUG org.hibernate.SQL - 
    select
        ct1_0.macathi,
        ct1_0.gio_bat_dau,
        ct1_0.gio_ket_thuc,
        ct1_0.ten_ca 
    from
        ca_thi ct1_0
2026-07-22 10:39:39 [http-nio-8081-exec-4] DEBUG org.hibernate.SQL - 
    select
        pt1_0.maphongthi,
        pt1_0.diadiem,
        pt1_0.succhua,
        pt1_0.tenphong,
        pt1_0.trangthai 
    from
        phong_thi pt1_0
2026-07-22 10:39:40 [http-nio-8081-exec-5] DEBUG org.hibernate.SQL - 
    select
        hv1_0.mahv,
        hv1_0.cccd,
        hv1_0.diachi,
        hv1_0.email,
        hv1_0.gioitinh,
        hv1_0.hoten,
        hv1_0.ngaydangky,
        hv1_0.ngaysinh,
        hv1_0.sodienthoai 
    from
        hoc_vien hv1_0
2026-07-22 10:39:40 [http-nio-8081-exec-10] DEBUG org.hibernate.SQL - 
    select
        dkkh1_0.madk,
        dkkh1_0.mahv,
        dkkh1_0.makh,
        dkkh1_0.ngaydangky,
        dkkh1_0.trangthai 
    from
        dang_ky_khoa_hoc dkkh1_0
2026-07-22 10:39:40 [http-nio-8081-exec-10] DEBUG org.hibernate.SQL - 
    select
        hv1_0.mahv,
        hv1_0.cccd,
        hv1_0.diachi,
        hv1_0.email,
        hv1_0.gioitinh,
        hv1_0.hoten,
        hv1_0.ngaydangky,
        hv1_0.ngaysinh,
        hv1_0.sodienthoai 
    from
        hoc_vien hv1_0 
    where
        hv1_0.mahv=?
2026-07-22 10:39:40 [http-nio-8081-exec-10] TRACE org.hibernate.orm.jdbc.bind - binding parameter (1:INTEGER) <- [1]
2026-07-22 10:39:40 [http-nio-8081-exec-10] DEBUG org.hibernate.SQL - 
    select
        kh1_0.makh,
        cth1_0.macth,
        cth1_0.hangbang,
        cth1_0.hocphi,
        cth1_0.sobuoilythuyet,
        cth1_0.sobuoithuchanh,
        cth1_0.tenchuongtrinh,
        kh1_0.ngaybatdau,
        kh1_0.ngayketthuc,
        kh1_0.tenkhoahoc,
        kh1_0.trangthai 
    from
        khoa_hoc kh1_0 
    left join
        chuong_trinh_hoc cth1_0 
            on cth1_0.macth=kh1_0.macth 
    where
        kh1_0.makh=?
2026-07-22 10:39:40 [http-nio-8081-exec-10] TRACE org.hibernate.orm.jdbc.bind - binding parameter (1:INTEGER) <- [1]
2026-07-22 10:39:40 [http-nio-8081-exec-10] DEBUG org.hibernate.SQL - 
    select
        hv1_0.mahv,
        hv1_0.cccd,
        hv1_0.diachi,
        hv1_0.email,
        hv1_0.gioitinh,
        hv1_0.hoten,
        hv1_0.ngaydangky,
        hv1_0.ngaysinh,
        hv1_0.sodienthoai 
    from
        hoc_vien hv1_0 
    where
        hv1_0.mahv=?
2026-07-22 10:39:40 [http-nio-8081-exec-10] TRACE org.hibernate.orm.jdbc.bind - binding parameter (1:INTEGER) <- [2]
2026-07-22 10:39:40 [http-nio-8081-exec-10] DEBUG org.hibernate.SQL - 
    select
        hv1_0.mahv,
        hv1_0.cccd,
        hv1_0.diachi,
        hv1_0.email,
        hv1_0.gioitinh,
        hv1_0.hoten,
        hv1_0.ngaydangky,
        hv1_0.ngaysinh,
        hv1_0.sodienthoai 
    from
        hoc_vien hv1_0 
    where
        hv1_0.mahv=?
2026-07-22 10:39:40 [http-nio-8081-exec-10] TRACE org.hibernate.orm.jdbc.bind - binding parameter (1:INTEGER) <- [3]
2026-07-22 10:39:40 [http-nio-8081-exec-10] DEBUG org.hibernate.SQL - 
    select
        kh1_0.makh,
        cth1_0.macth,
        cth1_0.hangbang,
        cth1_0.hocphi,
        cth1_0.sobuoilythuyet,
        cth1_0.sobuoithuchanh,
        cth1_0.tenchuongtrinh,
        kh1_0.ngaybatdau,
        kh1_0.ngayketthuc,
        kh1_0.tenkhoahoc,
        kh1_0.trangthai 
    from
        khoa_hoc kh1_0 
    left join
        chuong_trinh_hoc cth1_0 
            on cth1_0.macth=kh1_0.macth 
    where
        kh1_0.makh=?
2026-07-22 10:39:40 [http-nio-8081-exec-10] TRACE org.hibernate.orm.jdbc.bind - binding parameter (1:INTEGER) <- [2]
2026-07-22 10:39:40 [http-nio-8081-exec-9] DEBUG org.hibernate.SQL - 
    select
        tt1_0.matt,
        tt1_0.madk,
        tt1_0.mahv,
        tt1_0.ngaythanhtoan,
        tt1_0.phuongthuc,
        tt1_0.sotien,
        tt1_0.trangthai 
    from
        thanh_toan tt1_0
2026-07-22 10:39:40 [http-nio-8081-exec-9] DEBUG org.hibernate.SQL - 
    select
        dkkh1_0.madk,
        dkkh1_0.mahv,
        hv1_0.mahv,
        hv1_0.cccd,
        hv1_0.diachi,
        hv1_0.email,
        hv1_0.gioitinh,
        hv1_0.hoten,
        hv1_0.ngaydangky,
        hv1_0.ngaysinh,
        hv1_0.sodienthoai,
        dkkh1_0.makh,
        kh1_0.makh,
        cth1_0.macth,
        cth1_0.hangbang,
        cth1_0.hocphi,
        cth1_0.sobuoilythuyet,
        cth1_0.sobuoithuchanh,
        cth1_0.tenchuongtrinh,
        kh1_0.ngaybatdau,
        kh1_0.ngayketthuc,
        kh1_0.tenkhoahoc,
        kh1_0.trangthai,
        dkkh1_0.ngaydangky,
        dkkh1_0.trangthai 
    from
        dang_ky_khoa_hoc dkkh1_0 
    join
        hoc_vien hv1_0 
            on hv1_0.mahv=dkkh1_0.mahv 
    join
        khoa_hoc kh1_0 
            on kh1_0.makh=dkkh1_0.makh 
    left join
        chuong_trinh_hoc cth1_0 
            on cth1_0.macth=kh1_0.macth 
    where
        dkkh1_0.madk=?
2026-07-22 10:39:40 [http-nio-8081-exec-9] TRACE org.hibernate.orm.jdbc.bind - binding parameter (1:INTEGER) <- [1]
2026-07-22 10:39:40 [http-nio-8081-exec-9] DEBUG org.hibernate.SQL - 
    select
        dkkh1_0.madk,
        dkkh1_0.mahv,
        hv1_0.mahv,
        hv1_0.cccd,
        hv1_0.diachi,
        hv1_0.email,
        hv1_0.gioitinh,
        hv1_0.hoten,
        hv1_0.ngaydangky,
        hv1_0.ngaysinh,
        hv1_0.sodienthoai,
        dkkh1_0.makh,
        kh1_0.makh,
        cth1_0.macth,
        cth1_0.hangbang,
        cth1_0.hocphi,
        cth1_0.sobuoilythuyet,
        cth1_0.sobuoithuchanh,
        cth1_0.tenchuongtrinh,
        kh1_0.ngaybatdau,
        kh1_0.ngayketthuc,
        kh1_0.tenkhoahoc,
        kh1_0.trangthai,
        dkkh1_0.ngaydangky,
        dkkh1_0.trangthai 
    from
        dang_ky_khoa_hoc dkkh1_0 
    join
        hoc_vien hv1_0 
            on hv1_0.mahv=dkkh1_0.mahv 
    join
        khoa_hoc kh1_0 
            on kh1_0.makh=dkkh1_0.makh 
    left join
        chuong_trinh_hoc cth1_0 
            on cth1_0.macth=kh1_0.macth 
    where
        dkkh1_0.madk=?
2026-07-22 10:39:40 [http-nio-8081-exec-9] TRACE org.hibernate.orm.jdbc.bind - binding parameter (1:INTEGER) <- [2]
2026-07-22 10:39:40 [http-nio-8081-exec-9] DEBUG org.hibernate.SQL - 
    select
        dkkh1_0.madk,
        dkkh1_0.mahv,
        hv1_0.mahv,
        hv1_0.cccd,
        hv1_0.diachi,
        hv1_0.email,
        hv1_0.gioitinh,
        hv1_0.hoten,
        hv1_0.ngaydangky,
        hv1_0.ngaysinh,
        hv1_0.sodienthoai,
        dkkh1_0.makh,
        kh1_0.makh,
        cth1_0.macth,
        cth1_0.hangbang,
        cth1_0.hocphi,
        cth1_0.sobuoilythuyet,
        cth1_0.sobuoithuchanh,
        cth1_0.tenchuongtrinh,
        kh1_0.ngaybatdau,
        kh1_0.ngayketthuc,
        kh1_0.tenkhoahoc,
        kh1_0.trangthai,
        dkkh1_0.ngaydangky,
        dkkh1_0.trangthai 
    from
        dang_ky_khoa_hoc dkkh1_0 
    join
        hoc_vien hv1_0 
            on hv1_0.mahv=dkkh1_0.mahv 
    join
        khoa_hoc kh1_0 
            on kh1_0.makh=dkkh1_0.makh 
    left join
        chuong_trinh_hoc cth1_0 
            on cth1_0.macth=kh1_0.macth 
    where
        dkkh1_0.madk=?
2026-07-22 10:39:40 [http-nio-8081-exec-9] TRACE org.hibernate.orm.jdbc.bind - binding parameter (1:INTEGER) <- [3]
2026-07-22 10:39:41 [http-nio-8081-exec-7] DEBUG org.hibernate.SQL - 
    select
        lh1_0.malop,
        lh1_0.magv,
        lh1_0.makh,
        lh1_0.soluong,
        lh1_0.tenlop,
        lh1_0.trangthai 
    from
        lop_hoc lh1_0
2026-07-22 10:39:41 [http-nio-8081-exec-7] DEBUG org.hibernate.SQL - 
    select
        gv1_0.magv,
        gv1_0.cccd,
        gv1_0.diachi,
        gv1_0.email,
        gv1_0.gioitinh,
        gv1_0.hangday,
        gv1_0.hoten,
        gv1_0.ngaysinh,
        gv1_0.sodienthoai 
    from
        giao_vien gv1_0 
    where
        gv1_0.magv=?
2026-07-22 10:39:41 [http-nio-8081-exec-7] TRACE org.hibernate.orm.jdbc.bind - binding parameter (1:INTEGER) <- [1]
2026-07-22 10:39:41 [http-nio-8081-exec-7] DEBUG org.hibernate.SQL - 
    select
        kh1_0.makh,
        cth1_0.macth,
        cth1_0.hangbang,
        cth1_0.hocphi,
        cth1_0.sobuoilythuyet,
        cth1_0.sobuoithuchanh,
        cth1_0.tenchuongtrinh,
        kh1_0.ngaybatdau,
        kh1_0.ngayketthuc,
        kh1_0.tenkhoahoc,
        kh1_0.trangthai 
    from
        khoa_hoc kh1_0 
    left join
        chuong_trinh_hoc cth1_0 
            on cth1_0.macth=kh1_0.macth 
    where
        kh1_0.makh=?
2026-07-22 10:39:41 [http-nio-8081-exec-7] TRACE org.hibernate.orm.jdbc.bind - binding parameter (1:INTEGER) <- [1]
2026-07-22 10:39:41 [http-nio-8081-exec-7] DEBUG org.hibernate.SQL - 
    select
        kh1_0.makh,
        cth1_0.macth,
        cth1_0.hangbang,
        cth1_0.hocphi,
        cth1_0.sobuoilythuyet,
        cth1_0.sobuoithuchanh,
        cth1_0.tenchuongtrinh,
        kh1_0.ngaybatdau,
        kh1_0.ngayketthuc,
        kh1_0.tenkhoahoc,
        kh1_0.trangthai 
    from
        khoa_hoc kh1_0 
    left join
        chuong_trinh_hoc cth1_0 
            on cth1_0.macth=kh1_0.macth 
    where
        kh1_0.makh=?
2026-07-22 10:39:41 [http-nio-8081-exec-7] TRACE org.hibernate.orm.jdbc.bind - binding parameter (1:INTEGER) <- [2]
2026-07-22 10:39:41 [http-nio-8081-exec-8] DEBUG org.hibernate.SQL - 
    select
        mh1_0.mamh,
        mh1_0.so_tiet,
        mh1_0.tenmonhoc 
    from
        mon_hoc mh1_0
2026-07-22 10:39:42 [http-nio-8081-exec-3] DEBUG org.hibernate.SQL - 
    select
        lh1_0.malop,
        lh1_0.magv,
        lh1_0.makh,
        lh1_0.soluong,
        lh1_0.tenlop,
        lh1_0.trangthai 
    from
        lop_hoc lh1_0
2026-07-22 10:39:42 [http-nio-8081-exec-2] DEBUG org.hibernate.SQL - 
    select
        lh1_0.malich,
        lh1_0.macahoc,
        lh1_0.ghichu,
        lh1_0.magv,
        lh1_0.malop,
        lh1_0.mamh,
        lh1_0.ngayhoc,
        lh1_0.maphong 
    from
        lich_hoc lh1_0
2026-07-22 10:39:42 [http-nio-8081-exec-3] DEBUG org.hibernate.SQL - 
    select
        gv1_0.magv,
        gv1_0.cccd,
        gv1_0.diachi,
        gv1_0.email,
        gv1_0.gioitinh,
        gv1_0.hangday,
        gv1_0.hoten,
        gv1_0.ngaysinh,
        gv1_0.sodienthoai 
    from
        giao_vien gv1_0 
    where
        gv1_0.magv=?
2026-07-22 10:39:42 [http-nio-8081-exec-2] DEBUG org.hibernate.SQL - 
    select
        ch1_0.macahoc,
        ch1_0.giobatdau,
        ch1_0.gioketthuc,
        ch1_0.tencahoc 
    from
        ca_hoc ch1_0 
    where
        ch1_0.macahoc=?
2026-07-22 10:39:42 [http-nio-8081-exec-3] TRACE org.hibernate.orm.jdbc.bind - binding parameter (1:INTEGER) <- [1]
2026-07-22 10:39:42 [http-nio-8081-exec-2] TRACE org.hibernate.orm.jdbc.bind - binding parameter (1:INTEGER) <- [1]
2026-07-22 10:39:42 [http-nio-8081-exec-3] DEBUG org.hibernate.SQL - 
    select
        kh1_0.makh,
        cth1_0.macth,
        cth1_0.hangbang,
        cth1_0.hocphi,
        cth1_0.sobuoilythuyet,
        cth1_0.sobuoithuchanh,
        cth1_0.tenchuongtrinh,
        kh1_0.ngaybatdau,
        kh1_0.ngayketthuc,
        kh1_0.tenkhoahoc,
        kh1_0.trangthai 
    from
        khoa_hoc kh1_0 
    left join
        chuong_trinh_hoc cth1_0 
            on cth1_0.macth=kh1_0.macth 
    where
        kh1_0.makh=?
2026-07-22 10:39:42 [http-nio-8081-exec-3] TRACE org.hibernate.orm.jdbc.bind - binding parameter (1:INTEGER) <- [1]
2026-07-22 10:39:42 [http-nio-8081-exec-3] DEBUG org.hibernate.SQL - 
    select
        kh1_0.makh,
        cth1_0.macth,
        cth1_0.hangbang,
        cth1_0.hocphi,
        cth1_0.sobuoilythuyet,
        cth1_0.sobuoithuchanh,
        cth1_0.tenchuongtrinh,
        kh1_0.ngaybatdau,
        kh1_0.ngayketthuc,
        kh1_0.tenkhoahoc,
        kh1_0.trangthai 
    from
        khoa_hoc kh1_0 
    left join
        chuong_trinh_hoc cth1_0 
            on cth1_0.macth=kh1_0.macth 
    where
        kh1_0.makh=?
2026-07-22 10:39:42 [http-nio-8081-exec-3] TRACE org.hibernate.orm.jdbc.bind - binding parameter (1:INTEGER) <- [2]
2026-07-22 10:39:43 [http-nio-8081-exec-4] DEBUG org.hibernate.SQL - 
    select
        lh1_0.malop,
        lh1_0.magv,
        lh1_0.makh,
        lh1_0.soluong,
        lh1_0.tenlop,
        lh1_0.trangthai 
    from
        lop_hoc lh1_0
2026-07-22 10:39:43 [http-nio-8081-exec-4] DEBUG org.hibernate.SQL - 
    select
        gv1_0.magv,
        gv1_0.cccd,
        gv1_0.diachi,
        gv1_0.email,
        gv1_0.gioitinh,
        gv1_0.hangday,
        gv1_0.hoten,
        gv1_0.ngaysinh,
        gv1_0.sodienthoai 
    from
        giao_vien gv1_0 
    where
        gv1_0.magv=?
2026-07-22 10:39:43 [http-nio-8081-exec-4] TRACE org.hibernate.orm.jdbc.bind - binding parameter (1:INTEGER) <- [1]
2026-07-22 10:39:43 [http-nio-8081-exec-4] DEBUG org.hibernate.SQL - 
    select
        kh1_0.makh,
        cth1_0.macth,
        cth1_0.hangbang,
        cth1_0.hocphi,
        cth1_0.sobuoilythuyet,
        cth1_0.sobuoithuchanh,
        cth1_0.tenchuongtrinh,
        kh1_0.ngaybatdau,
        kh1_0.ngayketthuc,
        kh1_0.tenkhoahoc,
        kh1_0.trangthai 
    from
        khoa_hoc kh1_0 
    left join
        chuong_trinh_hoc cth1_0 
            on cth1_0.macth=kh1_0.macth 
    where
        kh1_0.makh=?
2026-07-22 10:39:43 [http-nio-8081-exec-4] TRACE org.hibernate.orm.jdbc.bind - binding parameter (1:INTEGER) <- [1]
2026-07-22 10:39:43 [http-nio-8081-exec-4] DEBUG org.hibernate.SQL - 
    select
        kh1_0.makh,
        cth1_0.macth,
        cth1_0.hangbang,
        cth1_0.hocphi,
        cth1_0.sobuoilythuyet,
        cth1_0.sobuoithuchanh,
        cth1_0.tenchuongtrinh,
        kh1_0.ngaybatdau,
        kh1_0.ngayketthuc,
        kh1_0.tenkhoahoc,
        kh1_0.trangthai 
    from
        khoa_hoc kh1_0 
    left join
        chuong_trinh_hoc cth1_0 
            on cth1_0.macth=kh1_0.macth 
    where
        kh1_0.makh=?
2026-07-22 10:39:43 [http-nio-8081-exec-4] TRACE org.hibernate.orm.jdbc.bind - binding parameter (1:INTEGER) <- [2]
2026-07-22 10:39:43 [http-nio-8081-exec-5] DEBUG org.hibernate.SQL - 
    select
        mh1_0.mamh,
        mh1_0.so_tiet,
        mh1_0.tenmonhoc 
    from
        mon_hoc mh1_0
2026-07-22 10:39:43 [http-nio-8081-exec-10] DEBUG org.hibernate.SQL - 
    select
        gv1_0.magv,
        gv1_0.cccd,
        gv1_0.diachi,
        gv1_0.email,
        gv1_0.gioitinh,
        gv1_0.hangday,
        gv1_0.hoten,
        gv1_0.ngaysinh,
        gv1_0.sodienthoai 
    from
        giao_vien gv1_0
2026-07-22 10:39:43 [http-nio-8081-exec-9] DEBUG org.hibernate.SQL - 
    select
        ph1_0.maphong,
        ph1_0.succhua,
        ph1_0.tenphong,
        ph1_0.trangthai 
    from
        phong_hoc ph1_0
2026-07-22 10:39:43 [http-nio-8081-exec-8] DEBUG org.hibernate.SQL - 
    select
        ch1_0.macahoc,
        ch1_0.giobatdau,
        ch1_0.gioketthuc,
        ch1_0.tencahoc 
    from
        ca_hoc ch1_0
2026-07-22 10:39:43 [http-nio-8081-exec-1] DEBUG org.hibernate.SQL - 
    select
        lh1_0.malich,
        lh1_0.macahoc,
        lh1_0.ghichu,
        lh1_0.magv,
        lh1_0.malop,
        lh1_0.mamh,
        lh1_0.ngayhoc,
        lh1_0.maphong 
    from
        lich_hoc lh1_0
2026-07-22 10:39:43 [http-nio-8081-exec-1] DEBUG org.hibernate.SQL - 
    select
        ch1_0.macahoc,
        ch1_0.giobatdau,
        ch1_0.gioketthuc,
        ch1_0.tencahoc 
    from
        ca_hoc ch1_0 
    where
        ch1_0.macahoc=?
2026-07-22 10:39:43 [http-nio-8081-exec-1] TRACE org.hibernate.orm.jdbc.bind - binding parameter (1:INTEGER) <- [1]
2026-07-22 10:39:44 [http-nio-8081-exec-2] DEBUG org.hibernate.SQL - 
    select
        ch1_0.macahoc,
        ch1_0.giobatdau,
        ch1_0.gioketthuc,
        ch1_0.tencahoc 
    from
        ca_hoc ch1_0
2026-07-22 10:39:45 [http-nio-8081-exec-3] DEBUG org.hibernate.SQL - 
    select
        hv1_0.mahv,
        hv1_0.cccd,
        hv1_0.diachi,
        hv1_0.email,
        hv1_0.gioitinh,
        hv1_0.hoten,
        hv1_0.ngaydangky,
        hv1_0.ngaysinh,
        hv1_0.sodienthoai 
    from
        hoc_vien hv1_0
2026-07-22 10:39:45 [http-nio-8081-exec-4] DEBUG org.hibernate.SQL - 
    select
        gv1_0.magv,
        gv1_0.cccd,
        gv1_0.diachi,
        gv1_0.email,
        gv1_0.gioitinh,
        gv1_0.hangday,
        gv1_0.hoten,
        gv1_0.ngaysinh,
        gv1_0.sodienthoai 
    from
        giao_vien gv1_0
2026-07-22 10:39:45 [http-nio-8081-exec-5] DEBUG org.hibernate.SQL - 
    select
        xtl1_0.maxetl,
        xtl1_0.ghichu,
        xtl1_0.handangkiem,
        xtl1_0.hangbang,
        xtl1_0.ngay_cap_nhat,
        xtl1_0.ngaydangkiem,
        xtl1_0.ngay_tao,
        xtl1_0.maxe 
    from
        xe_tap_lai xtl1_0
2026-07-22 10:39:45 [http-nio-8081-exec-5] DEBUG org.hibernate.SQL - 
    select
        x1_0.maxe,
        x1_0.bienso,
        x1_0.hangxe,
        x1_0.loaixe,
        x1_0.namsanxuat,
        x1_0.trangthai 
    from
        xe x1_0 
    where
        x1_0.maxe=?
2026-07-22 10:39:45 [http-nio-8081-exec-5] TRACE org.hibernate.orm.jdbc.bind - binding parameter (1:INTEGER) <- [1]
2026-07-22 10:39:45 [http-nio-8081-exec-6] DEBUG org.hibernate.SQL - 
    select
        pc1_0.id,
        pc1_0.ghichu,
        pc1_0.magv,
        pc1_0.mahv,
        pc1_0.ngay_phan_cong,
        pc1_0.maxetl 
    from
        phan_cong pc1_0
2026-07-22 10:39:45 [http-nio-8081-exec-6] DEBUG org.hibernate.SQL - 
    select
        hv1_0.mahv,
        hv1_0.cccd,
        hv1_0.diachi,
        hv1_0.email,
        hv1_0.gioitinh,
        hv1_0.hoten,
        hv1_0.ngaydangky,
        hv1_0.ngaysinh,
        hv1_0.sodienthoai 
    from
        hoc_vien hv1_0 
    where
        hv1_0.mahv=?
2026-07-22 10:39:45 [http-nio-8081-exec-6] TRACE org.hibernate.orm.jdbc.bind - binding parameter (1:INTEGER) <- [1]
2026-07-22 10:39:45 [http-nio-8081-exec-6] DEBUG org.hibernate.SQL - 
    select
        xtl1_0.maxetl,
        xtl1_0.ghichu,
        xtl1_0.handangkiem,
        xtl1_0.hangbang,
        xtl1_0.ngay_cap_nhat,
        xtl1_0.ngaydangkiem,
        xtl1_0.ngay_tao,
        x1_0.maxe,
        x1_0.bienso,
        x1_0.hangxe,
        x1_0.loaixe,
        x1_0.namsanxuat,
        x1_0.trangthai 
    from
        xe_tap_lai xtl1_0 
    left join
        xe x1_0 
            on x1_0.maxe=xtl1_0.maxe 
    where
        xtl1_0.maxetl=?
2026-07-22 10:39:45 [http-nio-8081-exec-6] TRACE org.hibernate.orm.jdbc.bind - binding parameter (1:INTEGER) <- [1]
2026-07-22 10:39:45 [http-nio-8081-exec-6] DEBUG org.hibernate.SQL - 
    select
        hv1_0.mahv,
        hv1_0.cccd,
        hv1_0.diachi,
        hv1_0.email,
        hv1_0.gioitinh,
        hv1_0.hoten,
        hv1_0.ngaydangky,
        hv1_0.ngaysinh,
        hv1_0.sodienthoai 
    from
        hoc_vien hv1_0 
    where
        hv1_0.mahv=?
2026-07-22 10:39:45 [http-nio-8081-exec-6] TRACE org.hibernate.orm.jdbc.bind - binding parameter (1:INTEGER) <- [3]
2026-07-22 10:39:46 [http-nio-8081-exec-9] DEBUG org.hibernate.SQL - 
    select
        x1_0.maxe,
        x1_0.bienso,
        x1_0.hangxe,
        x1_0.loaixe,
        x1_0.namsanxuat,
        x1_0.trangthai 
    from
        xe x1_0
2026-07-22 10:39:46 [http-nio-8081-exec-7] DEBUG org.hibernate.SQL - 
    select
        x1_0.maxe,
        x1_0.bienso,
        x1_0.hangxe,
        x1_0.loaixe,
        x1_0.namsanxuat,
        x1_0.trangthai 
    from
        xe x1_0
2026-07-22 10:39:46 [http-nio-8081-exec-8] DEBUG org.hibernate.SQL - 
    select
        xtl1_0.maxetl,
        xtl1_0.ghichu,
        xtl1_0.handangkiem,
        xtl1_0.hangbang,
        xtl1_0.ngay_cap_nhat,
        xtl1_0.ngaydangkiem,
        xtl1_0.ngay_tao,
        xtl1_0.maxe 
    from
        xe_tap_lai xtl1_0
2026-07-22 10:39:46 [http-nio-8081-exec-8] DEBUG org.hibernate.SQL - 
    select
        x1_0.maxe,
        x1_0.bienso,
        x1_0.hangxe,
        x1_0.loaixe,
        x1_0.namsanxuat,
        x1_0.trangthai 
    from
        xe x1_0 
    where
        x1_0.maxe=?
2026-07-22 10:39:46 [http-nio-8081-exec-8] TRACE org.hibernate.orm.jdbc.bind - binding parameter (1:INTEGER) <- [1]
2026-07-22 10:39:47 [http-nio-8081-exec-1] DEBUG org.hibernate.SQL - 
    select
        hv1_0.mahv,
        hv1_0.cccd,
        hv1_0.diachi,
        hv1_0.email,
        hv1_0.gioitinh,
        hv1_0.hoten,
        hv1_0.ngaydangky,
        hv1_0.ngaysinh,
        hv1_0.sodienthoai 
    from
        hoc_vien hv1_0
2026-07-22 10:39:47 [http-nio-8081-exec-2] DEBUG org.hibernate.SQL - 
    select
        gv1_0.magv,
        gv1_0.cccd,
        gv1_0.diachi,
        gv1_0.email,
        gv1_0.gioitinh,
        gv1_0.hangday,
        gv1_0.hoten,
        gv1_0.ngaysinh,
        gv1_0.sodienthoai 
    from
        giao_vien gv1_0
2026-07-22 10:39:47 [http-nio-8081-exec-3] DEBUG org.hibernate.SQL - 
    select
        xtl1_0.maxetl,
        xtl1_0.ghichu,
        xtl1_0.handangkiem,
        xtl1_0.hangbang,
        xtl1_0.ngay_cap_nhat,
        xtl1_0.ngaydangkiem,
        xtl1_0.ngay_tao,
        xtl1_0.maxe 
    from
        xe_tap_lai xtl1_0
2026-07-22 10:39:47 [http-nio-8081-exec-3] DEBUG org.hibernate.SQL - 
    select
        x1_0.maxe,
        x1_0.bienso,
        x1_0.hangxe,
        x1_0.loaixe,
        x1_0.namsanxuat,
        x1_0.trangthai 
    from
        xe x1_0 
    where
        x1_0.maxe=?
2026-07-22 10:39:47 [http-nio-8081-exec-3] TRACE org.hibernate.orm.jdbc.bind - binding parameter (1:INTEGER) <- [1]
2026-07-22 10:39:47 [http-nio-8081-exec-4] DEBUG org.hibernate.SQL - 
    select
        pc1_0.id,
        pc1_0.ghichu,
        pc1_0.magv,
        pc1_0.mahv,
        pc1_0.ngay_phan_cong,
        pc1_0.maxetl 
    from
        phan_cong pc1_0
2026-07-22 10:39:47 [http-nio-8081-exec-4] DEBUG org.hibernate.SQL - 
    select
        hv1_0.mahv,
        hv1_0.cccd,
        hv1_0.diachi,
        hv1_0.email,
        hv1_0.gioitinh,
        hv1_0.hoten,
        hv1_0.ngaydangky,
        hv1_0.ngaysinh,
        hv1_0.sodienthoai 
    from
        hoc_vien hv1_0 
    where
        hv1_0.mahv=?
2026-07-22 10:39:47 [http-nio-8081-exec-4] TRACE org.hibernate.orm.jdbc.bind - binding parameter (1:INTEGER) <- [1]
2026-07-22 10:39:47 [http-nio-8081-exec-4] DEBUG org.hibernate.SQL - 
    select
        xtl1_0.maxetl,
        xtl1_0.ghichu,
        xtl1_0.handangkiem,
        xtl1_0.hangbang,
        xtl1_0.ngay_cap_nhat,
        xtl1_0.ngaydangkiem,
        xtl1_0.ngay_tao,
        x1_0.maxe,
        x1_0.bienso,
        x1_0.hangxe,
        x1_0.loaixe,
        x1_0.namsanxuat,
        x1_0.trangthai 
    from
        xe_tap_lai xtl1_0 
    left join
        xe x1_0 
            on x1_0.maxe=xtl1_0.maxe 
    where
        xtl1_0.maxetl=?
2026-07-22 10:39:47 [http-nio-8081-exec-4] TRACE org.hibernate.orm.jdbc.bind - binding parameter (1:INTEGER) <- [1]
2026-07-22 10:39:47 [http-nio-8081-exec-4] DEBUG org.hibernate.SQL - 
    select
        hv1_0.mahv,
        hv1_0.cccd,
        hv1_0.diachi,
        hv1_0.email,
        hv1_0.gioitinh,
        hv1_0.hoten,
        hv1_0.ngaydangky,
        hv1_0.ngaysinh,
        hv1_0.sodienthoai 
    from
        hoc_vien hv1_0 
    where
        hv1_0.mahv=?
2026-07-22 10:39:47 [http-nio-8081-exec-4] TRACE org.hibernate.orm.jdbc.bind - binding parameter (1:INTEGER) <- [3]
2026-07-22 10:39:48 [http-nio-8081-exec-5] DEBUG org.hibernate.SQL - 
    select
        x1_0.maxe,
        x1_0.bienso,
        x1_0.hangxe,
        x1_0.loaixe,
        x1_0.namsanxuat,
        x1_0.trangthai 
    from
        xe x1_0
2026-07-22 10:39:49 [http-nio-8081-exec-10] DEBUG org.hibernate.SQL - 
    select
        x1_0.maxe,
        x1_0.bienso,
        x1_0.hangxe,
        x1_0.loaixe,
        x1_0.namsanxuat,
        x1_0.trangthai 
    from
        xe x1_0
2026-07-22 10:39:49 [http-nio-8081-exec-6] DEBUG org.hibernate.SQL - 
    select
        xtl1_0.maxetl,
        xtl1_0.ghichu,
        xtl1_0.handangkiem,
        xtl1_0.hangbang,
        xtl1_0.ngay_cap_nhat,
        xtl1_0.ngaydangkiem,
        xtl1_0.ngay_tao,
        xtl1_0.maxe 
    from
        xe_tap_lai xtl1_0
2026-07-22 10:39:49 [http-nio-8081-exec-6] DEBUG org.hibernate.SQL - 
    select
        x1_0.maxe,
        x1_0.bienso,
        x1_0.hangxe,
        x1_0.loaixe,
        x1_0.namsanxuat,
        x1_0.trangthai 
    from
        xe x1_0 
    where
        x1_0.maxe=?
2026-07-22 10:39:49 [http-nio-8081-exec-6] TRACE org.hibernate.orm.jdbc.bind - binding parameter (1:INTEGER) <- [1]
2026-07-22 10:39:51 [http-nio-8081-exec-9] DEBUG org.hibernate.SQL - 
    select
        ph1_0.maphong,
        ph1_0.succhua,
        ph1_0.tenphong,
        ph1_0.trangthai 
    from
        phong_hoc ph1_0
2026-07-22 10:39:52 [http-nio-8081-exec-7] DEBUG org.hibernate.SQL - 
    select
        mh1_0.mamh,
        mh1_0.so_tiet,
        mh1_0.tenmonhoc 
    from
        mon_hoc mh1_0
2026-07-22 10:39:53 [http-nio-8081-exec-8] DEBUG org.hibernate.SQL - 
    select
        kh1_0.makh,
        kh1_0.macth,
        kh1_0.ngaybatdau,
        kh1_0.ngayketthuc,
        kh1_0.tenkhoahoc,
        kh1_0.trangthai 
    from
        khoa_hoc kh1_0
2026-07-22 10:39:53 [http-nio-8081-exec-8] DEBUG org.hibernate.SQL - 
    select
        cth1_0.macth,
        cth1_0.hangbang,
        cth1_0.hocphi,
        cth1_0.sobuoilythuyet,
        cth1_0.sobuoithuchanh,
        cth1_0.tenchuongtrinh 
    from
        chuong_trinh_hoc cth1_0 
    where
        cth1_0.macth=?
2026-07-22 10:39:53 [http-nio-8081-exec-8] TRACE org.hibernate.orm.jdbc.bind - binding parameter (1:INTEGER) <- [2]
2026-07-22 10:39:53 [http-nio-8081-exec-8] DEBUG org.hibernate.SQL - 
    select
        count_big(dkkh1_0.madk) 
    from
        dang_ky_khoa_hoc dkkh1_0 
    where
        dkkh1_0.makh=?
2026-07-22 10:39:53 [http-nio-8081-exec-8] TRACE org.hibernate.orm.jdbc.bind - binding parameter (1:INTEGER) <- [1]
2026-07-22 10:39:53 [http-nio-8081-exec-8] DEBUG org.hibernate.SQL - 
    select
        count_big(dkkh1_0.madk) 
    from
        dang_ky_khoa_hoc dkkh1_0 
    where
        dkkh1_0.makh=?
2026-07-22 10:39:53 [http-nio-8081-exec-8] TRACE org.hibernate.orm.jdbc.bind - binding parameter (1:INTEGER) <- [2]
2026-07-22 10:39:53 [http-nio-8081-exec-1] DEBUG org.hibernate.SQL - 
    select
        gv1_0.magv,
        gv1_0.cccd,
        gv1_0.diachi,
        gv1_0.email,
        gv1_0.gioitinh,
        gv1_0.hangday,
        gv1_0.hoten,
        gv1_0.ngaysinh,
        gv1_0.sodienthoai 
    from
        giao_vien gv1_0
2026-07-22 10:39:53 [http-nio-8081-exec-2] DEBUG org.hibernate.SQL - 
    select
        lh1_0.malop,
        lh1_0.magv,
        lh1_0.makh,
        lh1_0.soluong,
        lh1_0.tenlop,
        lh1_0.trangthai 
    from
        lop_hoc lh1_0
2026-07-22 10:39:53 [http-nio-8081-exec-2] DEBUG org.hibernate.SQL - 
    select
        gv1_0.magv,
        gv1_0.cccd,
        gv1_0.diachi,
        gv1_0.email,
        gv1_0.gioitinh,
        gv1_0.hangday,
        gv1_0.hoten,
        gv1_0.ngaysinh,
        gv1_0.sodienthoai 
    from
        giao_vien gv1_0 
    where
        gv1_0.magv=?
2026-07-22 10:39:53 [http-nio-8081-exec-2] TRACE org.hibernate.orm.jdbc.bind - binding parameter (1:INTEGER) <- [1]
2026-07-22 10:39:53 [http-nio-8081-exec-2] DEBUG org.hibernate.SQL - 
    select
        kh1_0.makh,
        cth1_0.macth,
        cth1_0.hangbang,
        cth1_0.hocphi,
        cth1_0.sobuoilythuyet,
        cth1_0.sobuoithuchanh,
        cth1_0.tenchuongtrinh,
        kh1_0.ngaybatdau,
        kh1_0.ngayketthuc,
        kh1_0.tenkhoahoc,
        kh1_0.trangthai 
    from
        khoa_hoc kh1_0 
    left join
        chuong_trinh_hoc cth1_0 
            on cth1_0.macth=kh1_0.macth 
    where
        kh1_0.makh=?
2026-07-22 10:39:53 [http-nio-8081-exec-2] TRACE org.hibernate.orm.jdbc.bind - binding parameter (1:INTEGER) <- [1]
2026-07-22 10:39:53 [http-nio-8081-exec-2] DEBUG org.hibernate.SQL - 
    select
        kh1_0.makh,
        cth1_0.macth,
        cth1_0.hangbang,
        cth1_0.hocphi,
        cth1_0.sobuoilythuyet,
        cth1_0.sobuoithuchanh,
        cth1_0.tenchuongtrinh,
        kh1_0.ngaybatdau,
        kh1_0.ngayketthuc,
        kh1_0.tenkhoahoc,
        kh1_0.trangthai 
    from
        khoa_hoc kh1_0 
    left join
        chuong_trinh_hoc cth1_0 
            on cth1_0.macth=kh1_0.macth 
    where
        kh1_0.makh=?
2026-07-22 10:39:53 [http-nio-8081-exec-2] TRACE org.hibernate.orm.jdbc.bind - binding parameter (1:INTEGER) <- [2]
2026-07-22 10:39:53 [http-nio-8081-exec-3] DEBUG org.hibernate.SQL - 
    select
        hv1_0.mahv,
        hv1_0.cccd,
        hv1_0.diachi,
        hv1_0.email,
        hv1_0.gioitinh,
        hv1_0.hoten,
        hv1_0.ngaydangky,
        hv1_0.ngaysinh,
        hv1_0.sodienthoai 
    from
        hoc_vien hv1_0
2026-07-22 10:39:53 [http-nio-8081-exec-4] DEBUG org.hibernate.SQL - 
    select
        kh1_0.makh,
        kh1_0.macth,
        kh1_0.ngaybatdau,
        kh1_0.ngayketthuc,
        kh1_0.tenkhoahoc,
        kh1_0.trangthai 
    from
        khoa_hoc kh1_0
2026-07-22 10:39:53 [http-nio-8081-exec-4] DEBUG org.hibernate.SQL - 
    select
        cth1_0.macth,
        cth1_0.hangbang,
        cth1_0.hocphi,
        cth1_0.sobuoilythuyet,
        cth1_0.sobuoithuchanh,
        cth1_0.tenchuongtrinh 
    from
        chuong_trinh_hoc cth1_0 
    where
        cth1_0.macth=?
2026-07-22 10:39:53 [http-nio-8081-exec-4] TRACE org.hibernate.orm.jdbc.bind - binding parameter (1:INTEGER) <- [2]
2026-07-22 10:39:53 [http-nio-8081-exec-4] DEBUG org.hibernate.SQL - 
    select
        count_big(dkkh1_0.madk) 
    from
        dang_ky_khoa_hoc dkkh1_0 
    where
        dkkh1_0.makh=?
2026-07-22 10:39:53 [http-nio-8081-exec-4] TRACE org.hibernate.orm.jdbc.bind - binding parameter (1:INTEGER) <- [1]
2026-07-22 10:39:53 [http-nio-8081-exec-4] DEBUG org.hibernate.SQL - 
    select
        count_big(dkkh1_0.madk) 
    from
        dang_ky_khoa_hoc dkkh1_0 
    where
        dkkh1_0.makh=?
2026-07-22 10:39:53 [http-nio-8081-exec-4] TRACE org.hibernate.orm.jdbc.bind - binding parameter (1:INTEGER) <- [2]
2026-07-22 10:39:53 [http-nio-8081-exec-5] DEBUG org.hibernate.SQL - 
    select
        dkkh1_0.madk,
        dkkh1_0.mahv,
        dkkh1_0.makh,
        dkkh1_0.ngaydangky,
        dkkh1_0.trangthai 
    from
        dang_ky_khoa_hoc dkkh1_0
2026-07-22 10:39:53 [http-nio-8081-exec-5] DEBUG org.hibernate.SQL - 
    select
        hv1_0.mahv,
        hv1_0.cccd,
        hv1_0.diachi,
        hv1_0.email,
        hv1_0.gioitinh,
        hv1_0.hoten,
        hv1_0.ngaydangky,
        hv1_0.ngaysinh,
        hv1_0.sodienthoai 
    from
        hoc_vien hv1_0 
    where
        hv1_0.mahv=?
2026-07-22 10:39:53 [http-nio-8081-exec-5] TRACE org.hibernate.orm.jdbc.bind - binding parameter (1:INTEGER) <- [1]
2026-07-22 10:39:53 [http-nio-8081-exec-5] DEBUG org.hibernate.SQL - 
    select
        kh1_0.makh,
        cth1_0.macth,
        cth1_0.hangbang,
        cth1_0.hocphi,
        cth1_0.sobuoilythuyet,
        cth1_0.sobuoithuchanh,
        cth1_0.tenchuongtrinh,
        kh1_0.ngaybatdau,
        kh1_0.ngayketthuc,
        kh1_0.tenkhoahoc,
        kh1_0.trangthai 
    from
        khoa_hoc kh1_0 
    left join
        chuong_trinh_hoc cth1_0 
            on cth1_0.macth=kh1_0.macth 
    where
        kh1_0.makh=?
2026-07-22 10:39:53 [http-nio-8081-exec-5] TRACE org.hibernate.orm.jdbc.bind - binding parameter (1:INTEGER) <- [1]
2026-07-22 10:39:53 [http-nio-8081-exec-5] DEBUG org.hibernate.SQL - 
    select
        hv1_0.mahv,
        hv1_0.cccd,
        hv1_0.diachi,
        hv1_0.email,
        hv1_0.gioitinh,
        hv1_0.hoten,
        hv1_0.ngaydangky,
        hv1_0.ngaysinh,
        hv1_0.sodienthoai 
    from
        hoc_vien hv1_0 
    where
        hv1_0.mahv=?
2026-07-22 10:39:53 [http-nio-8081-exec-5] TRACE org.hibernate.orm.jdbc.bind - binding parameter (1:INTEGER) <- [2]
2026-07-22 10:39:53 [http-nio-8081-exec-5] DEBUG org.hibernate.SQL - 
    select
        hv1_0.mahv,
        hv1_0.cccd,
        hv1_0.diachi,
        hv1_0.email,
        hv1_0.gioitinh,
        hv1_0.hoten,
        hv1_0.ngaydangky,
        hv1_0.ngaysinh,
        hv1_0.sodienthoai 
    from
        hoc_vien hv1_0 
    where
        hv1_0.mahv=?
2026-07-22 10:39:53 [http-nio-8081-exec-5] TRACE org.hibernate.orm.jdbc.bind - binding parameter (1:INTEGER) <- [3]
2026-07-22 10:39:53 [http-nio-8081-exec-5] DEBUG org.hibernate.SQL - 
    select
        kh1_0.makh,
        cth1_0.macth,
        cth1_0.hangbang,
        cth1_0.hocphi,
        cth1_0.sobuoilythuyet,
        cth1_0.sobuoithuchanh,
        cth1_0.tenchuongtrinh,
        kh1_0.ngaybatdau,
        kh1_0.ngayketthuc,
        kh1_0.tenkhoahoc,
        kh1_0.trangthai 
    from
        khoa_hoc kh1_0 
    left join
        chuong_trinh_hoc cth1_0 
            on cth1_0.macth=kh1_0.macth 
    where
        kh1_0.makh=?
2026-07-22 10:39:53 [http-nio-8081-exec-5] TRACE org.hibernate.orm.jdbc.bind - binding parameter (1:INTEGER) <- [2]
2026-07-22 10:39:54 [http-nio-8081-exec-6] DEBUG org.hibernate.SQL - 
    select
        cth1_0.macth,
        cth1_0.hangbang,
        cth1_0.hocphi,
        cth1_0.sobuoilythuyet,
        cth1_0.sobuoithuchanh,
        cth1_0.tenchuongtrinh 
    from
        chuong_trinh_hoc cth1_0
2026-07-22 10:39:54 [http-nio-8081-exec-10] DEBUG org.hibernate.SQL - 
    select
        kh1_0.makh,
        kh1_0.macth,
        kh1_0.ngaybatdau,
        kh1_0.ngayketthuc,
        kh1_0.tenkhoahoc,
        kh1_0.trangthai 
    from
        khoa_hoc kh1_0
2026-07-22 10:39:54 [http-nio-8081-exec-10] DEBUG org.hibernate.SQL - 
    select
        cth1_0.macth,
        cth1_0.hangbang,
        cth1_0.hocphi,
        cth1_0.sobuoilythuyet,
        cth1_0.sobuoithuchanh,
        cth1_0.tenchuongtrinh 
    from
        chuong_trinh_hoc cth1_0 
    where
        cth1_0.macth=?
2026-07-22 10:39:54 [http-nio-8081-exec-10] TRACE org.hibernate.orm.jdbc.bind - binding parameter (1:INTEGER) <- [2]
2026-07-22 10:39:54 [http-nio-8081-exec-10] DEBUG org.hibernate.SQL - 
    select
        count_big(dkkh1_0.madk) 
    from
        dang_ky_khoa_hoc dkkh1_0 
    where
        dkkh1_0.makh=?
2026-07-22 10:39:54 [http-nio-8081-exec-10] TRACE org.hibernate.orm.jdbc.bind - binding parameter (1:INTEGER) <- [1]
2026-07-22 10:39:54 [http-nio-8081-exec-10] DEBUG org.hibernate.SQL - 
    select
        count_big(dkkh1_0.madk) 
    from
        dang_ky_khoa_hoc dkkh1_0 
    where
        dkkh1_0.makh=?
2026-07-22 10:39:54 [http-nio-8081-exec-10] TRACE org.hibernate.orm.jdbc.bind - binding parameter (1:INTEGER) <- [2]
2026-07-22 10:39:54 [http-nio-8081-exec-9] DEBUG org.hibernate.SQL - 
    select
        cth1_0.macth,
        cth1_0.hangbang,
        cth1_0.hocphi,
        cth1_0.sobuoilythuyet,
        cth1_0.sobuoithuchanh,
        cth1_0.tenchuongtrinh 
    from
        chuong_trinh_hoc cth1_0
2026-07-22 10:39:57 [http-nio-8081-exec-8] DEBUG org.hibernate.SQL - 
    select
        cth1_0.macth,
        cth1_0.hangbang,
        cth1_0.hocphi,
        cth1_0.sobuoilythuyet,
        cth1_0.sobuoithuchanh,
        cth1_0.tenchuongtrinh 
    from
        chuong_trinh_hoc cth1_0
2026-07-22 10:40:00 [http-nio-8081-exec-2] DEBUG org.hibernate.SQL - 
    select
        cth1_0.macth,
        cth1_0.hangbang,
        cth1_0.hocphi,
        cth1_0.sobuoilythuyet,
        cth1_0.sobuoithuchanh,
        cth1_0.tenchuongtrinh 
    from
        chuong_trinh_hoc cth1_0
2026-07-22 10:40:00 [http-nio-8081-exec-1] DEBUG org.hibernate.SQL - 
    select
        kh1_0.makh,
        kh1_0.macth,
        kh1_0.ngaybatdau,
        kh1_0.ngayketthuc,
        kh1_0.tenkhoahoc,
        kh1_0.trangthai 
    from
        khoa_hoc kh1_0
2026-07-22 10:40:00 [http-nio-8081-exec-1] DEBUG org.hibernate.SQL - 
    select
        cth1_0.macth,
        cth1_0.hangbang,
        cth1_0.hocphi,
        cth1_0.sobuoilythuyet,
        cth1_0.sobuoithuchanh,
        cth1_0.tenchuongtrinh 
    from
        chuong_trinh_hoc cth1_0 
    where
        cth1_0.macth=?
2026-07-22 10:40:00 [http-nio-8081-exec-1] TRACE org.hibernate.orm.jdbc.bind - binding parameter (1:INTEGER) <- [2]
2026-07-22 10:40:00 [http-nio-8081-exec-1] DEBUG org.hibernate.SQL - 
    select
        count_big(dkkh1_0.madk) 
    from
        dang_ky_khoa_hoc dkkh1_0 
    where
        dkkh1_0.makh=?
2026-07-22 10:40:00 [http-nio-8081-exec-1] TRACE org.hibernate.orm.jdbc.bind - binding parameter (1:INTEGER) <- [1]
2026-07-22 10:40:00 [http-nio-8081-exec-1] DEBUG org.hibernate.SQL - 
    select
        count_big(dkkh1_0.madk) 
    from
        dang_ky_khoa_hoc dkkh1_0 
    where
        dkkh1_0.makh=?
2026-07-22 10:40:00 [http-nio-8081-exec-1] TRACE org.hibernate.orm.jdbc.bind - binding parameter (1:INTEGER) <- [2]
2026-07-22 10:41:24 [http-nio-8081-exec-5] DEBUG org.hibernate.SQL - 
    select
        tk1_0.id,
        tk1_0.anh,
        tk1_0.cccd,
        tk1_0.email,
        tk1_0.ho_ten,
        tk1_0.khoa_den,
        tk1_0.lan_dang_nhap_cuoi,
        tk1_0.mat_khau,
        tk1_0.ngay_cap_nhat,
        tk1_0.ngay_tao,
        tk1_0.nguoi_tao_id,
        tk1_0.so_dien_thoai,
        tk1_0.so_lan_dang_nhap_sai,
        tk1_0.ten_dang_nhap,
        tk1_0.trang_thai,
        tk1_0.vai_tro_id 
    from
        tai_khoan tk1_0 
    where
        tk1_0.ten_dang_nhap=?
2026-07-22 10:41:24 [http-nio-8081-exec-5] TRACE org.hibernate.orm.jdbc.bind - binding parameter (1:VARCHAR) <- [admin]
2026-07-22 10:41:24 [http-nio-8081-exec-5] DEBUG org.hibernate.SQL - 
    select
        vt1_0.id,
        vt1_0.ma_vai_tro,
        vt1_0.mo_ta,
        vt1_0.ngay_cap_nhat,
        vt1_0.ngay_tao,
        vt1_0.ten_vai_tro,
        vt1_0.trang_thai 
    from
        vai_tro vt1_0 
    where
        vt1_0.id=?
2026-07-22 10:41:24 [http-nio-8081-exec-5] TRACE org.hibernate.orm.jdbc.bind - binding parameter (1:INTEGER) <- [4]
2026-07-22 10:41:25 [http-nio-8081-exec-5] DEBUG org.hibernate.SQL - 
    select
        tk1_0.id,
        tk1_0.anh,
        tk1_0.cccd,
        tk1_0.email,
        tk1_0.ho_ten,
        tk1_0.khoa_den,
        tk1_0.lan_dang_nhap_cuoi,
        tk1_0.mat_khau,
        tk1_0.ngay_cap_nhat,
        tk1_0.ngay_tao,
        tk1_0.nguoi_tao_id,
        tk1_0.so_dien_thoai,
        tk1_0.so_lan_dang_nhap_sai,
        tk1_0.ten_dang_nhap,
        tk1_0.trang_thai,
        tk1_0.vai_tro_id 
    from
        tai_khoan tk1_0 
    where
        tk1_0.ten_dang_nhap=?
2026-07-22 10:41:25 [http-nio-8081-exec-5] TRACE org.hibernate.orm.jdbc.bind - binding parameter (1:VARCHAR) <- [admin]
2026-07-22 10:41:25 [http-nio-8081-exec-5] DEBUG org.hibernate.SQL - 
    select
        vt1_0.id,
        vt1_0.ma_vai_tro,
        vt1_0.mo_ta,
        vt1_0.ngay_cap_nhat,
        vt1_0.ngay_tao,
        vt1_0.ten_vai_tro,
        vt1_0.trang_thai 
    from
        vai_tro vt1_0 
    where
        vt1_0.id=?
2026-07-22 10:41:25 [http-nio-8081-exec-5] TRACE org.hibernate.orm.jdbc.bind - binding parameter (1:INTEGER) <- [4]
2026-07-22 10:41:25 [http-nio-8081-exec-6] DEBUG org.hibernate.SQL - 
    select
        kh1_0.makh,
        kh1_0.macth,
        kh1_0.ngaybatdau,
        kh1_0.ngayketthuc,
        kh1_0.tenkhoahoc,
        kh1_0.trangthai 
    from
        khoa_hoc kh1_0
2026-07-22 10:41:25 [http-nio-8081-exec-6] DEBUG org.hibernate.SQL - 
    select
        cth1_0.macth,
        cth1_0.hangbang,
        cth1_0.hocphi,
        cth1_0.sobuoilythuyet,
        cth1_0.sobuoithuchanh,
        cth1_0.tenchuongtrinh 
    from
        chuong_trinh_hoc cth1_0 
    where
        cth1_0.macth=?
2026-07-22 10:41:25 [http-nio-8081-exec-6] TRACE org.hibernate.orm.jdbc.bind - binding parameter (1:INTEGER) <- [2]
2026-07-22 10:41:25 [http-nio-8081-exec-6] DEBUG org.hibernate.SQL - 
    select
        count_big(dkkh1_0.madk) 
    from
        dang_ky_khoa_hoc dkkh1_0 
    where
        dkkh1_0.makh=?
2026-07-22 10:41:25 [http-nio-8081-exec-6] TRACE org.hibernate.orm.jdbc.bind - binding parameter (1:INTEGER) <- [1]
2026-07-22 10:41:25 [http-nio-8081-exec-6] DEBUG org.hibernate.SQL - 
    select
        count_big(dkkh1_0.madk) 
    from
        dang_ky_khoa_hoc dkkh1_0 
    where
        dkkh1_0.makh=?
2026-07-22 10:41:25 [http-nio-8081-exec-6] TRACE org.hibernate.orm.jdbc.bind - binding parameter (1:INTEGER) <- [2]
2026-07-22 10:42:52 [http-nio-8081-exec-9] DEBUG org.hibernate.SQL - 
    select
        kh1_0.makh,
        kh1_0.macth,
        kh1_0.ngaybatdau,
        kh1_0.ngayketthuc,
        kh1_0.tenkhoahoc,
        kh1_0.trangthai 
    from
        khoa_hoc kh1_0
2026-07-22 10:42:52 [http-nio-8081-exec-7] DEBUG org.hibernate.SQL - 
    select
        cth1_0.macth,
        cth1_0.hangbang,
        cth1_0.hocphi,
        cth1_0.sobuoilythuyet,
        cth1_0.sobuoithuchanh,
        cth1_0.tenchuongtrinh 
    from
        chuong_trinh_hoc cth1_0
2026-07-22 10:42:52 [http-nio-8081-exec-9] DEBUG org.hibernate.SQL - 
    select
        cth1_0.macth,
        cth1_0.hangbang,
        cth1_0.hocphi,
        cth1_0.sobuoilythuyet,
        cth1_0.sobuoithuchanh,
        cth1_0.tenchuongtrinh 
    from
        chuong_trinh_hoc cth1_0 
    where
        cth1_0.macth=?
2026-07-22 10:42:52 [http-nio-8081-exec-9] TRACE org.hibernate.orm.jdbc.bind - binding parameter (1:INTEGER) <- [2]
2026-07-22 10:42:52 [http-nio-8081-exec-9] DEBUG org.hibernate.SQL - 
    select
        count_big(dkkh1_0.madk) 
    from
        dang_ky_khoa_hoc dkkh1_0 
    where
        dkkh1_0.makh=?
2026-07-22 10:42:52 [http-nio-8081-exec-9] TRACE org.hibernate.orm.jdbc.bind - binding parameter (1:INTEGER) <- [1]
2026-07-22 10:42:52 [http-nio-8081-exec-9] DEBUG org.hibernate.SQL - 
    select
        count_big(dkkh1_0.madk) 
    from
        dang_ky_khoa_hoc dkkh1_0 
    where
        dkkh1_0.makh=?
2026-07-22 10:42:52 [http-nio-8081-exec-9] TRACE org.hibernate.orm.jdbc.bind - binding parameter (1:INTEGER) <- [2]
2026-07-22 10:42:55 [http-nio-8081-exec-8] DEBUG org.hibernate.SQL - 
    select
        cth1_0.macth,
        cth1_0.hangbang,
        cth1_0.hocphi,
        cth1_0.sobuoilythuyet,
        cth1_0.sobuoithuchanh,
        cth1_0.tenchuongtrinh 
    from
        chuong_trinh_hoc cth1_0
2026-07-22 10:42:55 [http-nio-8081-exec-1] DEBUG org.hibernate.SQL - 
    select
        cth1_0.macth,
        cth1_0.hangbang,
        cth1_0.hocphi,
        cth1_0.sobuoilythuyet,
        cth1_0.sobuoithuchanh,
        cth1_0.tenchuongtrinh 
    from
        chuong_trinh_hoc cth1_0
2026-07-22 10:42:55 [http-nio-8081-exec-2] DEBUG org.hibernate.SQL - 
    select
        kh1_0.makh,
        kh1_0.macth,
        kh1_0.ngaybatdau,
        kh1_0.ngayketthuc,
        kh1_0.tenkhoahoc,
        kh1_0.trangthai 
    from
        khoa_hoc kh1_0
2026-07-22 10:42:55 [http-nio-8081-exec-2] DEBUG org.hibernate.SQL - 
    select
        cth1_0.macth,
        cth1_0.hangbang,
        cth1_0.hocphi,
        cth1_0.sobuoilythuyet,
        cth1_0.sobuoithuchanh,
        cth1_0.tenchuongtrinh 
    from
        chuong_trinh_hoc cth1_0 
    where
        cth1_0.macth=?
2026-07-22 10:42:55 [http-nio-8081-exec-2] TRACE org.hibernate.orm.jdbc.bind - binding parameter (1:INTEGER) <- [2]
2026-07-22 10:42:55 [http-nio-8081-exec-2] DEBUG org.hibernate.SQL - 
    select
        count_big(dkkh1_0.madk) 
    from
        dang_ky_khoa_hoc dkkh1_0 
    where
        dkkh1_0.makh=?
2026-07-22 10:42:55 [http-nio-8081-exec-2] TRACE org.hibernate.orm.jdbc.bind - binding parameter (1:INTEGER) <- [1]
2026-07-22 10:42:55 [http-nio-8081-exec-2] DEBUG org.hibernate.SQL - 
    select
        count_big(dkkh1_0.madk) 
    from
        dang_ky_khoa_hoc dkkh1_0 
    where
        dkkh1_0.makh=?
2026-07-22 10:42:55 [http-nio-8081-exec-2] TRACE org.hibernate.orm.jdbc.bind - binding parameter (1:INTEGER) <- [2]
2026-07-22 10:42:57 [http-nio-8081-exec-3] DEBUG org.hibernate.SQL - 
    select
        kh1_0.makh,
        kh1_0.macth,
        kh1_0.ngaybatdau,
        kh1_0.ngayketthuc,
        kh1_0.tenkhoahoc,
        kh1_0.trangthai 
    from
        khoa_hoc kh1_0
2026-07-22 10:42:57 [http-nio-8081-exec-4] DEBUG org.hibernate.SQL - 
    select
        cth1_0.macth,
        cth1_0.hangbang,
        cth1_0.hocphi,
        cth1_0.sobuoilythuyet,
        cth1_0.sobuoithuchanh,
        cth1_0.tenchuongtrinh 
    from
        chuong_trinh_hoc cth1_0
2026-07-22 10:42:57 [http-nio-8081-exec-3] DEBUG org.hibernate.SQL - 
    select
        cth1_0.macth,
        cth1_0.hangbang,
        cth1_0.hocphi,
        cth1_0.sobuoilythuyet,
        cth1_0.sobuoithuchanh,
        cth1_0.tenchuongtrinh 
    from
        chuong_trinh_hoc cth1_0 
    where
        cth1_0.macth=?
2026-07-22 10:42:57 [http-nio-8081-exec-3] TRACE org.hibernate.orm.jdbc.bind - binding parameter (1:INTEGER) <- [2]
2026-07-22 10:42:57 [http-nio-8081-exec-3] DEBUG org.hibernate.SQL - 
    select
        count_big(dkkh1_0.madk) 
    from
        dang_ky_khoa_hoc dkkh1_0 
    where
        dkkh1_0.makh=?
2026-07-22 10:42:57 [http-nio-8081-exec-3] TRACE org.hibernate.orm.jdbc.bind - binding parameter (1:INTEGER) <- [1]
2026-07-22 10:42:57 [http-nio-8081-exec-3] DEBUG org.hibernate.SQL - 
    select
        count_big(dkkh1_0.madk) 
    from
        dang_ky_khoa_hoc dkkh1_0 
    where
        dkkh1_0.makh=?
2026-07-22 10:42:57 [http-nio-8081-exec-3] TRACE org.hibernate.orm.jdbc.bind - binding parameter (1:INTEGER) <- [2]
2026-07-22 10:43:10 [http-nio-8081-exec-9] DEBUG org.hibernate.SQL - 
    select
        tk1_0.id,
        tk1_0.anh,
        tk1_0.cccd,
        tk1_0.email,
        tk1_0.ho_ten,
        tk1_0.khoa_den,
        tk1_0.lan_dang_nhap_cuoi,
        tk1_0.mat_khau,
        tk1_0.ngay_cap_nhat,
        tk1_0.ngay_tao,
        tk1_0.nguoi_tao_id,
        tk1_0.so_dien_thoai,
        tk1_0.so_lan_dang_nhap_sai,
        tk1_0.ten_dang_nhap,
        tk1_0.trang_thai,
        tk1_0.vai_tro_id 
    from
        tai_khoan tk1_0 
    where
        tk1_0.ten_dang_nhap=?
2026-07-22 10:43:10 [http-nio-8081-exec-9] TRACE org.hibernate.orm.jdbc.bind - binding parameter (1:VARCHAR) <- [admin]
2026-07-22 10:43:10 [http-nio-8081-exec-9] DEBUG org.hibernate.SQL - 
    select
        vt1_0.id,
        vt1_0.ma_vai_tro,
        vt1_0.mo_ta,
        vt1_0.ngay_cap_nhat,
        vt1_0.ngay_tao,
        vt1_0.ten_vai_tro,
        vt1_0.trang_thai 
    from
        vai_tro vt1_0 
    where
        vt1_0.id=?
2026-07-22 10:43:10 [http-nio-8081-exec-9] TRACE org.hibernate.orm.jdbc.bind - binding parameter (1:INTEGER) <- [4]
2026-07-22 10:43:10 [http-nio-8081-exec-9] DEBUG org.hibernate.SQL - 
    select
        tk1_0.id,
        tk1_0.anh,
        tk1_0.cccd,
        tk1_0.email,
        tk1_0.ho_ten,
        tk1_0.khoa_den,
        tk1_0.lan_dang_nhap_cuoi,
        tk1_0.mat_khau,
        tk1_0.ngay_cap_nhat,
        tk1_0.ngay_tao,
        tk1_0.nguoi_tao_id,
        tk1_0.so_dien_thoai,
        tk1_0.so_lan_dang_nhap_sai,
        tk1_0.ten_dang_nhap,
        tk1_0.trang_thai,
        tk1_0.vai_tro_id 
    from
        tai_khoan tk1_0 
    where
        tk1_0.ten_dang_nhap=?
2026-07-22 10:43:10 [http-nio-8081-exec-9] TRACE org.hibernate.orm.jdbc.bind - binding parameter (1:VARCHAR) <- [admin]
2026-07-22 10:43:10 [http-nio-8081-exec-9] DEBUG org.hibernate.SQL - 
    select
        vt1_0.id,
        vt1_0.ma_vai_tro,
        vt1_0.mo_ta,
        vt1_0.ngay_cap_nhat,
        vt1_0.ngay_tao,
        vt1_0.ten_vai_tro,
        vt1_0.trang_thai 
    from
        vai_tro vt1_0 
    where
        vt1_0.id=?
2026-07-22 10:43:10 [http-nio-8081-exec-9] TRACE org.hibernate.orm.jdbc.bind - binding parameter (1:INTEGER) <- [4]
2026-07-22 10:43:10 [http-nio-8081-exec-8] DEBUG org.hibernate.SQL - 
    select
        kh1_0.makh,
        kh1_0.macth,
        kh1_0.ngaybatdau,
        kh1_0.ngayketthuc,
        kh1_0.tenkhoahoc,
        kh1_0.trangthai 
    from
        khoa_hoc kh1_0
2026-07-22 10:43:10 [http-nio-8081-exec-8] DEBUG org.hibernate.SQL - 
    select
        cth1_0.macth,
        cth1_0.hangbang,
        cth1_0.hocphi,
        cth1_0.sobuoilythuyet,
        cth1_0.sobuoithuchanh,
        cth1_0.tenchuongtrinh 
    from
        chuong_trinh_hoc cth1_0 
    where
        cth1_0.macth=?
2026-07-22 10:43:10 [http-nio-8081-exec-8] TRACE org.hibernate.orm.jdbc.bind - binding parameter (1:INTEGER) <- [2]
2026-07-22 10:43:10 [http-nio-8081-exec-8] DEBUG org.hibernate.SQL - 
    select
        count_big(dkkh1_0.madk) 
    from
        dang_ky_khoa_hoc dkkh1_0 
    where
        dkkh1_0.makh=?
2026-07-22 10:43:10 [http-nio-8081-exec-8] TRACE org.hibernate.orm.jdbc.bind - binding parameter (1:INTEGER) <- [1]
2026-07-22 10:43:10 [http-nio-8081-exec-8] DEBUG org.hibernate.SQL - 
    select
        count_big(dkkh1_0.madk) 
    from
        dang_ky_khoa_hoc dkkh1_0 
    where
        dkkh1_0.makh=?
2026-07-22 10:43:10 [http-nio-8081-exec-8] TRACE org.hibernate.orm.jdbc.bind - binding parameter (1:INTEGER) <- [2]
2026-07-22 10:43:10 [http-nio-8081-exec-1] DEBUG org.hibernate.SQL - 
    select
        kh1_0.makh,
        kh1_0.macth,
        kh1_0.ngaybatdau,
        kh1_0.ngayketthuc,
        kh1_0.tenkhoahoc,
        kh1_0.trangthai 
    from
        khoa_hoc kh1_0
2026-07-22 10:43:10 [http-nio-8081-exec-1] DEBUG org.hibernate.SQL - 
    select
        cth1_0.macth,
        cth1_0.hangbang,
        cth1_0.hocphi,
        cth1_0.sobuoilythuyet,
        cth1_0.sobuoithuchanh,
        cth1_0.tenchuongtrinh 
    from
        chuong_trinh_hoc cth1_0 
    where
        cth1_0.macth=?
2026-07-22 10:43:10 [http-nio-8081-exec-1] TRACE org.hibernate.orm.jdbc.bind - binding parameter (1:INTEGER) <- [2]
2026-07-22 10:43:10 [http-nio-8081-exec-1] DEBUG org.hibernate.SQL - 
    select
        count_big(dkkh1_0.madk) 
    from
        dang_ky_khoa_hoc dkkh1_0 
    where
        dkkh1_0.makh=?
2026-07-22 10:43:10 [http-nio-8081-exec-1] TRACE org.hibernate.orm.jdbc.bind - binding parameter (1:INTEGER) <- [1]
2026-07-22 10:43:10 [http-nio-8081-exec-1] DEBUG org.hibernate.SQL - 
    select
        count_big(dkkh1_0.madk) 
    from
        dang_ky_khoa_hoc dkkh1_0 
    where
        dkkh1_0.makh=?
2026-07-22 10:43:10 [http-nio-8081-exec-1] TRACE org.hibernate.orm.jdbc.bind - binding parameter (1:INTEGER) <- [2]
2026-07-22 10:43:10 [http-nio-8081-exec-2] DEBUG org.hibernate.SQL - 
    select
        count_big(*) 
    from
        hoc_vien hv1_0
2026-07-22 10:43:10 [http-nio-8081-exec-2] DEBUG org.hibernate.SQL - 
    select
        count_big(*) 
    from
        giao_vien gv1_0
2026-07-22 10:43:10 [http-nio-8081-exec-2] DEBUG org.hibernate.SQL - 
    select
        count_big(kh1_0.makh) 
    from
        khoa_hoc kh1_0 
    where
        kh1_0.trangthai=?
2026-07-22 10:43:10 [http-nio-8081-exec-2] TRACE org.hibernate.orm.jdbc.bind - binding parameter (1:VARCHAR) <- [DANG_MO]
2026-07-22 10:43:10 [http-nio-8081-exec-2] DEBUG org.hibernate.SQL - 
    select
        tt1_0.matt,
        tt1_0.madk,
        tt1_0.mahv,
        tt1_0.ngaythanhtoan,
        tt1_0.phuongthuc,
        tt1_0.sotien,
        tt1_0.trangthai 
    from
        thanh_toan tt1_0
2026-07-22 10:43:10 [http-nio-8081-exec-2] DEBUG org.hibernate.SQL - 
    select
        dkkh1_0.madk,
        dkkh1_0.mahv,
        hv1_0.mahv,
        hv1_0.cccd,
        hv1_0.diachi,
        hv1_0.email,
        hv1_0.gioitinh,
        hv1_0.hoten,
        hv1_0.ngaydangky,
        hv1_0.ngaysinh,
        hv1_0.sodienthoai,
        dkkh1_0.makh,
        kh1_0.makh,
        cth1_0.macth,
        cth1_0.hangbang,
        cth1_0.hocphi,
        cth1_0.sobuoilythuyet,
        cth1_0.sobuoithuchanh,
        cth1_0.tenchuongtrinh,
        kh1_0.ngaybatdau,
        kh1_0.ngayketthuc,
        kh1_0.tenkhoahoc,
        kh1_0.trangthai,
        dkkh1_0.ngaydangky,
        dkkh1_0.trangthai 
    from
        dang_ky_khoa_hoc dkkh1_0 
    join
        hoc_vien hv1_0 
            on hv1_0.mahv=dkkh1_0.mahv 
    join
        khoa_hoc kh1_0 
            on kh1_0.makh=dkkh1_0.makh 
    left join
        chuong_trinh_hoc cth1_0 
            on cth1_0.macth=kh1_0.macth 
    where
        dkkh1_0.madk=?
2026-07-22 10:43:10 [http-nio-8081-exec-2] TRACE org.hibernate.orm.jdbc.bind - binding parameter (1:INTEGER) <- [1]
2026-07-22 10:43:10 [http-nio-8081-exec-2] DEBUG org.hibernate.SQL - 
    select
        dkkh1_0.madk,
        dkkh1_0.mahv,
        hv1_0.mahv,
        hv1_0.cccd,
        hv1_0.diachi,
        hv1_0.email,
        hv1_0.gioitinh,
        hv1_0.hoten,
        hv1_0.ngaydangky,
        hv1_0.ngaysinh,
        hv1_0.sodienthoai,
        dkkh1_0.makh,
        kh1_0.makh,
        cth1_0.macth,
        cth1_0.hangbang,
        cth1_0.hocphi,
        cth1_0.sobuoilythuyet,
        cth1_0.sobuoithuchanh,
        cth1_0.tenchuongtrinh,
        kh1_0.ngaybatdau,
        kh1_0.ngayketthuc,
        kh1_0.tenkhoahoc,
        kh1_0.trangthai,
        dkkh1_0.ngaydangky,
        dkkh1_0.trangthai 
    from
        dang_ky_khoa_hoc dkkh1_0 
    join
        hoc_vien hv1_0 
            on hv1_0.mahv=dkkh1_0.mahv 
    join
        khoa_hoc kh1_0 
            on kh1_0.makh=dkkh1_0.makh 
    left join
        chuong_trinh_hoc cth1_0 
            on cth1_0.macth=kh1_0.macth 
    where
        dkkh1_0.madk=?
2026-07-22 10:43:10 [http-nio-8081-exec-2] TRACE org.hibernate.orm.jdbc.bind - binding parameter (1:INTEGER) <- [2]
2026-07-22 10:43:10 [http-nio-8081-exec-2] DEBUG org.hibernate.SQL - 
    select
        dkkh1_0.madk,
        dkkh1_0.mahv,
        hv1_0.mahv,
        hv1_0.cccd,
        hv1_0.diachi,
        hv1_0.email,
        hv1_0.gioitinh,
        hv1_0.hoten,
        hv1_0.ngaydangky,
        hv1_0.ngaysinh,
        hv1_0.sodienthoai,
        dkkh1_0.makh,
        kh1_0.makh,
        cth1_0.macth,
        cth1_0.hangbang,
        cth1_0.hocphi,
        cth1_0.sobuoilythuyet,
        cth1_0.sobuoithuchanh,
        cth1_0.tenchuongtrinh,
        kh1_0.ngaybatdau,
        kh1_0.ngayketthuc,
        kh1_0.tenkhoahoc,
        kh1_0.trangthai,
        dkkh1_0.ngaydangky,
        dkkh1_0.trangthai 
    from
        dang_ky_khoa_hoc dkkh1_0 
    join
        hoc_vien hv1_0 
            on hv1_0.mahv=dkkh1_0.mahv 
    join
        khoa_hoc kh1_0 
            on kh1_0.makh=dkkh1_0.makh 
    left join
        chuong_trinh_hoc cth1_0 
            on cth1_0.macth=kh1_0.macth 
    where
        dkkh1_0.madk=?
2026-07-22 10:43:10 [http-nio-8081-exec-2] TRACE org.hibernate.orm.jdbc.bind - binding parameter (1:INTEGER) <- [3]
2026-07-22 10:43:10 [http-nio-8081-exec-2] DEBUG org.hibernate.SQL - 
    select
        tt1_0.matt,
        tt1_0.madk,
        tt1_0.mahv,
        tt1_0.ngaythanhtoan,
        tt1_0.phuongthuc,
        tt1_0.sotien,
        tt1_0.trangthai 
    from
        thanh_toan tt1_0
2026-07-22 10:43:10 [http-nio-8081-exec-2] DEBUG org.hibernate.SQL - 
    select
        dkkh1_0.madk,
        dkkh1_0.mahv,
        hv1_0.mahv,
        hv1_0.cccd,
        hv1_0.diachi,
        hv1_0.email,
        hv1_0.gioitinh,
        hv1_0.hoten,
        hv1_0.ngaydangky,
        hv1_0.ngaysinh,
        hv1_0.sodienthoai,
        dkkh1_0.makh,
        kh1_0.makh,
        cth1_0.macth,
        cth1_0.hangbang,
        cth1_0.hocphi,
        cth1_0.sobuoilythuyet,
        cth1_0.sobuoithuchanh,
        cth1_0.tenchuongtrinh,
        kh1_0.ngaybatdau,
        kh1_0.ngayketthuc,
        kh1_0.tenkhoahoc,
        kh1_0.trangthai,
        dkkh1_0.ngaydangky,
        dkkh1_0.trangthai 
    from
        dang_ky_khoa_hoc dkkh1_0 
    join
        hoc_vien hv1_0 
            on hv1_0.mahv=dkkh1_0.mahv 
    join
        khoa_hoc kh1_0 
            on kh1_0.makh=dkkh1_0.makh 
    left join
        chuong_trinh_hoc cth1_0 
            on cth1_0.macth=kh1_0.macth 
    where
        dkkh1_0.madk=?
2026-07-22 10:43:10 [http-nio-8081-exec-2] TRACE org.hibernate.orm.jdbc.bind - binding parameter (1:INTEGER) <- [1]
2026-07-22 10:43:10 [http-nio-8081-exec-2] DEBUG org.hibernate.SQL - 
    select
        dkkh1_0.madk,
        dkkh1_0.mahv,
        hv1_0.mahv,
        hv1_0.cccd,
        hv1_0.diachi,
        hv1_0.email,
        hv1_0.gioitinh,
        hv1_0.hoten,
        hv1_0.ngaydangky,
        hv1_0.ngaysinh,
        hv1_0.sodienthoai,
        dkkh1_0.makh,
        kh1_0.makh,
        cth1_0.macth,
        cth1_0.hangbang,
        cth1_0.hocphi,
        cth1_0.sobuoilythuyet,
        cth1_0.sobuoithuchanh,
        cth1_0.tenchuongtrinh,
        kh1_0.ngaybatdau,
        kh1_0.ngayketthuc,
        kh1_0.tenkhoahoc,
        kh1_0.trangthai,
        dkkh1_0.ngaydangky,
        dkkh1_0.trangthai 
    from
        dang_ky_khoa_hoc dkkh1_0 
    join
        hoc_vien hv1_0 
            on hv1_0.mahv=dkkh1_0.mahv 
    join
        khoa_hoc kh1_0 
            on kh1_0.makh=dkkh1_0.makh 
    left join
        chuong_trinh_hoc cth1_0 
            on cth1_0.macth=kh1_0.macth 
    where
        dkkh1_0.madk=?
2026-07-22 10:43:10 [http-nio-8081-exec-2] TRACE org.hibernate.orm.jdbc.bind - binding parameter (1:INTEGER) <- [2]
2026-07-22 10:43:10 [http-nio-8081-exec-2] DEBUG org.hibernate.SQL - 
    select
        dkkh1_0.madk,
        dkkh1_0.mahv,
        hv1_0.mahv,
        hv1_0.cccd,
        hv1_0.diachi,
        hv1_0.email,
        hv1_0.gioitinh,
        hv1_0.hoten,
        hv1_0.ngaydangky,
        hv1_0.ngaysinh,
        hv1_0.sodienthoai,
        dkkh1_0.makh,
        kh1_0.makh,
        cth1_0.macth,
        cth1_0.hangbang,
        cth1_0.hocphi,
        cth1_0.sobuoilythuyet,
        cth1_0.sobuoithuchanh,
        cth1_0.tenchuongtrinh,
        kh1_0.ngaybatdau,
        kh1_0.ngayketthuc,
        kh1_0.tenkhoahoc,
        kh1_0.trangthai,
        dkkh1_0.ngaydangky,
        dkkh1_0.trangthai 
    from
        dang_ky_khoa_hoc dkkh1_0 
    join
        hoc_vien hv1_0 
            on hv1_0.mahv=dkkh1_0.mahv 
    join
        khoa_hoc kh1_0 
            on kh1_0.makh=dkkh1_0.makh 
    left join
        chuong_trinh_hoc cth1_0 
            on cth1_0.macth=kh1_0.macth 
    where
        dkkh1_0.madk=?
2026-07-22 10:43:10 [http-nio-8081-exec-2] TRACE org.hibernate.orm.jdbc.bind - binding parameter (1:INTEGER) <- [3]
2026-07-22 10:43:10 [http-nio-8081-exec-2] DEBUG org.hibernate.SQL - 
    select
        tt1_0.matt,
        tt1_0.madk,
        tt1_0.mahv,
        tt1_0.ngaythanhtoan,
        tt1_0.phuongthuc,
        tt1_0.sotien,
        tt1_0.trangthai 
    from
        thanh_toan tt1_0
2026-07-22 10:43:10 [http-nio-8081-exec-2] DEBUG org.hibernate.SQL - 
    select
        dkkh1_0.madk,
        dkkh1_0.mahv,
        hv1_0.mahv,
        hv1_0.cccd,
        hv1_0.diachi,
        hv1_0.email,
        hv1_0.gioitinh,
        hv1_0.hoten,
        hv1_0.ngaydangky,
        hv1_0.ngaysinh,
        hv1_0.sodienthoai,
        dkkh1_0.makh,
        kh1_0.makh,
        cth1_0.macth,
        cth1_0.hangbang,
        cth1_0.hocphi,
        cth1_0.sobuoilythuyet,
        cth1_0.sobuoithuchanh,
        cth1_0.tenchuongtrinh,
        kh1_0.ngaybatdau,
        kh1_0.ngayketthuc,
        kh1_0.tenkhoahoc,
        kh1_0.trangthai,
        dkkh1_0.ngaydangky,
        dkkh1_0.trangthai 
    from
        dang_ky_khoa_hoc dkkh1_0 
    join
        hoc_vien hv1_0 
            on hv1_0.mahv=dkkh1_0.mahv 
    join
        khoa_hoc kh1_0 
            on kh1_0.makh=dkkh1_0.makh 
    left join
        chuong_trinh_hoc cth1_0 
            on cth1_0.macth=kh1_0.macth 
    where
        dkkh1_0.madk=?
2026-07-22 10:43:10 [http-nio-8081-exec-2] TRACE org.hibernate.orm.jdbc.bind - binding parameter (1:INTEGER) <- [1]
2026-07-22 10:43:10 [http-nio-8081-exec-2] DEBUG org.hibernate.SQL - 
    select
        dkkh1_0.madk,
        dkkh1_0.mahv,
        hv1_0.mahv,
        hv1_0.cccd,
        hv1_0.diachi,
        hv1_0.email,
        hv1_0.gioitinh,
        hv1_0.hoten,
        hv1_0.ngaydangky,
        hv1_0.ngaysinh,
        hv1_0.sodienthoai,
        dkkh1_0.makh,
        kh1_0.makh,
        cth1_0.macth,
        cth1_0.hangbang,
        cth1_0.hocphi,
        cth1_0.sobuoilythuyet,
        cth1_0.sobuoithuchanh,
        cth1_0.tenchuongtrinh,
        kh1_0.ngaybatdau,
        kh1_0.ngayketthuc,
        kh1_0.tenkhoahoc,
        kh1_0.trangthai,
        dkkh1_0.ngaydangky,
        dkkh1_0.trangthai 
    from
        dang_ky_khoa_hoc dkkh1_0 
    join
        hoc_vien hv1_0 
            on hv1_0.mahv=dkkh1_0.mahv 
    join
        khoa_hoc kh1_0 
            on kh1_0.makh=dkkh1_0.makh 
    left join
        chuong_trinh_hoc cth1_0 
            on cth1_0.macth=kh1_0.macth 
    where
        dkkh1_0.madk=?
2026-07-22 10:43:10 [http-nio-8081-exec-2] TRACE org.hibernate.orm.jdbc.bind - binding parameter (1:INTEGER) <- [2]
2026-07-22 10:43:10 [http-nio-8081-exec-2] DEBUG org.hibernate.SQL - 
    select
        dkkh1_0.madk,
        dkkh1_0.mahv,
        hv1_0.mahv,
        hv1_0.cccd,
        hv1_0.diachi,
        hv1_0.email,
        hv1_0.gioitinh,
        hv1_0.hoten,
        hv1_0.ngaydangky,
        hv1_0.ngaysinh,
        hv1_0.sodienthoai,
        dkkh1_0.makh,
        kh1_0.makh,
        cth1_0.macth,
        cth1_0.hangbang,
        cth1_0.hocphi,
        cth1_0.sobuoilythuyet,
        cth1_0.sobuoithuchanh,
        cth1_0.tenchuongtrinh,
        kh1_0.ngaybatdau,
        kh1_0.ngayketthuc,
        kh1_0.tenkhoahoc,
        kh1_0.trangthai,
        dkkh1_0.ngaydangky,
        dkkh1_0.trangthai 
    from
        dang_ky_khoa_hoc dkkh1_0 
    join
        hoc_vien hv1_0 
            on hv1_0.mahv=dkkh1_0.mahv 
    join
        khoa_hoc kh1_0 
            on kh1_0.makh=dkkh1_0.makh 
    left join
        chuong_trinh_hoc cth1_0 
            on cth1_0.macth=kh1_0.macth 
    where
        dkkh1_0.madk=?
2026-07-22 10:43:10 [http-nio-8081-exec-2] TRACE org.hibernate.orm.jdbc.bind - binding parameter (1:INTEGER) <- [3]
2026-07-22 10:43:10 [http-nio-8081-exec-2] DEBUG org.hibernate.SQL - 
    select
        count_big(tt1_0.matt) 
    from
        thanh_toan tt1_0 
    where
        tt1_0.ngaythanhtoan between ? and ?
2026-07-22 10:43:10 [http-nio-8081-exec-2] TRACE org.hibernate.orm.jdbc.bind - binding parameter (1:DATE) <- [2026-07-01]
2026-07-22 10:43:10 [http-nio-8081-exec-2] TRACE org.hibernate.orm.jdbc.bind - binding parameter (2:DATE) <- [2026-07-22]
2026-07-22 10:43:10 [http-nio-8081-exec-2] DEBUG org.hibernate.SQL - 
    select
        tsh1_0.mathi,
        tsh1_0.ghichu,
        tsh1_0.mahv,
        tsh1_0.ketqua,
        tsh1_0.malichthi,
        tsh1_0.ngaythi 
    from
        thi_sat_hach tsh1_0
2026-07-22 10:43:10 [http-nio-8081-exec-2] DEBUG org.hibernate.SQL - 
    select
        hv1_0.mahv,
        hv1_0.cccd,
        hv1_0.diachi,
        hv1_0.email,
        hv1_0.gioitinh,
        hv1_0.hoten,
        hv1_0.ngaydangky,
        hv1_0.ngaysinh,
        hv1_0.sodienthoai 
    from
        hoc_vien hv1_0 
    where
        hv1_0.mahv=?
2026-07-22 10:43:10 [http-nio-8081-exec-2] TRACE org.hibernate.orm.jdbc.bind - binding parameter (1:INTEGER) <- [1]
2026-07-22 10:43:10 [http-nio-8081-exec-2] DEBUG org.hibernate.SQL - 
    select
        tt1_0.matt,
        tt1_0.madk,
        tt1_0.mahv,
        tt1_0.ngaythanhtoan,
        tt1_0.phuongthuc,
        tt1_0.sotien,
        tt1_0.trangthai 
    from
        thanh_toan tt1_0
2026-07-22 10:43:10 [http-nio-8081-exec-2] DEBUG org.hibernate.SQL - 
    select
        dkkh1_0.madk,
        dkkh1_0.mahv,
        hv1_0.mahv,
        hv1_0.cccd,
        hv1_0.diachi,
        hv1_0.email,
        hv1_0.gioitinh,
        hv1_0.hoten,
        hv1_0.ngaydangky,
        hv1_0.ngaysinh,
        hv1_0.sodienthoai,
        dkkh1_0.makh,
        kh1_0.makh,
        cth1_0.macth,
        cth1_0.hangbang,
        cth1_0.hocphi,
        cth1_0.sobuoilythuyet,
        cth1_0.sobuoithuchanh,
        cth1_0.tenchuongtrinh,
        kh1_0.ngaybatdau,
        kh1_0.ngayketthuc,
        kh1_0.tenkhoahoc,
        kh1_0.trangthai,
        dkkh1_0.ngaydangky,
        dkkh1_0.trangthai 
    from
        dang_ky_khoa_hoc dkkh1_0 
    join
        hoc_vien hv1_0 
            on hv1_0.mahv=dkkh1_0.mahv 
    join
        khoa_hoc kh1_0 
            on kh1_0.makh=dkkh1_0.makh 
    left join
        chuong_trinh_hoc cth1_0 
            on cth1_0.macth=kh1_0.macth 
    where
        dkkh1_0.madk=?
2026-07-22 10:43:10 [http-nio-8081-exec-2] TRACE org.hibernate.orm.jdbc.bind - binding parameter (1:INTEGER) <- [1]
2026-07-22 10:43:10 [http-nio-8081-exec-2] DEBUG org.hibernate.SQL - 
    select
        dkkh1_0.madk,
        dkkh1_0.mahv,
        hv1_0.mahv,
        hv1_0.cccd,
        hv1_0.diachi,
        hv1_0.email,
        hv1_0.gioitinh,
        hv1_0.hoten,
        hv1_0.ngaydangky,
        hv1_0.ngaysinh,
        hv1_0.sodienthoai,
        dkkh1_0.makh,
        kh1_0.makh,
        cth1_0.macth,
        cth1_0.hangbang,
        cth1_0.hocphi,
        cth1_0.sobuoilythuyet,
        cth1_0.sobuoithuchanh,
        cth1_0.tenchuongtrinh,
        kh1_0.ngaybatdau,
        kh1_0.ngayketthuc,
        kh1_0.tenkhoahoc,
        kh1_0.trangthai,
        dkkh1_0.ngaydangky,
        dkkh1_0.trangthai 
    from
        dang_ky_khoa_hoc dkkh1_0 
    join
        hoc_vien hv1_0 
            on hv1_0.mahv=dkkh1_0.mahv 
    join
        khoa_hoc kh1_0 
            on kh1_0.makh=dkkh1_0.makh 
    left join
        chuong_trinh_hoc cth1_0 
            on cth1_0.macth=kh1_0.macth 
    where
        dkkh1_0.madk=?
2026-07-22 10:43:10 [http-nio-8081-exec-2] TRACE org.hibernate.orm.jdbc.bind - binding parameter (1:INTEGER) <- [2]
2026-07-22 10:43:10 [http-nio-8081-exec-2] DEBUG org.hibernate.SQL - 
    select
        dkkh1_0.madk,
        dkkh1_0.mahv,
        hv1_0.mahv,
        hv1_0.cccd,
        hv1_0.diachi,
        hv1_0.email,
        hv1_0.gioitinh,
        hv1_0.hoten,
        hv1_0.ngaydangky,
        hv1_0.ngaysinh,
        hv1_0.sodienthoai,
        dkkh1_0.makh,
        kh1_0.makh,
        cth1_0.macth,
        cth1_0.hangbang,
        cth1_0.hocphi,
        cth1_0.sobuoilythuyet,
        cth1_0.sobuoithuchanh,
        cth1_0.tenchuongtrinh,
        kh1_0.ngaybatdau,
        kh1_0.ngayketthuc,
        kh1_0.tenkhoahoc,
        kh1_0.trangthai,
        dkkh1_0.ngaydangky,
        dkkh1_0.trangthai 
    from
        dang_ky_khoa_hoc dkkh1_0 
    join
        hoc_vien hv1_0 
            on hv1_0.mahv=dkkh1_0.mahv 
    join
        khoa_hoc kh1_0 
            on kh1_0.makh=dkkh1_0.makh 
    left join
        chuong_trinh_hoc cth1_0 
            on cth1_0.macth=kh1_0.macth 
    where
        dkkh1_0.madk=?
2026-07-22 10:43:10 [http-nio-8081-exec-2] TRACE org.hibernate.orm.jdbc.bind - binding parameter (1:INTEGER) <- [3]
2026-07-22 10:43:10 [http-nio-8081-exec-2] DEBUG org.hibernate.SQL - 
    select
        tt1_0.matt,
        tt1_0.madk,
        tt1_0.mahv,
        tt1_0.ngaythanhtoan,
        tt1_0.phuongthuc,
        tt1_0.sotien,
        tt1_0.trangthai 
    from
        thanh_toan tt1_0
2026-07-22 10:43:10 [http-nio-8081-exec-2] DEBUG org.hibernate.SQL - 
    select
        dkkh1_0.madk,
        dkkh1_0.mahv,
        hv1_0.mahv,
        hv1_0.cccd,
        hv1_0.diachi,
        hv1_0.email,
        hv1_0.gioitinh,
        hv1_0.hoten,
        hv1_0.ngaydangky,
        hv1_0.ngaysinh,
        hv1_0.sodienthoai,
        dkkh1_0.makh,
        kh1_0.makh,
        cth1_0.macth,
        cth1_0.hangbang,
        cth1_0.hocphi,
        cth1_0.sobuoilythuyet,
        cth1_0.sobuoithuchanh,
        cth1_0.tenchuongtrinh,
        kh1_0.ngaybatdau,
        kh1_0.ngayketthuc,
        kh1_0.tenkhoahoc,
        kh1_0.trangthai,
        dkkh1_0.ngaydangky,
        dkkh1_0.trangthai 
    from
        dang_ky_khoa_hoc dkkh1_0 
    join
        hoc_vien hv1_0 
            on hv1_0.mahv=dkkh1_0.mahv 
    join
        khoa_hoc kh1_0 
            on kh1_0.makh=dkkh1_0.makh 
    left join
        chuong_trinh_hoc cth1_0 
            on cth1_0.macth=kh1_0.macth 
    where
        dkkh1_0.madk=?
2026-07-22 10:43:10 [http-nio-8081-exec-2] TRACE org.hibernate.orm.jdbc.bind - binding parameter (1:INTEGER) <- [1]
2026-07-22 10:43:10 [http-nio-8081-exec-2] DEBUG org.hibernate.SQL - 
    select
        dkkh1_0.madk,
        dkkh1_0.mahv,
        hv1_0.mahv,
        hv1_0.cccd,
        hv1_0.diachi,
        hv1_0.email,
        hv1_0.gioitinh,
        hv1_0.hoten,
        hv1_0.ngaydangky,
        hv1_0.ngaysinh,
        hv1_0.sodienthoai,
        dkkh1_0.makh,
        kh1_0.makh,
        cth1_0.macth,
        cth1_0.hangbang,
        cth1_0.hocphi,
        cth1_0.sobuoilythuyet,
        cth1_0.sobuoithuchanh,
        cth1_0.tenchuongtrinh,
        kh1_0.ngaybatdau,
        kh1_0.ngayketthuc,
        kh1_0.tenkhoahoc,
        kh1_0.trangthai,
        dkkh1_0.ngaydangky,
        dkkh1_0.trangthai 
    from
        dang_ky_khoa_hoc dkkh1_0 
    join
        hoc_vien hv1_0 
            on hv1_0.mahv=dkkh1_0.mahv 
    join
        khoa_hoc kh1_0 
            on kh1_0.makh=dkkh1_0.makh 
    left join
        chuong_trinh_hoc cth1_0 
            on cth1_0.macth=kh1_0.macth 
    where
        dkkh1_0.madk=?
2026-07-22 10:43:10 [http-nio-8081-exec-2] TRACE org.hibernate.orm.jdbc.bind - binding parameter (1:INTEGER) <- [2]
2026-07-22 10:43:11 [http-nio-8081-exec-2] DEBUG org.hibernate.SQL - 
    select
        dkkh1_0.madk,
        dkkh1_0.mahv,
        hv1_0.mahv,
        hv1_0.cccd,
        hv1_0.diachi,
        hv1_0.email,
        hv1_0.gioitinh,
        hv1_0.hoten,
        hv1_0.ngaydangky,
        hv1_0.ngaysinh,
        hv1_0.sodienthoai,
        dkkh1_0.makh,
        kh1_0.makh,
        cth1_0.macth,
        cth1_0.hangbang,
        cth1_0.hocphi,
        cth1_0.sobuoilythuyet,
        cth1_0.sobuoithuchanh,
        cth1_0.tenchuongtrinh,
        kh1_0.ngaybatdau,
        kh1_0.ngayketthuc,
        kh1_0.tenkhoahoc,
        kh1_0.trangthai,
        dkkh1_0.ngaydangky,
        dkkh1_0.trangthai 
    from
        dang_ky_khoa_hoc dkkh1_0 
    join
        hoc_vien hv1_0 
            on hv1_0.mahv=dkkh1_0.mahv 
    join
        khoa_hoc kh1_0 
            on kh1_0.makh=dkkh1_0.makh 
    left join
        chuong_trinh_hoc cth1_0 
            on cth1_0.macth=kh1_0.macth 
    where
        dkkh1_0.madk=?
2026-07-22 10:43:11 [http-nio-8081-exec-2] TRACE org.hibernate.orm.jdbc.bind - binding parameter (1:INTEGER) <- [3]
2026-07-22 10:43:11 [http-nio-8081-exec-2] DEBUG org.hibernate.SQL - 
    select
        tt1_0.matt,
        tt1_0.madk,
        tt1_0.mahv,
        tt1_0.ngaythanhtoan,
        tt1_0.phuongthuc,
        tt1_0.sotien,
        tt1_0.trangthai 
    from
        thanh_toan tt1_0
2026-07-22 10:43:11 [http-nio-8081-exec-2] DEBUG org.hibernate.SQL - 
    select
        dkkh1_0.madk,
        dkkh1_0.mahv,
        hv1_0.mahv,
        hv1_0.cccd,
        hv1_0.diachi,
        hv1_0.email,
        hv1_0.gioitinh,
        hv1_0.hoten,
        hv1_0.ngaydangky,
        hv1_0.ngaysinh,
        hv1_0.sodienthoai,
        dkkh1_0.makh,
        kh1_0.makh,
        cth1_0.macth,
        cth1_0.hangbang,
        cth1_0.hocphi,
        cth1_0.sobuoilythuyet,
        cth1_0.sobuoithuchanh,
        cth1_0.tenchuongtrinh,
        kh1_0.ngaybatdau,
        kh1_0.ngayketthuc,
        kh1_0.tenkhoahoc,
        kh1_0.trangthai,
        dkkh1_0.ngaydangky,
        dkkh1_0.trangthai 
    from
        dang_ky_khoa_hoc dkkh1_0 
    join
        hoc_vien hv1_0 
            on hv1_0.mahv=dkkh1_0.mahv 
    join
        khoa_hoc kh1_0 
            on kh1_0.makh=dkkh1_0.makh 
    left join
        chuong_trinh_hoc cth1_0 
            on cth1_0.macth=kh1_0.macth 
    where
        dkkh1_0.madk=?
2026-07-22 10:43:11 [http-nio-8081-exec-2] TRACE org.hibernate.orm.jdbc.bind - binding parameter (1:INTEGER) <- [1]
2026-07-22 10:43:11 [http-nio-8081-exec-2] DEBUG org.hibernate.SQL - 
    select
        dkkh1_0.madk,
        dkkh1_0.mahv,
        hv1_0.mahv,
        hv1_0.cccd,
        hv1_0.diachi,
        hv1_0.email,
        hv1_0.gioitinh,
        hv1_0.hoten,
        hv1_0.ngaydangky,
        hv1_0.ngaysinh,
        hv1_0.sodienthoai,
        dkkh1_0.makh,
        kh1_0.makh,
        cth1_0.macth,
        cth1_0.hangbang,
        cth1_0.hocphi,
        cth1_0.sobuoilythuyet,
        cth1_0.sobuoithuchanh,
        cth1_0.tenchuongtrinh,
        kh1_0.ngaybatdau,
        kh1_0.ngayketthuc,
        kh1_0.tenkhoahoc,
        kh1_0.trangthai,
        dkkh1_0.ngaydangky,
        dkkh1_0.trangthai 
    from
        dang_ky_khoa_hoc dkkh1_0 
    join
        hoc_vien hv1_0 
            on hv1_0.mahv=dkkh1_0.mahv 
    join
        khoa_hoc kh1_0 
            on kh1_0.makh=dkkh1_0.makh 
    left join
        chuong_trinh_hoc cth1_0 
            on cth1_0.macth=kh1_0.macth 
    where
        dkkh1_0.madk=?
2026-07-22 10:43:11 [http-nio-8081-exec-2] TRACE org.hibernate.orm.jdbc.bind - binding parameter (1:INTEGER) <- [2]
2026-07-22 10:43:11 [http-nio-8081-exec-2] DEBUG org.hibernate.SQL - 
    select
        dkkh1_0.madk,
        dkkh1_0.mahv,
        hv1_0.mahv,
        hv1_0.cccd,
        hv1_0.diachi,
        hv1_0.email,
        hv1_0.gioitinh,
        hv1_0.hoten,
        hv1_0.ngaydangky,
        hv1_0.ngaysinh,
        hv1_0.sodienthoai,
        dkkh1_0.makh,
        kh1_0.makh,
        cth1_0.macth,
        cth1_0.hangbang,
        cth1_0.hocphi,
        cth1_0.sobuoilythuyet,
        cth1_0.sobuoithuchanh,
        cth1_0.tenchuongtrinh,
        kh1_0.ngaybatdau,
        kh1_0.ngayketthuc,
        kh1_0.tenkhoahoc,
        kh1_0.trangthai,
        dkkh1_0.ngaydangky,
        dkkh1_0.trangthai 
    from
        dang_ky_khoa_hoc dkkh1_0 
    join
        hoc_vien hv1_0 
            on hv1_0.mahv=dkkh1_0.mahv 
    join
        khoa_hoc kh1_0 
            on kh1_0.makh=dkkh1_0.makh 
    left join
        chuong_trinh_hoc cth1_0 
            on cth1_0.macth=kh1_0.macth 
    where
        dkkh1_0.madk=?
2026-07-22 10:43:11 [http-nio-8081-exec-2] TRACE org.hibernate.orm.jdbc.bind - binding parameter (1:INTEGER) <- [3]
2026-07-22 10:43:11 [http-nio-8081-exec-2] DEBUG org.hibernate.SQL - 
    select
        tt1_0.matt,
        tt1_0.madk,
        tt1_0.mahv,
        tt1_0.ngaythanhtoan,
        tt1_0.phuongthuc,
        tt1_0.sotien,
        tt1_0.trangthai 
    from
        thanh_toan tt1_0
2026-07-22 10:43:11 [http-nio-8081-exec-2] DEBUG org.hibernate.SQL - 
    select
        dkkh1_0.madk,
        dkkh1_0.mahv,
        hv1_0.mahv,
        hv1_0.cccd,
        hv1_0.diachi,
        hv1_0.email,
        hv1_0.gioitinh,
        hv1_0.hoten,
        hv1_0.ngaydangky,
        hv1_0.ngaysinh,
        hv1_0.sodienthoai,
        dkkh1_0.makh,
        kh1_0.makh,
        cth1_0.macth,
        cth1_0.hangbang,
        cth1_0.hocphi,
        cth1_0.sobuoilythuyet,
        cth1_0.sobuoithuchanh,
        cth1_0.tenchuongtrinh,
        kh1_0.ngaybatdau,
        kh1_0.ngayketthuc,
        kh1_0.tenkhoahoc,
        kh1_0.trangthai,
        dkkh1_0.ngaydangky,
        dkkh1_0.trangthai 
    from
        dang_ky_khoa_hoc dkkh1_0 
    join
        hoc_vien hv1_0 
            on hv1_0.mahv=dkkh1_0.mahv 
    join
        khoa_hoc kh1_0 
            on kh1_0.makh=dkkh1_0.makh 
    left join
        chuong_trinh_hoc cth1_0 
            on cth1_0.macth=kh1_0.macth 
    where
        dkkh1_0.madk=?
2026-07-22 10:43:11 [http-nio-8081-exec-2] TRACE org.hibernate.orm.jdbc.bind - binding parameter (1:INTEGER) <- [1]
2026-07-22 10:43:11 [http-nio-8081-exec-2] DEBUG org.hibernate.SQL - 
    select
        dkkh1_0.madk,
        dkkh1_0.mahv,
        hv1_0.mahv,
        hv1_0.cccd,
        hv1_0.diachi,
        hv1_0.email,
        hv1_0.gioitinh,
        hv1_0.hoten,
        hv1_0.ngaydangky,
        hv1_0.ngaysinh,
        hv1_0.sodienthoai,
        dkkh1_0.makh,
        kh1_0.makh,
        cth1_0.macth,
        cth1_0.hangbang,
        cth1_0.hocphi,
        cth1_0.sobuoilythuyet,
        cth1_0.sobuoithuchanh,
        cth1_0.tenchuongtrinh,
        kh1_0.ngaybatdau,
        kh1_0.ngayketthuc,
        kh1_0.tenkhoahoc,
        kh1_0.trangthai,
        dkkh1_0.ngaydangky,
        dkkh1_0.trangthai 
    from
        dang_ky_khoa_hoc dkkh1_0 
    join
        hoc_vien hv1_0 
            on hv1_0.mahv=dkkh1_0.mahv 
    join
        khoa_hoc kh1_0 
            on kh1_0.makh=dkkh1_0.makh 
    left join
        chuong_trinh_hoc cth1_0 
            on cth1_0.macth=kh1_0.macth 
    where
        dkkh1_0.madk=?
2026-07-22 10:43:11 [http-nio-8081-exec-2] TRACE org.hibernate.orm.jdbc.bind - binding parameter (1:INTEGER) <- [2]
2026-07-22 10:43:11 [http-nio-8081-exec-2] DEBUG org.hibernate.SQL - 
    select
        dkkh1_0.madk,
        dkkh1_0.mahv,
        hv1_0.mahv,
        hv1_0.cccd,
        hv1_0.diachi,
        hv1_0.email,
        hv1_0.gioitinh,
        hv1_0.hoten,
        hv1_0.ngaydangky,
        hv1_0.ngaysinh,
        hv1_0.sodienthoai,
        dkkh1_0.makh,
        kh1_0.makh,
        cth1_0.macth,
        cth1_0.hangbang,
        cth1_0.hocphi,
        cth1_0.sobuoilythuyet,
        cth1_0.sobuoithuchanh,
        cth1_0.tenchuongtrinh,
        kh1_0.ngaybatdau,
        kh1_0.ngayketthuc,
        kh1_0.tenkhoahoc,
        kh1_0.trangthai,
        dkkh1_0.ngaydangky,
        dkkh1_0.trangthai 
    from
        dang_ky_khoa_hoc dkkh1_0 
    join
        hoc_vien hv1_0 
            on hv1_0.mahv=dkkh1_0.mahv 
    join
        khoa_hoc kh1_0 
            on kh1_0.makh=dkkh1_0.makh 
    left join
        chuong_trinh_hoc cth1_0 
            on cth1_0.macth=kh1_0.macth 
    where
        dkkh1_0.madk=?
2026-07-22 10:43:11 [http-nio-8081-exec-2] TRACE org.hibernate.orm.jdbc.bind - binding parameter (1:INTEGER) <- [3]
2026-07-22 10:43:11 [http-nio-8081-exec-2] DEBUG org.hibernate.SQL - 
    select
        tt1_0.matt,
        tt1_0.madk,
        tt1_0.mahv,
        tt1_0.ngaythanhtoan,
        tt1_0.phuongthuc,
        tt1_0.sotien,
        tt1_0.trangthai 
    from
        thanh_toan tt1_0
2026-07-22 10:43:11 [http-nio-8081-exec-2] DEBUG org.hibernate.SQL - 
    select
        dkkh1_0.madk,
        dkkh1_0.mahv,
        hv1_0.mahv,
        hv1_0.cccd,
        hv1_0.diachi,
        hv1_0.email,
        hv1_0.gioitinh,
        hv1_0.hoten,
        hv1_0.ngaydangky,
        hv1_0.ngaysinh,
        hv1_0.sodienthoai,
        dkkh1_0.makh,
        kh1_0.makh,
        cth1_0.macth,
        cth1_0.hangbang,
        cth1_0.hocphi,
        cth1_0.sobuoilythuyet,
        cth1_0.sobuoithuchanh,
        cth1_0.tenchuongtrinh,
        kh1_0.ngaybatdau,
        kh1_0.ngayketthuc,
        kh1_0.tenkhoahoc,
        kh1_0.trangthai,
        dkkh1_0.ngaydangky,
        dkkh1_0.trangthai 
    from
        dang_ky_khoa_hoc dkkh1_0 
    join
        hoc_vien hv1_0 
            on hv1_0.mahv=dkkh1_0.mahv 
    join
        khoa_hoc kh1_0 
            on kh1_0.makh=dkkh1_0.makh 
    left join
        chuong_trinh_hoc cth1_0 
            on cth1_0.macth=kh1_0.macth 
    where
        dkkh1_0.madk=?
2026-07-22 10:43:11 [http-nio-8081-exec-2] TRACE org.hibernate.orm.jdbc.bind - binding parameter (1:INTEGER) <- [1]
2026-07-22 10:43:11 [http-nio-8081-exec-2] DEBUG org.hibernate.SQL - 
    select
        dkkh1_0.madk,
        dkkh1_0.mahv,
        hv1_0.mahv,
        hv1_0.cccd,
        hv1_0.diachi,
        hv1_0.email,
        hv1_0.gioitinh,
        hv1_0.hoten,
        hv1_0.ngaydangky,
        hv1_0.ngaysinh,
        hv1_0.sodienthoai,
        dkkh1_0.makh,
        kh1_0.makh,
        cth1_0.macth,
        cth1_0.hangbang,
        cth1_0.hocphi,
        cth1_0.sobuoilythuyet,
        cth1_0.sobuoithuchanh,
        cth1_0.tenchuongtrinh,
        kh1_0.ngaybatdau,
        kh1_0.ngayketthuc,
        kh1_0.tenkhoahoc,
        kh1_0.trangthai,
        dkkh1_0.ngaydangky,
        dkkh1_0.trangthai 
    from
        dang_ky_khoa_hoc dkkh1_0 
    join
        hoc_vien hv1_0 
            on hv1_0.mahv=dkkh1_0.mahv 
    join
        khoa_hoc kh1_0 
            on kh1_0.makh=dkkh1_0.makh 
    left join
        chuong_trinh_hoc cth1_0 
            on cth1_0.macth=kh1_0.macth 
    where
        dkkh1_0.madk=?
2026-07-22 10:43:11 [http-nio-8081-exec-2] TRACE org.hibernate.orm.jdbc.bind - binding parameter (1:INTEGER) <- [2]
2026-07-22 10:43:11 [http-nio-8081-exec-2] DEBUG org.hibernate.SQL - 
    select
        dkkh1_0.madk,
        dkkh1_0.mahv,
        hv1_0.mahv,
        hv1_0.cccd,
        hv1_0.diachi,
        hv1_0.email,
        hv1_0.gioitinh,
        hv1_0.hoten,
        hv1_0.ngaydangky,
        hv1_0.ngaysinh,
        hv1_0.sodienthoai,
        dkkh1_0.makh,
        kh1_0.makh,
        cth1_0.macth,
        cth1_0.hangbang,
        cth1_0.hocphi,
        cth1_0.sobuoilythuyet,
        cth1_0.sobuoithuchanh,
        cth1_0.tenchuongtrinh,
        kh1_0.ngaybatdau,
        kh1_0.ngayketthuc,
        kh1_0.tenkhoahoc,
        kh1_0.trangthai,
        dkkh1_0.ngaydangky,
        dkkh1_0.trangthai 
    from
        dang_ky_khoa_hoc dkkh1_0 
    join
        hoc_vien hv1_0 
            on hv1_0.mahv=dkkh1_0.mahv 
    join
        khoa_hoc kh1_0 
            on kh1_0.makh=dkkh1_0.makh 
    left join
        chuong_trinh_hoc cth1_0 
            on cth1_0.macth=kh1_0.macth 
    where
        dkkh1_0.madk=?
2026-07-22 10:43:11 [http-nio-8081-exec-2] TRACE org.hibernate.orm.jdbc.bind - binding parameter (1:INTEGER) <- [3]
2026-07-22 10:43:11 [http-nio-8081-exec-2] DEBUG org.hibernate.SQL - 
    select
        tt1_0.matt,
        tt1_0.madk,
        tt1_0.mahv,
        tt1_0.ngaythanhtoan,
        tt1_0.phuongthuc,
        tt1_0.sotien,
        tt1_0.trangthai 
    from
        thanh_toan tt1_0
2026-07-22 10:43:11 [http-nio-8081-exec-2] DEBUG org.hibernate.SQL - 
    select
        dkkh1_0.madk,
        dkkh1_0.mahv,
        hv1_0.mahv,
        hv1_0.cccd,
        hv1_0.diachi,
        hv1_0.email,
        hv1_0.gioitinh,
        hv1_0.hoten,
        hv1_0.ngaydangky,
        hv1_0.ngaysinh,
        hv1_0.sodienthoai,
        dkkh1_0.makh,
        kh1_0.makh,
        cth1_0.macth,
        cth1_0.hangbang,
        cth1_0.hocphi,
        cth1_0.sobuoilythuyet,
        cth1_0.sobuoithuchanh,
        cth1_0.tenchuongtrinh,
        kh1_0.ngaybatdau,
        kh1_0.ngayketthuc,
        kh1_0.tenkhoahoc,
        kh1_0.trangthai,
        dkkh1_0.ngaydangky,
        dkkh1_0.trangthai 
    from
        dang_ky_khoa_hoc dkkh1_0 
    join
        hoc_vien hv1_0 
            on hv1_0.mahv=dkkh1_0.mahv 
    join
        khoa_hoc kh1_0 
            on kh1_0.makh=dkkh1_0.makh 
    left join
        chuong_trinh_hoc cth1_0 
            on cth1_0.macth=kh1_0.macth 
    where
        dkkh1_0.madk=?
2026-07-22 10:43:11 [http-nio-8081-exec-2] TRACE org.hibernate.orm.jdbc.bind - binding parameter (1:INTEGER) <- [1]
2026-07-22 10:43:11 [http-nio-8081-exec-2] DEBUG org.hibernate.SQL - 
    select
        dkkh1_0.madk,
        dkkh1_0.mahv,
        hv1_0.mahv,
        hv1_0.cccd,
        hv1_0.diachi,
        hv1_0.email,
        hv1_0.gioitinh,
        hv1_0.hoten,
        hv1_0.ngaydangky,
        hv1_0.ngaysinh,
        hv1_0.sodienthoai,
        dkkh1_0.makh,
        kh1_0.makh,
        cth1_0.macth,
        cth1_0.hangbang,
        cth1_0.hocphi,
        cth1_0.sobuoilythuyet,
        cth1_0.sobuoithuchanh,
        cth1_0.tenchuongtrinh,
        kh1_0.ngaybatdau,
        kh1_0.ngayketthuc,
        kh1_0.tenkhoahoc,
        kh1_0.trangthai,
        dkkh1_0.ngaydangky,
        dkkh1_0.trangthai 
    from
        dang_ky_khoa_hoc dkkh1_0 
    join
        hoc_vien hv1_0 
            on hv1_0.mahv=dkkh1_0.mahv 
    join
        khoa_hoc kh1_0 
            on kh1_0.makh=dkkh1_0.makh 
    left join
        chuong_trinh_hoc cth1_0 
            on cth1_0.macth=kh1_0.macth 
    where
        dkkh1_0.madk=?
2026-07-22 10:43:11 [http-nio-8081-exec-2] TRACE org.hibernate.orm.jdbc.bind - binding parameter (1:INTEGER) <- [2]
2026-07-22 10:43:11 [http-nio-8081-exec-2] DEBUG org.hibernate.SQL - 
    select
        dkkh1_0.madk,
        dkkh1_0.mahv,
        hv1_0.mahv,
        hv1_0.cccd,
        hv1_0.diachi,
        hv1_0.email,
        hv1_0.gioitinh,
        hv1_0.hoten,
        hv1_0.ngaydangky,
        hv1_0.ngaysinh,
        hv1_0.sodienthoai,
        dkkh1_0.makh,
        kh1_0.makh,
        cth1_0.macth,
        cth1_0.hangbang,
        cth1_0.hocphi,
        cth1_0.sobuoilythuyet,
        cth1_0.sobuoithuchanh,
        cth1_0.tenchuongtrinh,
        kh1_0.ngaybatdau,
        kh1_0.ngayketthuc,
        kh1_0.tenkhoahoc,
        kh1_0.trangthai,
        dkkh1_0.ngaydangky,
        dkkh1_0.trangthai 
    from
        dang_ky_khoa_hoc dkkh1_0 
    join
        hoc_vien hv1_0 
            on hv1_0.mahv=dkkh1_0.mahv 
    join
        khoa_hoc kh1_0 
            on kh1_0.makh=dkkh1_0.makh 
    left join
        chuong_trinh_hoc cth1_0 
            on cth1_0.macth=kh1_0.macth 
    where
        dkkh1_0.madk=?
2026-07-22 10:43:11 [http-nio-8081-exec-2] TRACE org.hibernate.orm.jdbc.bind - binding parameter (1:INTEGER) <- [3]
2026-07-22 10:43:11 [http-nio-8081-exec-2] DEBUG org.hibernate.SQL - 
    select
        gv1_0.magv,
        gv1_0.cccd,
        gv1_0.diachi,
        gv1_0.email,
        gv1_0.gioitinh,
        gv1_0.hangday,
        gv1_0.hoten,
        gv1_0.ngaysinh,
        gv1_0.sodienthoai 
    from
        giao_vien gv1_0
2026-07-22 10:43:11 [http-nio-8081-exec-2] DEBUG org.hibernate.SQL - 
    select
        count_big(lh1_0.malop) 
    from
        lop_hoc lh1_0 
    where
        lh1_0.magv=?
2026-07-22 10:43:11 [http-nio-8081-exec-2] TRACE org.hibernate.orm.jdbc.bind - binding parameter (1:INTEGER) <- [1]
2026-07-22 10:43:11 [http-nio-8081-exec-2] DEBUG org.hibernate.SQL - 
    select
        count_big(lh1_0.malop) 
    from
        lop_hoc lh1_0 
    where
        lh1_0.magv=?
2026-07-22 10:43:11 [http-nio-8081-exec-2] TRACE org.hibernate.orm.jdbc.bind - binding parameter (1:INTEGER) <- [2]
2026-07-22 10:43:11 [http-nio-8081-exec-2] DEBUG org.hibernate.SQL - 
    select
        kh1_0.makh,
        kh1_0.macth,
        kh1_0.ngaybatdau,
        kh1_0.ngayketthuc,
        kh1_0.tenkhoahoc,
        kh1_0.trangthai 
    from
        khoa_hoc kh1_0
2026-07-22 10:43:11 [http-nio-8081-exec-2] DEBUG org.hibernate.SQL - 
    select
        cth1_0.macth,
        cth1_0.hangbang,
        cth1_0.hocphi,
        cth1_0.sobuoilythuyet,
        cth1_0.sobuoithuchanh,
        cth1_0.tenchuongtrinh 
    from
        chuong_trinh_hoc cth1_0 
    where
        cth1_0.macth=?
2026-07-22 10:43:11 [http-nio-8081-exec-2] TRACE org.hibernate.orm.jdbc.bind - binding parameter (1:INTEGER) <- [2]
2026-07-22 10:43:11 [http-nio-8081-exec-4] DEBUG org.hibernate.SQL - 
    select
        xtl1_0.maxetl,
        xtl1_0.ghichu,
        xtl1_0.handangkiem,
        xtl1_0.hangbang,
        xtl1_0.ngay_cap_nhat,
        xtl1_0.ngaydangkiem,
        xtl1_0.ngay_tao,
        xtl1_0.maxe 
    from
        xe_tap_lai xtl1_0
2026-07-22 10:43:11 [http-nio-8081-exec-4] DEBUG org.hibernate.SQL - 
    select
        x1_0.maxe,
        x1_0.bienso,
        x1_0.hangxe,
        x1_0.loaixe,
        x1_0.namsanxuat,
        x1_0.trangthai 
    from
        xe x1_0 
    where
        x1_0.maxe=?
2026-07-22 10:43:11 [http-nio-8081-exec-4] TRACE org.hibernate.orm.jdbc.bind - binding parameter (1:INTEGER) <- [1]
2026-07-22 10:43:16 [http-nio-8081-exec-3] DEBUG org.hibernate.SQL - 
    select
        hv1_0.mahv,
        hv1_0.cccd,
        hv1_0.diachi,
        hv1_0.email,
        hv1_0.gioitinh,
        hv1_0.hoten,
        hv1_0.ngaydangky,
        hv1_0.ngaysinh,
        hv1_0.sodienthoai 
    from
        hoc_vien hv1_0
2026-07-22 10:43:16 [http-nio-8081-exec-5] DEBUG org.hibernate.SQL - 
    select
        kh1_0.makh,
        kh1_0.macth,
        kh1_0.ngaybatdau,
        kh1_0.ngayketthuc,
        kh1_0.tenkhoahoc,
        kh1_0.trangthai 
    from
        khoa_hoc kh1_0
2026-07-22 10:43:16 [http-nio-8081-exec-5] DEBUG org.hibernate.SQL - 
    select
        cth1_0.macth,
        cth1_0.hangbang,
        cth1_0.hocphi,
        cth1_0.sobuoilythuyet,
        cth1_0.sobuoithuchanh,
        cth1_0.tenchuongtrinh 
    from
        chuong_trinh_hoc cth1_0 
    where
        cth1_0.macth=?
2026-07-22 10:43:16 [http-nio-8081-exec-5] TRACE org.hibernate.orm.jdbc.bind - binding parameter (1:INTEGER) <- [2]
2026-07-22 10:43:16 [http-nio-8081-exec-5] DEBUG org.hibernate.SQL - 
    select
        count_big(dkkh1_0.madk) 
    from
        dang_ky_khoa_hoc dkkh1_0 
    where
        dkkh1_0.makh=?
2026-07-22 10:43:16 [http-nio-8081-exec-5] TRACE org.hibernate.orm.jdbc.bind - binding parameter (1:INTEGER) <- [1]
2026-07-22 10:43:16 [http-nio-8081-exec-5] DEBUG org.hibernate.SQL - 
    select
        count_big(dkkh1_0.madk) 
    from
        dang_ky_khoa_hoc dkkh1_0 
    where
        dkkh1_0.makh=?
2026-07-22 10:43:16 [http-nio-8081-exec-5] TRACE org.hibernate.orm.jdbc.bind - binding parameter (1:INTEGER) <- [2]
2026-07-22 10:43:16 [http-nio-8081-exec-6] DEBUG org.hibernate.SQL - 
    select
        dkkh1_0.madk,
        dkkh1_0.mahv,
        dkkh1_0.makh,
        dkkh1_0.ngaydangky,
        dkkh1_0.trangthai 
    from
        dang_ky_khoa_hoc dkkh1_0
2026-07-22 10:43:16 [http-nio-8081-exec-6] DEBUG org.hibernate.SQL - 
    select
        hv1_0.mahv,
        hv1_0.cccd,
        hv1_0.diachi,
        hv1_0.email,
        hv1_0.gioitinh,
        hv1_0.hoten,
        hv1_0.ngaydangky,
        hv1_0.ngaysinh,
        hv1_0.sodienthoai 
    from
        hoc_vien hv1_0 
    where
        hv1_0.mahv=?
2026-07-22 10:43:16 [http-nio-8081-exec-6] TRACE org.hibernate.orm.jdbc.bind - binding parameter (1:INTEGER) <- [1]
2026-07-22 10:43:16 [http-nio-8081-exec-6] DEBUG org.hibernate.SQL - 
    select
        kh1_0.makh,
        cth1_0.macth,
        cth1_0.hangbang,
        cth1_0.hocphi,
        cth1_0.sobuoilythuyet,
        cth1_0.sobuoithuchanh,
        cth1_0.tenchuongtrinh,
        kh1_0.ngaybatdau,
        kh1_0.ngayketthuc,
        kh1_0.tenkhoahoc,
        kh1_0.trangthai 
    from
        khoa_hoc kh1_0 
    left join
        chuong_trinh_hoc cth1_0 
            on cth1_0.macth=kh1_0.macth 
    where
        kh1_0.makh=?
2026-07-22 10:43:16 [http-nio-8081-exec-6] TRACE org.hibernate.orm.jdbc.bind - binding parameter (1:INTEGER) <- [1]
2026-07-22 10:43:16 [http-nio-8081-exec-6] DEBUG org.hibernate.SQL - 
    select
        hv1_0.mahv,
        hv1_0.cccd,
        hv1_0.diachi,
        hv1_0.email,
        hv1_0.gioitinh,
        hv1_0.hoten,
        hv1_0.ngaydangky,
        hv1_0.ngaysinh,
        hv1_0.sodienthoai 
    from
        hoc_vien hv1_0 
    where
        hv1_0.mahv=?
2026-07-22 10:43:16 [http-nio-8081-exec-6] TRACE org.hibernate.orm.jdbc.bind - binding parameter (1:INTEGER) <- [2]
2026-07-22 10:43:16 [http-nio-8081-exec-6] DEBUG org.hibernate.SQL - 
    select
        hv1_0.mahv,
        hv1_0.cccd,
        hv1_0.diachi,
        hv1_0.email,
        hv1_0.gioitinh,
        hv1_0.hoten,
        hv1_0.ngaydangky,
        hv1_0.ngaysinh,
        hv1_0.sodienthoai 
    from
        hoc_vien hv1_0 
    where
        hv1_0.mahv=?
2026-07-22 10:43:16 [http-nio-8081-exec-6] TRACE org.hibernate.orm.jdbc.bind - binding parameter (1:INTEGER) <- [3]
2026-07-22 10:43:16 [http-nio-8081-exec-6] DEBUG org.hibernate.SQL - 
    select
        kh1_0.makh,
        cth1_0.macth,
        cth1_0.hangbang,
        cth1_0.hocphi,
        cth1_0.sobuoilythuyet,
        cth1_0.sobuoithuchanh,
        cth1_0.tenchuongtrinh,
        kh1_0.ngaybatdau,
        kh1_0.ngayketthuc,
        kh1_0.tenkhoahoc,
        kh1_0.trangthai 
    from
        khoa_hoc kh1_0 
    left join
        chuong_trinh_hoc cth1_0 
            on cth1_0.macth=kh1_0.macth 
    where
        kh1_0.makh=?
2026-07-22 10:43:16 [http-nio-8081-exec-6] TRACE org.hibernate.orm.jdbc.bind - binding parameter (1:INTEGER) <- [2]
2026-07-22 10:43:16 [http-nio-8081-exec-10] DEBUG org.hibernate.SQL - 
    select
        kh1_0.makh,
        kh1_0.macth,
        kh1_0.ngaybatdau,
        kh1_0.ngayketthuc,
        kh1_0.tenkhoahoc,
        kh1_0.trangthai 
    from
        khoa_hoc kh1_0
2026-07-22 10:43:16 [http-nio-8081-exec-10] DEBUG org.hibernate.SQL - 
    select
        cth1_0.macth,
        cth1_0.hangbang,
        cth1_0.hocphi,
        cth1_0.sobuoilythuyet,
        cth1_0.sobuoithuchanh,
        cth1_0.tenchuongtrinh 
    from
        chuong_trinh_hoc cth1_0 
    where
        cth1_0.macth=?
2026-07-22 10:43:16 [http-nio-8081-exec-10] TRACE org.hibernate.orm.jdbc.bind - binding parameter (1:INTEGER) <- [2]
2026-07-22 10:43:16 [http-nio-8081-exec-7] DEBUG org.hibernate.SQL - 
    select
        cth1_0.macth,
        cth1_0.hangbang,
        cth1_0.hocphi,
        cth1_0.sobuoilythuyet,
        cth1_0.sobuoithuchanh,
        cth1_0.tenchuongtrinh 
    from
        chuong_trinh_hoc cth1_0
2026-07-22 10:43:16 [http-nio-8081-exec-10] DEBUG org.hibernate.SQL - 
    select
        count_big(dkkh1_0.madk) 
    from
        dang_ky_khoa_hoc dkkh1_0 
    where
        dkkh1_0.makh=?
2026-07-22 10:43:16 [http-nio-8081-exec-10] TRACE org.hibernate.orm.jdbc.bind - binding parameter (1:INTEGER) <- [1]
2026-07-22 10:43:16 [http-nio-8081-exec-10] DEBUG org.hibernate.SQL - 
    select
        count_big(dkkh1_0.madk) 
    from
        dang_ky_khoa_hoc dkkh1_0 
    where
        dkkh1_0.makh=?
2026-07-22 10:43:16 [http-nio-8081-exec-10] TRACE org.hibernate.orm.jdbc.bind - binding parameter (1:INTEGER) <- [2]
2026-07-22 10:43:27 [http-nio-8081-exec-9] DEBUG org.hibernate.SQL - 
    select
        hv1_0.mahv,
        hv1_0.cccd,
        hv1_0.diachi,
        hv1_0.email,
        hv1_0.gioitinh,
        hv1_0.hoten,
        hv1_0.ngaydangky,
        hv1_0.ngaysinh,
        hv1_0.sodienthoai 
    from
        hoc_vien hv1_0
2026-07-22 10:43:27 [http-nio-8081-exec-8] DEBUG org.hibernate.SQL - 
    select
        kh1_0.makh,
        kh1_0.macth,
        kh1_0.ngaybatdau,
        kh1_0.ngayketthuc,
        kh1_0.tenkhoahoc,
        kh1_0.trangthai 
    from
        khoa_hoc kh1_0
2026-07-22 10:43:27 [http-nio-8081-exec-8] DEBUG org.hibernate.SQL - 
    select
        cth1_0.macth,
        cth1_0.hangbang,
        cth1_0.hocphi,
        cth1_0.sobuoilythuyet,
        cth1_0.sobuoithuchanh,
        cth1_0.tenchuongtrinh 
    from
        chuong_trinh_hoc cth1_0 
    where
        cth1_0.macth=?
2026-07-22 10:43:27 [http-nio-8081-exec-8] TRACE org.hibernate.orm.jdbc.bind - binding parameter (1:INTEGER) <- [2]
2026-07-22 10:43:27 [http-nio-8081-exec-8] DEBUG org.hibernate.SQL - 
    select
        count_big(dkkh1_0.madk) 
    from
        dang_ky_khoa_hoc dkkh1_0 
    where
        dkkh1_0.makh=?
2026-07-22 10:43:27 [http-nio-8081-exec-8] TRACE org.hibernate.orm.jdbc.bind - binding parameter (1:INTEGER) <- [1]
2026-07-22 10:43:27 [http-nio-8081-exec-8] DEBUG org.hibernate.SQL - 
    select
        count_big(dkkh1_0.madk) 
    from
        dang_ky_khoa_hoc dkkh1_0 
    where
        dkkh1_0.makh=?
2026-07-22 10:43:27 [http-nio-8081-exec-8] TRACE org.hibernate.orm.jdbc.bind - binding parameter (1:INTEGER) <- [2]
2026-07-22 10:43:27 [http-nio-8081-exec-1] DEBUG org.hibernate.SQL - 
    select
        dkkh1_0.madk,
        dkkh1_0.mahv,
        dkkh1_0.makh,
        dkkh1_0.ngaydangky,
        dkkh1_0.trangthai 
    from
        dang_ky_khoa_hoc dkkh1_0
2026-07-22 10:43:27 [http-nio-8081-exec-1] DEBUG org.hibernate.SQL - 
    select
        hv1_0.mahv,
        hv1_0.cccd,
        hv1_0.diachi,
        hv1_0.email,
        hv1_0.gioitinh,
        hv1_0.hoten,
        hv1_0.ngaydangky,
        hv1_0.ngaysinh,
        hv1_0.sodienthoai 
    from
        hoc_vien hv1_0 
    where
        hv1_0.mahv=?
2026-07-22 10:43:27 [http-nio-8081-exec-1] TRACE org.hibernate.orm.jdbc.bind - binding parameter (1:INTEGER) <- [1]
2026-07-22 10:43:27 [http-nio-8081-exec-1] DEBUG org.hibernate.SQL - 
    select
        kh1_0.makh,
        cth1_0.macth,
        cth1_0.hangbang,
        cth1_0.hocphi,
        cth1_0.sobuoilythuyet,
        cth1_0.sobuoithuchanh,
        cth1_0.tenchuongtrinh,
        kh1_0.ngaybatdau,
        kh1_0.ngayketthuc,
        kh1_0.tenkhoahoc,
        kh1_0.trangthai 
    from
        khoa_hoc kh1_0 
    left join
        chuong_trinh_hoc cth1_0 
            on cth1_0.macth=kh1_0.macth 
    where
        kh1_0.makh=?
2026-07-22 10:43:27 [http-nio-8081-exec-1] TRACE org.hibernate.orm.jdbc.bind - binding parameter (1:INTEGER) <- [1]
2026-07-22 10:43:28 [http-nio-8081-exec-1] DEBUG org.hibernate.SQL - 
    select
        hv1_0.mahv,
        hv1_0.cccd,
        hv1_0.diachi,
        hv1_0.email,
        hv1_0.gioitinh,
        hv1_0.hoten,
        hv1_0.ngaydangky,
        hv1_0.ngaysinh,
        hv1_0.sodienthoai 
    from
        hoc_vien hv1_0 
    where
        hv1_0.mahv=?
2026-07-22 10:43:28 [http-nio-8081-exec-1] TRACE org.hibernate.orm.jdbc.bind - binding parameter (1:INTEGER) <- [2]
2026-07-22 10:43:28 [http-nio-8081-exec-1] DEBUG org.hibernate.SQL - 
    select
        hv1_0.mahv,
        hv1_0.cccd,
        hv1_0.diachi,
        hv1_0.email,
        hv1_0.gioitinh,
        hv1_0.hoten,
        hv1_0.ngaydangky,
        hv1_0.ngaysinh,
        hv1_0.sodienthoai 
    from
        hoc_vien hv1_0 
    where
        hv1_0.mahv=?
2026-07-22 10:43:28 [http-nio-8081-exec-1] TRACE org.hibernate.orm.jdbc.bind - binding parameter (1:INTEGER) <- [3]
2026-07-22 10:43:28 [http-nio-8081-exec-1] DEBUG org.hibernate.SQL - 
    select
        kh1_0.makh,
        cth1_0.macth,
        cth1_0.hangbang,
        cth1_0.hocphi,
        cth1_0.sobuoilythuyet,
        cth1_0.sobuoithuchanh,
        cth1_0.tenchuongtrinh,
        kh1_0.ngaybatdau,
        kh1_0.ngayketthuc,
        kh1_0.tenkhoahoc,
        kh1_0.trangthai 
    from
        khoa_hoc kh1_0 
    left join
        chuong_trinh_hoc cth1_0 
            on cth1_0.macth=kh1_0.macth 
    where
        kh1_0.makh=?
2026-07-22 10:43:28 [http-nio-8081-exec-1] TRACE org.hibernate.orm.jdbc.bind - binding parameter (1:INTEGER) <- [2]
2026-07-22 10:43:37 [http-nio-8081-exec-2] DEBUG org.hibernate.SQL - 
    select
        hv1_0.mahv,
        hv1_0.cccd,
        hv1_0.diachi,
        hv1_0.email,
        hv1_0.gioitinh,
        hv1_0.hoten,
        hv1_0.ngaydangky,
        hv1_0.ngaysinh,
        hv1_0.sodienthoai 
    from
        hoc_vien hv1_0
2026-07-22 10:43:37 [http-nio-8081-exec-4] DEBUG org.hibernate.SQL - 
    select
        hshv1_0.id,
        hshv1_0.anh_canh_caan,
        hshv1_0.file_ho_so,
        hshv1_0.ghichu,
        hshv1_0.mahv,
        hshv1_0.ngaydangky,
        hshv1_0.trang_thai_duyet 
    from
        ho_so_hoc_vien hshv1_0
2026-07-22 10:43:37 [http-nio-8081-exec-4] DEBUG org.hibernate.SQL - 
    select
        hv1_0.mahv,
        hv1_0.cccd,
        hv1_0.diachi,
        hv1_0.email,
        hv1_0.gioitinh,
        hv1_0.hoten,
        hv1_0.ngaydangky,
        hv1_0.ngaysinh,
        hv1_0.sodienthoai 
    from
        hoc_vien hv1_0 
    where
        hv1_0.mahv=?
2026-07-22 10:43:37 [http-nio-8081-exec-4] TRACE org.hibernate.orm.jdbc.bind - binding parameter (1:INTEGER) <- [1]
2026-07-22 10:43:37 [http-nio-8081-exec-4] DEBUG org.hibernate.SQL - 
    select
        hv1_0.mahv,
        hv1_0.cccd,
        hv1_0.diachi,
        hv1_0.email,
        hv1_0.gioitinh,
        hv1_0.hoten,
        hv1_0.ngaydangky,
        hv1_0.ngaysinh,
        hv1_0.sodienthoai 
    from
        hoc_vien hv1_0 
    where
        hv1_0.mahv=?
2026-07-22 10:43:37 [http-nio-8081-exec-4] TRACE org.hibernate.orm.jdbc.bind - binding parameter (1:INTEGER) <- [2]
2026-07-22 10:43:37 [http-nio-8081-exec-4] DEBUG org.hibernate.SQL - 
    select
        hv1_0.mahv,
        hv1_0.cccd,
        hv1_0.diachi,
        hv1_0.email,
        hv1_0.gioitinh,
        hv1_0.hoten,
        hv1_0.ngaydangky,
        hv1_0.ngaysinh,
        hv1_0.sodienthoai 
    from
        hoc_vien hv1_0 
    where
        hv1_0.mahv=?
2026-07-22 10:43:37 [http-nio-8081-exec-4] TRACE org.hibernate.orm.jdbc.bind - binding parameter (1:INTEGER) <- [3]
2026-07-22 10:44:02 [http-nio-8081-exec-3] DEBUG org.hibernate.SQL - 
    select
        gv1_0.magv,
        gv1_0.cccd,
        gv1_0.diachi,
        gv1_0.email,
        gv1_0.gioitinh,
        gv1_0.hangday,
        gv1_0.hoten,
        gv1_0.ngaysinh,
        gv1_0.sodienthoai 
    from
        giao_vien gv1_0
2026-07-22 10:44:06 [http-nio-8081-exec-5] DEBUG org.hibernate.SQL - 
    select
        gv1_0.magv,
        gv1_0.cccd,
        gv1_0.diachi,
        gv1_0.email,
        gv1_0.gioitinh,
        gv1_0.hangday,
        gv1_0.hoten,
        gv1_0.ngaysinh,
        gv1_0.sodienthoai 
    from
        giao_vien gv1_0 
    where
        gv1_0.magv=?
2026-07-22 10:44:06 [http-nio-8081-exec-5] TRACE org.hibernate.orm.jdbc.bind - binding parameter (1:INTEGER) <- [1]
2026-07-22 10:44:06 [http-nio-8081-exec-5] DEBUG org.hibernate.SQL - 
    SELECT
        DISTINCT hv.mahv,
        hv.hoten,
        hv.ngaysinh,
        hv.gioitinh,
        hv.cccd,
        hv.sodienthoai,
        hv.email,
        hv.diachi,
        hv.ngaydangky 
    FROM
        hoc_vien hv 
    JOIN
        dang_ky_khoa_hoc dk 
            ON hv.mahv = dk.mahv 
    JOIN
        khoa_hoc kh 
            ON dk.makh = kh.makh 
    JOIN
        lop_hoc lh 
            ON kh.makh = lh.makh 
    WHERE
        lh.magv = ?
2026-07-22 10:44:06 [http-nio-8081-exec-5] TRACE org.hibernate.orm.jdbc.bind - binding parameter (1:INTEGER) <- [1]
2026-07-22 10:44:06 [http-nio-8081-exec-5] DEBUG org.hibernate.SQL - 
    select
        distinct hv1_0.mahv,
        hv1_0.cccd,
        hv1_0.diachi,
        hv1_0.email,
        hv1_0.gioitinh,
        hv1_0.hoten,
        hv1_0.ngaydangky,
        hv1_0.ngaysinh,
        hv1_0.sodienthoai 
    from
        phan_cong pc1_0 
    join
        hoc_vien hv1_0 
            on hv1_0.mahv=pc1_0.mahv 
    where
        pc1_0.magv=?
2026-07-22 10:44:06 [http-nio-8081-exec-5] TRACE org.hibernate.orm.jdbc.bind - binding parameter (1:INTEGER) <- [1]
2026-07-22 10:44:13 [http-nio-8081-exec-6] DEBUG org.hibernate.SQL - 
    select
        cth1_0.macth,
        cth1_0.hangbang,
        cth1_0.hocphi,
        cth1_0.sobuoilythuyet,
        cth1_0.sobuoithuchanh,
        cth1_0.tenchuongtrinh 
    from
        chuong_trinh_hoc cth1_0
2026-07-22 10:44:14 [http-nio-8081-exec-10] DEBUG org.hibernate.SQL - 
    select
        cth1_0.macth,
        cth1_0.hangbang,
        cth1_0.hocphi,
        cth1_0.sobuoilythuyet,
        cth1_0.sobuoithuchanh,
        cth1_0.tenchuongtrinh 
    from
        chuong_trinh_hoc cth1_0
2026-07-22 10:44:14 [http-nio-8081-exec-7] DEBUG org.hibernate.SQL - 
    select
        kh1_0.makh,
        kh1_0.macth,
        kh1_0.ngaybatdau,
        kh1_0.ngayketthuc,
        kh1_0.tenkhoahoc,
        kh1_0.trangthai 
    from
        khoa_hoc kh1_0
2026-07-22 10:44:14 [http-nio-8081-exec-7] DEBUG org.hibernate.SQL - 
    select
        cth1_0.macth,
        cth1_0.hangbang,
        cth1_0.hocphi,
        cth1_0.sobuoilythuyet,
        cth1_0.sobuoithuchanh,
        cth1_0.tenchuongtrinh 
    from
        chuong_trinh_hoc cth1_0 
    where
        cth1_0.macth=?
2026-07-22 10:44:14 [http-nio-8081-exec-7] TRACE org.hibernate.orm.jdbc.bind - binding parameter (1:INTEGER) <- [2]
2026-07-22 10:44:14 [http-nio-8081-exec-7] DEBUG org.hibernate.SQL - 
    select
        count_big(dkkh1_0.madk) 
    from
        dang_ky_khoa_hoc dkkh1_0 
    where
        dkkh1_0.makh=?
2026-07-22 10:44:14 [http-nio-8081-exec-7] TRACE org.hibernate.orm.jdbc.bind - binding parameter (1:INTEGER) <- [1]
2026-07-22 10:44:14 [http-nio-8081-exec-7] DEBUG org.hibernate.SQL - 
    select
        count_big(dkkh1_0.madk) 
    from
        dang_ky_khoa_hoc dkkh1_0 
    where
        dkkh1_0.makh=?
2026-07-22 10:44:14 [http-nio-8081-exec-7] TRACE org.hibernate.orm.jdbc.bind - binding parameter (1:INTEGER) <- [2]
2026-07-22 10:44:14 [http-nio-8081-exec-9] DEBUG org.hibernate.SQL - 
    select
        hv1_0.mahv,
        hv1_0.cccd,
        hv1_0.diachi,
        hv1_0.email,
        hv1_0.gioitinh,
        hv1_0.hoten,
        hv1_0.ngaydangky,
        hv1_0.ngaysinh,
        hv1_0.sodienthoai 
    from
        hoc_vien hv1_0
2026-07-22 10:44:14 [http-nio-8081-exec-8] DEBUG org.hibernate.SQL - 
    select
        kh1_0.makh,
        kh1_0.macth,
        kh1_0.ngaybatdau,
        kh1_0.ngayketthuc,
        kh1_0.tenkhoahoc,
        kh1_0.trangthai 
    from
        khoa_hoc kh1_0
2026-07-22 10:44:14 [http-nio-8081-exec-8] DEBUG org.hibernate.SQL - 
    select
        cth1_0.macth,
        cth1_0.hangbang,
        cth1_0.hocphi,
        cth1_0.sobuoilythuyet,
        cth1_0.sobuoithuchanh,
        cth1_0.tenchuongtrinh 
    from
        chuong_trinh_hoc cth1_0 
    where
        cth1_0.macth=?
2026-07-22 10:44:14 [http-nio-8081-exec-8] TRACE org.hibernate.orm.jdbc.bind - binding parameter (1:INTEGER) <- [2]
2026-07-22 10:44:14 [http-nio-8081-exec-8] DEBUG org.hibernate.SQL - 
    select
        count_big(dkkh1_0.madk) 
    from
        dang_ky_khoa_hoc dkkh1_0 
    where
        dkkh1_0.makh=?
2026-07-22 10:44:14 [http-nio-8081-exec-8] TRACE org.hibernate.orm.jdbc.bind - binding parameter (1:INTEGER) <- [1]
2026-07-22 10:44:14 [http-nio-8081-exec-8] DEBUG org.hibernate.SQL - 
    select
        count_big(dkkh1_0.madk) 
    from
        dang_ky_khoa_hoc dkkh1_0 
    where
        dkkh1_0.makh=?
2026-07-22 10:44:14 [http-nio-8081-exec-8] TRACE org.hibernate.orm.jdbc.bind - binding parameter (1:INTEGER) <- [2]
2026-07-22 10:44:14 [http-nio-8081-exec-1] DEBUG org.hibernate.SQL - 
    select
        dkkh1_0.madk,
        dkkh1_0.mahv,
        dkkh1_0.makh,
        dkkh1_0.ngaydangky,
        dkkh1_0.trangthai 
    from
        dang_ky_khoa_hoc dkkh1_0
2026-07-22 10:44:14 [http-nio-8081-exec-1] DEBUG org.hibernate.SQL - 
    select
        hv1_0.mahv,
        hv1_0.cccd,
        hv1_0.diachi,
        hv1_0.email,
        hv1_0.gioitinh,
        hv1_0.hoten,
        hv1_0.ngaydangky,
        hv1_0.ngaysinh,
        hv1_0.sodienthoai 
    from
        hoc_vien hv1_0 
    where
        hv1_0.mahv=?
2026-07-22 10:44:14 [http-nio-8081-exec-1] TRACE org.hibernate.orm.jdbc.bind - binding parameter (1:INTEGER) <- [1]
2026-07-22 10:44:14 [http-nio-8081-exec-1] DEBUG org.hibernate.SQL - 
    select
        kh1_0.makh,
        cth1_0.macth,
        cth1_0.hangbang,
        cth1_0.hocphi,
        cth1_0.sobuoilythuyet,
        cth1_0.sobuoithuchanh,
        cth1_0.tenchuongtrinh,
        kh1_0.ngaybatdau,
        kh1_0.ngayketthuc,
        kh1_0.tenkhoahoc,
        kh1_0.trangthai 
    from
        khoa_hoc kh1_0 
    left join
        chuong_trinh_hoc cth1_0 
            on cth1_0.macth=kh1_0.macth 
    where
        kh1_0.makh=?
2026-07-22 10:44:14 [http-nio-8081-exec-1] TRACE org.hibernate.orm.jdbc.bind - binding parameter (1:INTEGER) <- [1]
2026-07-22 10:44:14 [http-nio-8081-exec-1] DEBUG org.hibernate.SQL - 
    select
        hv1_0.mahv,
        hv1_0.cccd,
        hv1_0.diachi,
        hv1_0.email,
        hv1_0.gioitinh,
        hv1_0.hoten,
        hv1_0.ngaydangky,
        hv1_0.ngaysinh,
        hv1_0.sodienthoai 
    from
        hoc_vien hv1_0 
    where
        hv1_0.mahv=?
2026-07-22 10:44:14 [http-nio-8081-exec-1] TRACE org.hibernate.orm.jdbc.bind - binding parameter (1:INTEGER) <- [2]
2026-07-22 10:44:14 [http-nio-8081-exec-1] DEBUG org.hibernate.SQL - 
    select
        hv1_0.mahv,
        hv1_0.cccd,
        hv1_0.diachi,
        hv1_0.email,
        hv1_0.gioitinh,
        hv1_0.hoten,
        hv1_0.ngaydangky,
        hv1_0.ngaysinh,
        hv1_0.sodienthoai 
    from
        hoc_vien hv1_0 
    where
        hv1_0.mahv=?
2026-07-22 10:44:14 [http-nio-8081-exec-1] TRACE org.hibernate.orm.jdbc.bind - binding parameter (1:INTEGER) <- [3]
2026-07-22 10:44:14 [http-nio-8081-exec-1] DEBUG org.hibernate.SQL - 
    select
        kh1_0.makh,
        cth1_0.macth,
        cth1_0.hangbang,
        cth1_0.hocphi,
        cth1_0.sobuoilythuyet,
        cth1_0.sobuoithuchanh,
        cth1_0.tenchuongtrinh,
        kh1_0.ngaybatdau,
        kh1_0.ngayketthuc,
        kh1_0.tenkhoahoc,
        kh1_0.trangthai 
    from
        khoa_hoc kh1_0 
    left join
        chuong_trinh_hoc cth1_0 
            on cth1_0.macth=kh1_0.macth 
    where
        kh1_0.makh=?
2026-07-22 10:44:14 [http-nio-8081-exec-1] TRACE org.hibernate.orm.jdbc.bind - binding parameter (1:INTEGER) <- [2]
2026-07-22 10:44:16 [http-nio-8081-exec-2] DEBUG org.hibernate.SQL - 
    select
        count_big(*) 
    from
        hoc_vien hv1_0
2026-07-22 10:44:16 [http-nio-8081-exec-2] DEBUG org.hibernate.SQL - 
    select
        count_big(*) 
    from
        giao_vien gv1_0
2026-07-22 10:44:16 [http-nio-8081-exec-2] DEBUG org.hibernate.SQL - 
    select
        count_big(kh1_0.makh) 
    from
        khoa_hoc kh1_0 
    where
        kh1_0.trangthai=?
2026-07-22 10:44:16 [http-nio-8081-exec-2] TRACE org.hibernate.orm.jdbc.bind - binding parameter (1:VARCHAR) <- [DANG_MO]
2026-07-22 10:44:16 [http-nio-8081-exec-2] DEBUG org.hibernate.SQL - 
    select
        tt1_0.matt,
        tt1_0.madk,
        tt1_0.mahv,
        tt1_0.ngaythanhtoan,
        tt1_0.phuongthuc,
        tt1_0.sotien,
        tt1_0.trangthai 
    from
        thanh_toan tt1_0
2026-07-22 10:44:16 [http-nio-8081-exec-2] DEBUG org.hibernate.SQL - 
    select
        dkkh1_0.madk,
        dkkh1_0.mahv,
        hv1_0.mahv,
        hv1_0.cccd,
        hv1_0.diachi,
        hv1_0.email,
        hv1_0.gioitinh,
        hv1_0.hoten,
        hv1_0.ngaydangky,
        hv1_0.ngaysinh,
        hv1_0.sodienthoai,
        dkkh1_0.makh,
        kh1_0.makh,
        cth1_0.macth,
        cth1_0.hangbang,
        cth1_0.hocphi,
        cth1_0.sobuoilythuyet,
        cth1_0.sobuoithuchanh,
        cth1_0.tenchuongtrinh,
        kh1_0.ngaybatdau,
        kh1_0.ngayketthuc,
        kh1_0.tenkhoahoc,
        kh1_0.trangthai,
        dkkh1_0.ngaydangky,
        dkkh1_0.trangthai 
    from
        dang_ky_khoa_hoc dkkh1_0 
    join
        hoc_vien hv1_0 
            on hv1_0.mahv=dkkh1_0.mahv 
    join
        khoa_hoc kh1_0 
            on kh1_0.makh=dkkh1_0.makh 
    left join
        chuong_trinh_hoc cth1_0 
            on cth1_0.macth=kh1_0.macth 
    where
        dkkh1_0.madk=?
2026-07-22 10:44:16 [http-nio-8081-exec-2] TRACE org.hibernate.orm.jdbc.bind - binding parameter (1:INTEGER) <- [1]
2026-07-22 10:44:16 [http-nio-8081-exec-2] DEBUG org.hibernate.SQL - 
    select
        dkkh1_0.madk,
        dkkh1_0.mahv,
        hv1_0.mahv,
        hv1_0.cccd,
        hv1_0.diachi,
        hv1_0.email,
        hv1_0.gioitinh,
        hv1_0.hoten,
        hv1_0.ngaydangky,
        hv1_0.ngaysinh,
        hv1_0.sodienthoai,
        dkkh1_0.makh,
        kh1_0.makh,
        cth1_0.macth,
        cth1_0.hangbang,
        cth1_0.hocphi,
        cth1_0.sobuoilythuyet,
        cth1_0.sobuoithuchanh,
        cth1_0.tenchuongtrinh,
        kh1_0.ngaybatdau,
        kh1_0.ngayketthuc,
        kh1_0.tenkhoahoc,
        kh1_0.trangthai,
        dkkh1_0.ngaydangky,
        dkkh1_0.trangthai 
    from
        dang_ky_khoa_hoc dkkh1_0 
    join
        hoc_vien hv1_0 
            on hv1_0.mahv=dkkh1_0.mahv 
    join
        khoa_hoc kh1_0 
            on kh1_0.makh=dkkh1_0.makh 
    left join
        chuong_trinh_hoc cth1_0 
            on cth1_0.macth=kh1_0.macth 
    where
        dkkh1_0.madk=?
2026-07-22 10:44:16 [http-nio-8081-exec-2] TRACE org.hibernate.orm.jdbc.bind - binding parameter (1:INTEGER) <- [2]
2026-07-22 10:44:16 [http-nio-8081-exec-2] DEBUG org.hibernate.SQL - 
    select
        dkkh1_0.madk,
        dkkh1_0.mahv,
        hv1_0.mahv,
        hv1_0.cccd,
        hv1_0.diachi,
        hv1_0.email,
        hv1_0.gioitinh,
        hv1_0.hoten,
        hv1_0.ngaydangky,
        hv1_0.ngaysinh,
        hv1_0.sodienthoai,
        dkkh1_0.makh,
        kh1_0.makh,
        cth1_0.macth,
        cth1_0.hangbang,
        cth1_0.hocphi,
        cth1_0.sobuoilythuyet,
        cth1_0.sobuoithuchanh,
        cth1_0.tenchuongtrinh,
        kh1_0.ngaybatdau,
        kh1_0.ngayketthuc,
        kh1_0.tenkhoahoc,
        kh1_0.trangthai,
        dkkh1_0.ngaydangky,
        dkkh1_0.trangthai 
    from
        dang_ky_khoa_hoc dkkh1_0 
    join
        hoc_vien hv1_0 
            on hv1_0.mahv=dkkh1_0.mahv 
    join
        khoa_hoc kh1_0 
            on kh1_0.makh=dkkh1_0.makh 
    left join
        chuong_trinh_hoc cth1_0 
            on cth1_0.macth=kh1_0.macth 
    where
        dkkh1_0.madk=?
2026-07-22 10:44:16 [http-nio-8081-exec-2] TRACE org.hibernate.orm.jdbc.bind - binding parameter (1:INTEGER) <- [3]
2026-07-22 10:44:16 [http-nio-8081-exec-2] DEBUG org.hibernate.SQL - 
    select
        tt1_0.matt,
        tt1_0.madk,
        tt1_0.mahv,
        tt1_0.ngaythanhtoan,
        tt1_0.phuongthuc,
        tt1_0.sotien,
        tt1_0.trangthai 
    from
        thanh_toan tt1_0
2026-07-22 10:44:16 [http-nio-8081-exec-2] DEBUG org.hibernate.SQL - 
    select
        dkkh1_0.madk,
        dkkh1_0.mahv,
        hv1_0.mahv,
        hv1_0.cccd,
        hv1_0.diachi,
        hv1_0.email,
        hv1_0.gioitinh,
        hv1_0.hoten,
        hv1_0.ngaydangky,
        hv1_0.ngaysinh,
        hv1_0.sodienthoai,
        dkkh1_0.makh,
        kh1_0.makh,
        cth1_0.macth,
        cth1_0.hangbang,
        cth1_0.hocphi,
        cth1_0.sobuoilythuyet,
        cth1_0.sobuoithuchanh,
        cth1_0.tenchuongtrinh,
        kh1_0.ngaybatdau,
        kh1_0.ngayketthuc,
        kh1_0.tenkhoahoc,
        kh1_0.trangthai,
        dkkh1_0.ngaydangky,
        dkkh1_0.trangthai 
    from
        dang_ky_khoa_hoc dkkh1_0 
    join
        hoc_vien hv1_0 
            on hv1_0.mahv=dkkh1_0.mahv 
    join
        khoa_hoc kh1_0 
            on kh1_0.makh=dkkh1_0.makh 
    left join
        chuong_trinh_hoc cth1_0 
            on cth1_0.macth=kh1_0.macth 
    where
        dkkh1_0.madk=?
2026-07-22 10:44:16 [http-nio-8081-exec-2] TRACE org.hibernate.orm.jdbc.bind - binding parameter (1:INTEGER) <- [1]
2026-07-22 10:44:16 [http-nio-8081-exec-2] DEBUG org.hibernate.SQL - 
    select
        dkkh1_0.madk,
        dkkh1_0.mahv,
        hv1_0.mahv,
        hv1_0.cccd,
        hv1_0.diachi,
        hv1_0.email,
        hv1_0.gioitinh,
        hv1_0.hoten,
        hv1_0.ngaydangky,
        hv1_0.ngaysinh,
        hv1_0.sodienthoai,
        dkkh1_0.makh,
        kh1_0.makh,
        cth1_0.macth,
        cth1_0.hangbang,
        cth1_0.hocphi,
        cth1_0.sobuoilythuyet,
        cth1_0.sobuoithuchanh,
        cth1_0.tenchuongtrinh,
        kh1_0.ngaybatdau,
        kh1_0.ngayketthuc,
        kh1_0.tenkhoahoc,
        kh1_0.trangthai,
        dkkh1_0.ngaydangky,
        dkkh1_0.trangthai 
    from
        dang_ky_khoa_hoc dkkh1_0 
    join
        hoc_vien hv1_0 
            on hv1_0.mahv=dkkh1_0.mahv 
    join
        khoa_hoc kh1_0 
            on kh1_0.makh=dkkh1_0.makh 
    left join
        chuong_trinh_hoc cth1_0 
            on cth1_0.macth=kh1_0.macth 
    where
        dkkh1_0.madk=?
2026-07-22 10:44:16 [http-nio-8081-exec-2] TRACE org.hibernate.orm.jdbc.bind - binding parameter (1:INTEGER) <- [2]
2026-07-22 10:44:16 [http-nio-8081-exec-2] DEBUG org.hibernate.SQL - 
    select
        dkkh1_0.madk,
        dkkh1_0.mahv,
        hv1_0.mahv,
        hv1_0.cccd,
        hv1_0.diachi,
        hv1_0.email,
        hv1_0.gioitinh,
        hv1_0.hoten,
        hv1_0.ngaydangky,
        hv1_0.ngaysinh,
        hv1_0.sodienthoai,
        dkkh1_0.makh,
        kh1_0.makh,
        cth1_0.macth,
        cth1_0.hangbang,
        cth1_0.hocphi,
        cth1_0.sobuoilythuyet,
        cth1_0.sobuoithuchanh,
        cth1_0.tenchuongtrinh,
        kh1_0.ngaybatdau,
        kh1_0.ngayketthuc,
        kh1_0.tenkhoahoc,
        kh1_0.trangthai,
        dkkh1_0.ngaydangky,
        dkkh1_0.trangthai 
    from
        dang_ky_khoa_hoc dkkh1_0 
    join
        hoc_vien hv1_0 
            on hv1_0.mahv=dkkh1_0.mahv 
    join
        khoa_hoc kh1_0 
            on kh1_0.makh=dkkh1_0.makh 
    left join
        chuong_trinh_hoc cth1_0 
            on cth1_0.macth=kh1_0.macth 
    where
        dkkh1_0.madk=?
2026-07-22 10:44:16 [http-nio-8081-exec-2] TRACE org.hibernate.orm.jdbc.bind - binding parameter (1:INTEGER) <- [3]
2026-07-22 10:44:16 [http-nio-8081-exec-2] DEBUG org.hibernate.SQL - 
    select
        tt1_0.matt,
        tt1_0.madk,
        tt1_0.mahv,
        tt1_0.ngaythanhtoan,
        tt1_0.phuongthuc,
        tt1_0.sotien,
        tt1_0.trangthai 
    from
        thanh_toan tt1_0
2026-07-22 10:44:16 [http-nio-8081-exec-2] DEBUG org.hibernate.SQL - 
    select
        dkkh1_0.madk,
        dkkh1_0.mahv,
        hv1_0.mahv,
        hv1_0.cccd,
        hv1_0.diachi,
        hv1_0.email,
        hv1_0.gioitinh,
        hv1_0.hoten,
        hv1_0.ngaydangky,
        hv1_0.ngaysinh,
        hv1_0.sodienthoai,
        dkkh1_0.makh,
        kh1_0.makh,
        cth1_0.macth,
        cth1_0.hangbang,
        cth1_0.hocphi,
        cth1_0.sobuoilythuyet,
        cth1_0.sobuoithuchanh,
        cth1_0.tenchuongtrinh,
        kh1_0.ngaybatdau,
        kh1_0.ngayketthuc,
        kh1_0.tenkhoahoc,
        kh1_0.trangthai,
        dkkh1_0.ngaydangky,
        dkkh1_0.trangthai 
    from
        dang_ky_khoa_hoc dkkh1_0 
    join
        hoc_vien hv1_0 
            on hv1_0.mahv=dkkh1_0.mahv 
    join
        khoa_hoc kh1_0 
            on kh1_0.makh=dkkh1_0.makh 
    left join
        chuong_trinh_hoc cth1_0 
            on cth1_0.macth=kh1_0.macth 
    where
        dkkh1_0.madk=?
2026-07-22 10:44:16 [http-nio-8081-exec-2] TRACE org.hibernate.orm.jdbc.bind - binding parameter (1:INTEGER) <- [1]
2026-07-22 10:44:16 [http-nio-8081-exec-2] DEBUG org.hibernate.SQL - 
    select
        dkkh1_0.madk,
        dkkh1_0.mahv,
        hv1_0.mahv,
        hv1_0.cccd,
        hv1_0.diachi,
        hv1_0.email,
        hv1_0.gioitinh,
        hv1_0.hoten,
        hv1_0.ngaydangky,
        hv1_0.ngaysinh,
        hv1_0.sodienthoai,
        dkkh1_0.makh,
        kh1_0.makh,
        cth1_0.macth,
        cth1_0.hangbang,
        cth1_0.hocphi,
        cth1_0.sobuoilythuyet,
        cth1_0.sobuoithuchanh,
        cth1_0.tenchuongtrinh,
        kh1_0.ngaybatdau,
        kh1_0.ngayketthuc,
        kh1_0.tenkhoahoc,
        kh1_0.trangthai,
        dkkh1_0.ngaydangky,
        dkkh1_0.trangthai 
    from
        dang_ky_khoa_hoc dkkh1_0 
    join
        hoc_vien hv1_0 
            on hv1_0.mahv=dkkh1_0.mahv 
    join
        khoa_hoc kh1_0 
            on kh1_0.makh=dkkh1_0.makh 
    left join
        chuong_trinh_hoc cth1_0 
            on cth1_0.macth=kh1_0.macth 
    where
        dkkh1_0.madk=?
2026-07-22 10:44:16 [http-nio-8081-exec-2] TRACE org.hibernate.orm.jdbc.bind - binding parameter (1:INTEGER) <- [2]
2026-07-22 10:44:16 [http-nio-8081-exec-2] DEBUG org.hibernate.SQL - 
    select
        dkkh1_0.madk,
        dkkh1_0.mahv,
        hv1_0.mahv,
        hv1_0.cccd,
        hv1_0.diachi,
        hv1_0.email,
        hv1_0.gioitinh,
        hv1_0.hoten,
        hv1_0.ngaydangky,
        hv1_0.ngaysinh,
        hv1_0.sodienthoai,
        dkkh1_0.makh,
        kh1_0.makh,
        cth1_0.macth,
        cth1_0.hangbang,
        cth1_0.hocphi,
        cth1_0.sobuoilythuyet,
        cth1_0.sobuoithuchanh,
        cth1_0.tenchuongtrinh,
        kh1_0.ngaybatdau,
        kh1_0.ngayketthuc,
        kh1_0.tenkhoahoc,
        kh1_0.trangthai,
        dkkh1_0.ngaydangky,
        dkkh1_0.trangthai 
    from
        dang_ky_khoa_hoc dkkh1_0 
    join
        hoc_vien hv1_0 
            on hv1_0.mahv=dkkh1_0.mahv 
    join
        khoa_hoc kh1_0 
            on kh1_0.makh=dkkh1_0.makh 
    left join
        chuong_trinh_hoc cth1_0 
            on cth1_0.macth=kh1_0.macth 
    where
        dkkh1_0.madk=?
2026-07-22 10:44:16 [http-nio-8081-exec-2] TRACE org.hibernate.orm.jdbc.bind - binding parameter (1:INTEGER) <- [3]
2026-07-22 10:44:16 [http-nio-8081-exec-2] DEBUG org.hibernate.SQL - 
    select
        count_big(tt1_0.matt) 
    from
        thanh_toan tt1_0 
    where
        tt1_0.ngaythanhtoan between ? and ?
2026-07-22 10:44:16 [http-nio-8081-exec-2] TRACE org.hibernate.orm.jdbc.bind - binding parameter (1:DATE) <- [2026-07-01]
2026-07-22 10:44:16 [http-nio-8081-exec-2] TRACE org.hibernate.orm.jdbc.bind - binding parameter (2:DATE) <- [2026-07-22]
2026-07-22 10:44:16 [http-nio-8081-exec-2] DEBUG org.hibernate.SQL - 
    select
        tsh1_0.mathi,
        tsh1_0.ghichu,
        tsh1_0.mahv,
        tsh1_0.ketqua,
        tsh1_0.malichthi,
        tsh1_0.ngaythi 
    from
        thi_sat_hach tsh1_0
2026-07-22 10:44:16 [http-nio-8081-exec-2] DEBUG org.hibernate.SQL - 
    select
        hv1_0.mahv,
        hv1_0.cccd,
        hv1_0.diachi,
        hv1_0.email,
        hv1_0.gioitinh,
        hv1_0.hoten,
        hv1_0.ngaydangky,
        hv1_0.ngaysinh,
        hv1_0.sodienthoai 
    from
        hoc_vien hv1_0 
    where
        hv1_0.mahv=?
2026-07-22 10:44:16 [http-nio-8081-exec-2] TRACE org.hibernate.orm.jdbc.bind - binding parameter (1:INTEGER) <- [1]
2026-07-22 10:44:16 [http-nio-8081-exec-2] DEBUG org.hibernate.SQL - 
    select
        tt1_0.matt,
        tt1_0.madk,
        tt1_0.mahv,
        tt1_0.ngaythanhtoan,
        tt1_0.phuongthuc,
        tt1_0.sotien,
        tt1_0.trangthai 
    from
        thanh_toan tt1_0
2026-07-22 10:44:16 [http-nio-8081-exec-2] DEBUG org.hibernate.SQL - 
    select
        dkkh1_0.madk,
        dkkh1_0.mahv,
        hv1_0.mahv,
        hv1_0.cccd,
        hv1_0.diachi,
        hv1_0.email,
        hv1_0.gioitinh,
        hv1_0.hoten,
        hv1_0.ngaydangky,
        hv1_0.ngaysinh,
        hv1_0.sodienthoai,
        dkkh1_0.makh,
        kh1_0.makh,
        cth1_0.macth,
        cth1_0.hangbang,
        cth1_0.hocphi,
        cth1_0.sobuoilythuyet,
        cth1_0.sobuoithuchanh,
        cth1_0.tenchuongtrinh,
        kh1_0.ngaybatdau,
        kh1_0.ngayketthuc,
        kh1_0.tenkhoahoc,
        kh1_0.trangthai,
        dkkh1_0.ngaydangky,
        dkkh1_0.trangthai 
    from
        dang_ky_khoa_hoc dkkh1_0 
    join
        hoc_vien hv1_0 
            on hv1_0.mahv=dkkh1_0.mahv 
    join
        khoa_hoc kh1_0 
            on kh1_0.makh=dkkh1_0.makh 
    left join
        chuong_trinh_hoc cth1_0 
            on cth1_0.macth=kh1_0.macth 
    where
        dkkh1_0.madk=?
2026-07-22 10:44:16 [http-nio-8081-exec-2] TRACE org.hibernate.orm.jdbc.bind - binding parameter (1:INTEGER) <- [1]
2026-07-22 10:44:16 [http-nio-8081-exec-2] DEBUG org.hibernate.SQL - 
    select
        dkkh1_0.madk,
        dkkh1_0.mahv,
        hv1_0.mahv,
        hv1_0.cccd,
        hv1_0.diachi,
        hv1_0.email,
        hv1_0.gioitinh,
        hv1_0.hoten,
        hv1_0.ngaydangky,
        hv1_0.ngaysinh,
        hv1_0.sodienthoai,
        dkkh1_0.makh,
        kh1_0.makh,
        cth1_0.macth,
        cth1_0.hangbang,
        cth1_0.hocphi,
        cth1_0.sobuoilythuyet,
        cth1_0.sobuoithuchanh,
        cth1_0.tenchuongtrinh,
        kh1_0.ngaybatdau,
        kh1_0.ngayketthuc,
        kh1_0.tenkhoahoc,
        kh1_0.trangthai,
        dkkh1_0.ngaydangky,
        dkkh1_0.trangthai 
    from
        dang_ky_khoa_hoc dkkh1_0 
    join
        hoc_vien hv1_0 
            on hv1_0.mahv=dkkh1_0.mahv 
    join
        khoa_hoc kh1_0 
            on kh1_0.makh=dkkh1_0.makh 
    left join
        chuong_trinh_hoc cth1_0 
            on cth1_0.macth=kh1_0.macth 
    where
        dkkh1_0.madk=?
2026-07-22 10:44:16 [http-nio-8081-exec-2] TRACE org.hibernate.orm.jdbc.bind - binding parameter (1:INTEGER) <- [2]
2026-07-22 10:44:16 [http-nio-8081-exec-2] DEBUG org.hibernate.SQL - 
    select
        dkkh1_0.madk,
        dkkh1_0.mahv,
        hv1_0.mahv,
        hv1_0.cccd,
        hv1_0.diachi,
        hv1_0.email,
        hv1_0.gioitinh,
        hv1_0.hoten,
        hv1_0.ngaydangky,
        hv1_0.ngaysinh,
        hv1_0.sodienthoai,
        dkkh1_0.makh,
        kh1_0.makh,
        cth1_0.macth,
        cth1_0.hangbang,
        cth1_0.hocphi,
        cth1_0.sobuoilythuyet,
        cth1_0.sobuoithuchanh,
        cth1_0.tenchuongtrinh,
        kh1_0.ngaybatdau,
        kh1_0.ngayketthuc,
        kh1_0.tenkhoahoc,
        kh1_0.trangthai,
        dkkh1_0.ngaydangky,
        dkkh1_0.trangthai 
    from
        dang_ky_khoa_hoc dkkh1_0 
    join
        hoc_vien hv1_0 
            on hv1_0.mahv=dkkh1_0.mahv 
    join
        khoa_hoc kh1_0 
            on kh1_0.makh=dkkh1_0.makh 
    left join
        chuong_trinh_hoc cth1_0 
            on cth1_0.macth=kh1_0.macth 
    where
        dkkh1_0.madk=?
2026-07-22 10:44:16 [http-nio-8081-exec-2] TRACE org.hibernate.orm.jdbc.bind - binding parameter (1:INTEGER) <- [3]
2026-07-22 10:44:16 [http-nio-8081-exec-2] DEBUG org.hibernate.SQL - 
    select
        tt1_0.matt,
        tt1_0.madk,
        tt1_0.mahv,
        tt1_0.ngaythanhtoan,
        tt1_0.phuongthuc,
        tt1_0.sotien,
        tt1_0.trangthai 
    from
        thanh_toan tt1_0
2026-07-22 10:44:16 [http-nio-8081-exec-2] DEBUG org.hibernate.SQL - 
    select
        dkkh1_0.madk,
        dkkh1_0.mahv,
        hv1_0.mahv,
        hv1_0.cccd,
        hv1_0.diachi,
        hv1_0.email,
        hv1_0.gioitinh,
        hv1_0.hoten,
        hv1_0.ngaydangky,
        hv1_0.ngaysinh,
        hv1_0.sodienthoai,
        dkkh1_0.makh,
        kh1_0.makh,
        cth1_0.macth,
        cth1_0.hangbang,
        cth1_0.hocphi,
        cth1_0.sobuoilythuyet,
        cth1_0.sobuoithuchanh,
        cth1_0.tenchuongtrinh,
        kh1_0.ngaybatdau,
        kh1_0.ngayketthuc,
        kh1_0.tenkhoahoc,
        kh1_0.trangthai,
        dkkh1_0.ngaydangky,
        dkkh1_0.trangthai 
    from
        dang_ky_khoa_hoc dkkh1_0 
    join
        hoc_vien hv1_0 
            on hv1_0.mahv=dkkh1_0.mahv 
    join
        khoa_hoc kh1_0 
            on kh1_0.makh=dkkh1_0.makh 
    left join
        chuong_trinh_hoc cth1_0 
            on cth1_0.macth=kh1_0.macth 
    where
        dkkh1_0.madk=?
2026-07-22 10:44:16 [http-nio-8081-exec-2] TRACE org.hibernate.orm.jdbc.bind - binding parameter (1:INTEGER) <- [1]
2026-07-22 10:44:16 [http-nio-8081-exec-2] DEBUG org.hibernate.SQL - 
    select
        dkkh1_0.madk,
        dkkh1_0.mahv,
        hv1_0.mahv,
        hv1_0.cccd,
        hv1_0.diachi,
        hv1_0.email,
        hv1_0.gioitinh,
        hv1_0.hoten,
        hv1_0.ngaydangky,
        hv1_0.ngaysinh,
        hv1_0.sodienthoai,
        dkkh1_0.makh,
        kh1_0.makh,
        cth1_0.macth,
        cth1_0.hangbang,
        cth1_0.hocphi,
        cth1_0.sobuoilythuyet,
        cth1_0.sobuoithuchanh,
        cth1_0.tenchuongtrinh,
        kh1_0.ngaybatdau,
        kh1_0.ngayketthuc,
        kh1_0.tenkhoahoc,
        kh1_0.trangthai,
        dkkh1_0.ngaydangky,
        dkkh1_0.trangthai 
    from
        dang_ky_khoa_hoc dkkh1_0 
    join
        hoc_vien hv1_0 
            on hv1_0.mahv=dkkh1_0.mahv 
    join
        khoa_hoc kh1_0 
            on kh1_0.makh=dkkh1_0.makh 
    left join
        chuong_trinh_hoc cth1_0 
            on cth1_0.macth=kh1_0.macth 
    where
        dkkh1_0.madk=?
2026-07-22 10:44:16 [http-nio-8081-exec-2] TRACE org.hibernate.orm.jdbc.bind - binding parameter (1:INTEGER) <- [2]
2026-07-22 10:44:16 [http-nio-8081-exec-2] DEBUG org.hibernate.SQL - 
    select
        dkkh1_0.madk,
        dkkh1_0.mahv,
        hv1_0.mahv,
        hv1_0.cccd,
        hv1_0.diachi,
        hv1_0.email,
        hv1_0.gioitinh,
        hv1_0.hoten,
        hv1_0.ngaydangky,
        hv1_0.ngaysinh,
        hv1_0.sodienthoai,
        dkkh1_0.makh,
        kh1_0.makh,
        cth1_0.macth,
        cth1_0.hangbang,
        cth1_0.hocphi,
        cth1_0.sobuoilythuyet,
        cth1_0.sobuoithuchanh,
        cth1_0.tenchuongtrinh,
        kh1_0.ngaybatdau,
        kh1_0.ngayketthuc,
        kh1_0.tenkhoahoc,
        kh1_0.trangthai,
        dkkh1_0.ngaydangky,
        dkkh1_0.trangthai 
    from
        dang_ky_khoa_hoc dkkh1_0 
    join
        hoc_vien hv1_0 
            on hv1_0.mahv=dkkh1_0.mahv 
    join
        khoa_hoc kh1_0 
            on kh1_0.makh=dkkh1_0.makh 
    left join
        chuong_trinh_hoc cth1_0 
            on cth1_0.macth=kh1_0.macth 
    where
        dkkh1_0.madk=?
2026-07-22 10:44:16 [http-nio-8081-exec-2] TRACE org.hibernate.orm.jdbc.bind - binding parameter (1:INTEGER) <- [3]
2026-07-22 10:44:16 [http-nio-8081-exec-2] DEBUG org.hibernate.SQL - 
    select
        tt1_0.matt,
        tt1_0.madk,
        tt1_0.mahv,
        tt1_0.ngaythanhtoan,
        tt1_0.phuongthuc,
        tt1_0.sotien,
        tt1_0.trangthai 
    from
        thanh_toan tt1_0
2026-07-22 10:44:16 [http-nio-8081-exec-2] DEBUG org.hibernate.SQL - 
    select
        dkkh1_0.madk,
        dkkh1_0.mahv,
        hv1_0.mahv,
        hv1_0.cccd,
        hv1_0.diachi,
        hv1_0.email,
        hv1_0.gioitinh,
        hv1_0.hoten,
        hv1_0.ngaydangky,
        hv1_0.ngaysinh,
        hv1_0.sodienthoai,
        dkkh1_0.makh,
        kh1_0.makh,
        cth1_0.macth,
        cth1_0.hangbang,
        cth1_0.hocphi,
        cth1_0.sobuoilythuyet,
        cth1_0.sobuoithuchanh,
        cth1_0.tenchuongtrinh,
        kh1_0.ngaybatdau,
        kh1_0.ngayketthuc,
        kh1_0.tenkhoahoc,
        kh1_0.trangthai,
        dkkh1_0.ngaydangky,
        dkkh1_0.trangthai 
    from
        dang_ky_khoa_hoc dkkh1_0 
    join
        hoc_vien hv1_0 
            on hv1_0.mahv=dkkh1_0.mahv 
    join
        khoa_hoc kh1_0 
            on kh1_0.makh=dkkh1_0.makh 
    left join
        chuong_trinh_hoc cth1_0 
            on cth1_0.macth=kh1_0.macth 
    where
        dkkh1_0.madk=?
2026-07-22 10:44:16 [http-nio-8081-exec-2] TRACE org.hibernate.orm.jdbc.bind - binding parameter (1:INTEGER) <- [1]
2026-07-22 10:44:16 [http-nio-8081-exec-2] DEBUG org.hibernate.SQL - 
    select
        dkkh1_0.madk,
        dkkh1_0.mahv,
        hv1_0.mahv,
        hv1_0.cccd,
        hv1_0.diachi,
        hv1_0.email,
        hv1_0.gioitinh,
        hv1_0.hoten,
        hv1_0.ngaydangky,
        hv1_0.ngaysinh,
        hv1_0.sodienthoai,
        dkkh1_0.makh,
        kh1_0.makh,
        cth1_0.macth,
        cth1_0.hangbang,
        cth1_0.hocphi,
        cth1_0.sobuoilythuyet,
        cth1_0.sobuoithuchanh,
        cth1_0.tenchuongtrinh,
        kh1_0.ngaybatdau,
        kh1_0.ngayketthuc,
        kh1_0.tenkhoahoc,
        kh1_0.trangthai,
        dkkh1_0.ngaydangky,
        dkkh1_0.trangthai 
    from
        dang_ky_khoa_hoc dkkh1_0 
    join
        hoc_vien hv1_0 
            on hv1_0.mahv=dkkh1_0.mahv 
    join
        khoa_hoc kh1_0 
            on kh1_0.makh=dkkh1_0.makh 
    left join
        chuong_trinh_hoc cth1_0 
            on cth1_0.macth=kh1_0.macth 
    where
        dkkh1_0.madk=?
2026-07-22 10:44:16 [http-nio-8081-exec-2] TRACE org.hibernate.orm.jdbc.bind - binding parameter (1:INTEGER) <- [2]
2026-07-22 10:44:16 [http-nio-8081-exec-2] DEBUG org.hibernate.SQL - 
    select
        dkkh1_0.madk,
        dkkh1_0.mahv,
        hv1_0.mahv,
        hv1_0.cccd,
        hv1_0.diachi,
        hv1_0.email,
        hv1_0.gioitinh,
        hv1_0.hoten,
        hv1_0.ngaydangky,
        hv1_0.ngaysinh,
        hv1_0.sodienthoai,
        dkkh1_0.makh,
        kh1_0.makh,
        cth1_0.macth,
        cth1_0.hangbang,
        cth1_0.hocphi,
        cth1_0.sobuoilythuyet,
        cth1_0.sobuoithuchanh,
        cth1_0.tenchuongtrinh,
        kh1_0.ngaybatdau,
        kh1_0.ngayketthuc,
        kh1_0.tenkhoahoc,
        kh1_0.trangthai,
        dkkh1_0.ngaydangky,
        dkkh1_0.trangthai 
    from
        dang_ky_khoa_hoc dkkh1_0 
    join
        hoc_vien hv1_0 
            on hv1_0.mahv=dkkh1_0.mahv 
    join
        khoa_hoc kh1_0 
            on kh1_0.makh=dkkh1_0.makh 
    left join
        chuong_trinh_hoc cth1_0 
            on cth1_0.macth=kh1_0.macth 
    where
        dkkh1_0.madk=?
2026-07-22 10:44:16 [http-nio-8081-exec-2] TRACE org.hibernate.orm.jdbc.bind - binding parameter (1:INTEGER) <- [3]
2026-07-22 10:44:16 [http-nio-8081-exec-2] DEBUG org.hibernate.SQL - 
    select
        tt1_0.matt,
        tt1_0.madk,
        tt1_0.mahv,
        tt1_0.ngaythanhtoan,
        tt1_0.phuongthuc,
        tt1_0.sotien,
        tt1_0.trangthai 
    from
        thanh_toan tt1_0
2026-07-22 10:44:16 [http-nio-8081-exec-2] DEBUG org.hibernate.SQL - 
    select
        dkkh1_0.madk,
        dkkh1_0.mahv,
        hv1_0.mahv,
        hv1_0.cccd,
        hv1_0.diachi,
        hv1_0.email,
        hv1_0.gioitinh,
        hv1_0.hoten,
        hv1_0.ngaydangky,
        hv1_0.ngaysinh,
        hv1_0.sodienthoai,
        dkkh1_0.makh,
        kh1_0.makh,
        cth1_0.macth,
        cth1_0.hangbang,
        cth1_0.hocphi,
        cth1_0.sobuoilythuyet,
        cth1_0.sobuoithuchanh,
        cth1_0.tenchuongtrinh,
        kh1_0.ngaybatdau,
        kh1_0.ngayketthuc,
        kh1_0.tenkhoahoc,
        kh1_0.trangthai,
        dkkh1_0.ngaydangky,
        dkkh1_0.trangthai 
    from
        dang_ky_khoa_hoc dkkh1_0 
    join
        hoc_vien hv1_0 
            on hv1_0.mahv=dkkh1_0.mahv 
    join
        khoa_hoc kh1_0 
            on kh1_0.makh=dkkh1_0.makh 
    left join
        chuong_trinh_hoc cth1_0 
            on cth1_0.macth=kh1_0.macth 
    where
        dkkh1_0.madk=?
2026-07-22 10:44:16 [http-nio-8081-exec-2] TRACE org.hibernate.orm.jdbc.bind - binding parameter (1:INTEGER) <- [1]
2026-07-22 10:44:16 [http-nio-8081-exec-2] DEBUG org.hibernate.SQL - 
    select
        dkkh1_0.madk,
        dkkh1_0.mahv,
        hv1_0.mahv,
        hv1_0.cccd,
        hv1_0.diachi,
        hv1_0.email,
        hv1_0.gioitinh,
        hv1_0.hoten,
        hv1_0.ngaydangky,
        hv1_0.ngaysinh,
        hv1_0.sodienthoai,
        dkkh1_0.makh,
        kh1_0.makh,
        cth1_0.macth,
        cth1_0.hangbang,
        cth1_0.hocphi,
        cth1_0.sobuoilythuyet,
        cth1_0.sobuoithuchanh,
        cth1_0.tenchuongtrinh,
        kh1_0.ngaybatdau,
        kh1_0.ngayketthuc,
        kh1_0.tenkhoahoc,
        kh1_0.trangthai,
        dkkh1_0.ngaydangky,
        dkkh1_0.trangthai 
    from
        dang_ky_khoa_hoc dkkh1_0 
    join
        hoc_vien hv1_0 
            on hv1_0.mahv=dkkh1_0.mahv 
    join
        khoa_hoc kh1_0 
            on kh1_0.makh=dkkh1_0.makh 
    left join
        chuong_trinh_hoc cth1_0 
            on cth1_0.macth=kh1_0.macth 
    where
        dkkh1_0.madk=?
2026-07-22 10:44:16 [http-nio-8081-exec-2] TRACE org.hibernate.orm.jdbc.bind - binding parameter (1:INTEGER) <- [2]
2026-07-22 10:44:16 [http-nio-8081-exec-2] DEBUG org.hibernate.SQL - 
    select
        dkkh1_0.madk,
        dkkh1_0.mahv,
        hv1_0.mahv,
        hv1_0.cccd,
        hv1_0.diachi,
        hv1_0.email,
        hv1_0.gioitinh,
        hv1_0.hoten,
        hv1_0.ngaydangky,
        hv1_0.ngaysinh,
        hv1_0.sodienthoai,
        dkkh1_0.makh,
        kh1_0.makh,
        cth1_0.macth,
        cth1_0.hangbang,
        cth1_0.hocphi,
        cth1_0.sobuoilythuyet,
        cth1_0.sobuoithuchanh,
        cth1_0.tenchuongtrinh,
        kh1_0.ngaybatdau,
        kh1_0.ngayketthuc,
        kh1_0.tenkhoahoc,
        kh1_0.trangthai,
        dkkh1_0.ngaydangky,
        dkkh1_0.trangthai 
    from
        dang_ky_khoa_hoc dkkh1_0 
    join
        hoc_vien hv1_0 
            on hv1_0.mahv=dkkh1_0.mahv 
    join
        khoa_hoc kh1_0 
            on kh1_0.makh=dkkh1_0.makh 
    left join
        chuong_trinh_hoc cth1_0 
            on cth1_0.macth=kh1_0.macth 
    where
        dkkh1_0.madk=?
2026-07-22 10:44:16 [http-nio-8081-exec-2] TRACE org.hibernate.orm.jdbc.bind - binding parameter (1:INTEGER) <- [3]
2026-07-22 10:44:16 [http-nio-8081-exec-2] DEBUG org.hibernate.SQL - 
    select
        tt1_0.matt,
        tt1_0.madk,
        tt1_0.mahv,
        tt1_0.ngaythanhtoan,
        tt1_0.phuongthuc,
        tt1_0.sotien,
        tt1_0.trangthai 
    from
        thanh_toan tt1_0
2026-07-22 10:44:16 [http-nio-8081-exec-2] DEBUG org.hibernate.SQL - 
    select
        dkkh1_0.madk,
        dkkh1_0.mahv,
        hv1_0.mahv,
        hv1_0.cccd,
        hv1_0.diachi,
        hv1_0.email,
        hv1_0.gioitinh,
        hv1_0.hoten,
        hv1_0.ngaydangky,
        hv1_0.ngaysinh,
        hv1_0.sodienthoai,
        dkkh1_0.makh,
        kh1_0.makh,
        cth1_0.macth,
        cth1_0.hangbang,
        cth1_0.hocphi,
        cth1_0.sobuoilythuyet,
        cth1_0.sobuoithuchanh,
        cth1_0.tenchuongtrinh,
        kh1_0.ngaybatdau,
        kh1_0.ngayketthuc,
        kh1_0.tenkhoahoc,
        kh1_0.trangthai,
        dkkh1_0.ngaydangky,
        dkkh1_0.trangthai 
    from
        dang_ky_khoa_hoc dkkh1_0 
    join
        hoc_vien hv1_0 
            on hv1_0.mahv=dkkh1_0.mahv 
    join
        khoa_hoc kh1_0 
            on kh1_0.makh=dkkh1_0.makh 
    left join
        chuong_trinh_hoc cth1_0 
            on cth1_0.macth=kh1_0.macth 
    where
        dkkh1_0.madk=?
2026-07-22 10:44:16 [http-nio-8081-exec-2] TRACE org.hibernate.orm.jdbc.bind - binding parameter (1:INTEGER) <- [1]
2026-07-22 10:44:16 [http-nio-8081-exec-2] DEBUG org.hibernate.SQL - 
    select
        dkkh1_0.madk,
        dkkh1_0.mahv,
        hv1_0.mahv,
        hv1_0.cccd,
        hv1_0.diachi,
        hv1_0.email,
        hv1_0.gioitinh,
        hv1_0.hoten,
        hv1_0.ngaydangky,
        hv1_0.ngaysinh,
        hv1_0.sodienthoai,
        dkkh1_0.makh,
        kh1_0.makh,
        cth1_0.macth,
        cth1_0.hangbang,
        cth1_0.hocphi,
        cth1_0.sobuoilythuyet,
        cth1_0.sobuoithuchanh,
        cth1_0.tenchuongtrinh,
        kh1_0.ngaybatdau,
        kh1_0.ngayketthuc,
        kh1_0.tenkhoahoc,
        kh1_0.trangthai,
        dkkh1_0.ngaydangky,
        dkkh1_0.trangthai 
    from
        dang_ky_khoa_hoc dkkh1_0 
    join
        hoc_vien hv1_0 
            on hv1_0.mahv=dkkh1_0.mahv 
    join
        khoa_hoc kh1_0 
            on kh1_0.makh=dkkh1_0.makh 
    left join
        chuong_trinh_hoc cth1_0 
            on cth1_0.macth=kh1_0.macth 
    where
        dkkh1_0.madk=?
2026-07-22 10:44:16 [http-nio-8081-exec-2] TRACE org.hibernate.orm.jdbc.bind - binding parameter (1:INTEGER) <- [2]
2026-07-22 10:44:16 [http-nio-8081-exec-2] DEBUG org.hibernate.SQL - 
    select
        dkkh1_0.madk,
        dkkh1_0.mahv,
        hv1_0.mahv,
        hv1_0.cccd,
        hv1_0.diachi,
        hv1_0.email,
        hv1_0.gioitinh,
        hv1_0.hoten,
        hv1_0.ngaydangky,
        hv1_0.ngaysinh,
        hv1_0.sodienthoai,
        dkkh1_0.makh,
        kh1_0.makh,
        cth1_0.macth,
        cth1_0.hangbang,
        cth1_0.hocphi,
        cth1_0.sobuoilythuyet,
        cth1_0.sobuoithuchanh,
        cth1_0.tenchuongtrinh,
        kh1_0.ngaybatdau,
        kh1_0.ngayketthuc,
        kh1_0.tenkhoahoc,
        kh1_0.trangthai,
        dkkh1_0.ngaydangky,
        dkkh1_0.trangthai 
    from
        dang_ky_khoa_hoc dkkh1_0 
    join
        hoc_vien hv1_0 
            on hv1_0.mahv=dkkh1_0.mahv 
    join
        khoa_hoc kh1_0 
            on kh1_0.makh=dkkh1_0.makh 
    left join
        chuong_trinh_hoc cth1_0 
            on cth1_0.macth=kh1_0.macth 
    where
        dkkh1_0.madk=?
2026-07-22 10:44:16 [http-nio-8081-exec-2] TRACE org.hibernate.orm.jdbc.bind - binding parameter (1:INTEGER) <- [3]
2026-07-22 10:44:16 [http-nio-8081-exec-2] DEBUG org.hibernate.SQL - 
    select
        tt1_0.matt,
        tt1_0.madk,
        tt1_0.mahv,
        tt1_0.ngaythanhtoan,
        tt1_0.phuongthuc,
        tt1_0.sotien,
        tt1_0.trangthai 
    from
        thanh_toan tt1_0
2026-07-22 10:44:16 [http-nio-8081-exec-2] DEBUG org.hibernate.SQL - 
    select
        dkkh1_0.madk,
        dkkh1_0.mahv,
        hv1_0.mahv,
        hv1_0.cccd,
        hv1_0.diachi,
        hv1_0.email,
        hv1_0.gioitinh,
        hv1_0.hoten,
        hv1_0.ngaydangky,
        hv1_0.ngaysinh,
        hv1_0.sodienthoai,
        dkkh1_0.makh,
        kh1_0.makh,
        cth1_0.macth,
        cth1_0.hangbang,
        cth1_0.hocphi,
        cth1_0.sobuoilythuyet,
        cth1_0.sobuoithuchanh,
        cth1_0.tenchuongtrinh,
        kh1_0.ngaybatdau,
        kh1_0.ngayketthuc,
        kh1_0.tenkhoahoc,
        kh1_0.trangthai,
        dkkh1_0.ngaydangky,
        dkkh1_0.trangthai 
    from
        dang_ky_khoa_hoc dkkh1_0 
    join
        hoc_vien hv1_0 
            on hv1_0.mahv=dkkh1_0.mahv 
    join
        khoa_hoc kh1_0 
            on kh1_0.makh=dkkh1_0.makh 
    left join
        chuong_trinh_hoc cth1_0 
            on cth1_0.macth=kh1_0.macth 
    where
        dkkh1_0.madk=?
2026-07-22 10:44:16 [http-nio-8081-exec-2] TRACE org.hibernate.orm.jdbc.bind - binding parameter (1:INTEGER) <- [1]
2026-07-22 10:44:16 [http-nio-8081-exec-2] DEBUG org.hibernate.SQL - 
    select
        dkkh1_0.madk,
        dkkh1_0.mahv,
        hv1_0.mahv,
        hv1_0.cccd,
        hv1_0.diachi,
        hv1_0.email,
        hv1_0.gioitinh,
        hv1_0.hoten,
        hv1_0.ngaydangky,
        hv1_0.ngaysinh,
        hv1_0.sodienthoai,
        dkkh1_0.makh,
        kh1_0.makh,
        cth1_0.macth,
        cth1_0.hangbang,
        cth1_0.hocphi,
        cth1_0.sobuoilythuyet,
        cth1_0.sobuoithuchanh,
        cth1_0.tenchuongtrinh,
        kh1_0.ngaybatdau,
        kh1_0.ngayketthuc,
        kh1_0.tenkhoahoc,
        kh1_0.trangthai,
        dkkh1_0.ngaydangky,
        dkkh1_0.trangthai 
    from
        dang_ky_khoa_hoc dkkh1_0 
    join
        hoc_vien hv1_0 
            on hv1_0.mahv=dkkh1_0.mahv 
    join
        khoa_hoc kh1_0 
            on kh1_0.makh=dkkh1_0.makh 
    left join
        chuong_trinh_hoc cth1_0 
            on cth1_0.macth=kh1_0.macth 
    where
        dkkh1_0.madk=?
2026-07-22 10:44:16 [http-nio-8081-exec-2] TRACE org.hibernate.orm.jdbc.bind - binding parameter (1:INTEGER) <- [2]
2026-07-22 10:44:16 [http-nio-8081-exec-2] DEBUG org.hibernate.SQL - 
    select
        dkkh1_0.madk,
        dkkh1_0.mahv,
        hv1_0.mahv,
        hv1_0.cccd,
        hv1_0.diachi,
        hv1_0.email,
        hv1_0.gioitinh,
        hv1_0.hoten,
        hv1_0.ngaydangky,
        hv1_0.ngaysinh,
        hv1_0.sodienthoai,
        dkkh1_0.makh,
        kh1_0.makh,
        cth1_0.macth,
        cth1_0.hangbang,
        cth1_0.hocphi,
        cth1_0.sobuoilythuyet,
        cth1_0.sobuoithuchanh,
        cth1_0.tenchuongtrinh,
        kh1_0.ngaybatdau,
        kh1_0.ngayketthuc,
        kh1_0.tenkhoahoc,
        kh1_0.trangthai,
        dkkh1_0.ngaydangky,
        dkkh1_0.trangthai 
    from
        dang_ky_khoa_hoc dkkh1_0 
    join
        hoc_vien hv1_0 
            on hv1_0.mahv=dkkh1_0.mahv 
    join
        khoa_hoc kh1_0 
            on kh1_0.makh=dkkh1_0.makh 
    left join
        chuong_trinh_hoc cth1_0 
            on cth1_0.macth=kh1_0.macth 
    where
        dkkh1_0.madk=?
2026-07-22 10:44:16 [http-nio-8081-exec-2] TRACE org.hibernate.orm.jdbc.bind - binding parameter (1:INTEGER) <- [3]
2026-07-22 10:44:16 [http-nio-8081-exec-2] DEBUG org.hibernate.SQL - 
    select
        gv1_0.magv,
        gv1_0.cccd,
        gv1_0.diachi,
        gv1_0.email,
        gv1_0.gioitinh,
        gv1_0.hangday,
        gv1_0.hoten,
        gv1_0.ngaysinh,
        gv1_0.sodienthoai 
    from
        giao_vien gv1_0
2026-07-22 10:44:16 [http-nio-8081-exec-2] DEBUG org.hibernate.SQL - 
    select
        count_big(lh1_0.malop) 
    from
        lop_hoc lh1_0 
    where
        lh1_0.magv=?
2026-07-22 10:44:16 [http-nio-8081-exec-2] TRACE org.hibernate.orm.jdbc.bind - binding parameter (1:INTEGER) <- [1]
2026-07-22 10:44:16 [http-nio-8081-exec-2] DEBUG org.hibernate.SQL - 
    select
        count_big(lh1_0.malop) 
    from
        lop_hoc lh1_0 
    where
        lh1_0.magv=?
2026-07-22 10:44:16 [http-nio-8081-exec-2] TRACE org.hibernate.orm.jdbc.bind - binding parameter (1:INTEGER) <- [2]
2026-07-22 10:44:16 [http-nio-8081-exec-2] DEBUG org.hibernate.SQL - 
    select
        kh1_0.makh,
        kh1_0.macth,
        kh1_0.ngaybatdau,
        kh1_0.ngayketthuc,
        kh1_0.tenkhoahoc,
        kh1_0.trangthai 
    from
        khoa_hoc kh1_0
2026-07-22 10:44:16 [http-nio-8081-exec-2] DEBUG org.hibernate.SQL - 
    select
        cth1_0.macth,
        cth1_0.hangbang,
        cth1_0.hocphi,
        cth1_0.sobuoilythuyet,
        cth1_0.sobuoithuchanh,
        cth1_0.tenchuongtrinh 
    from
        chuong_trinh_hoc cth1_0 
    where
        cth1_0.macth=?
2026-07-22 10:44:16 [http-nio-8081-exec-2] TRACE org.hibernate.orm.jdbc.bind - binding parameter (1:INTEGER) <- [2]
2026-07-22 10:44:16 [http-nio-8081-exec-4] DEBUG org.hibernate.SQL - 
    select
        xtl1_0.maxetl,
        xtl1_0.ghichu,
        xtl1_0.handangkiem,
        xtl1_0.hangbang,
        xtl1_0.ngay_cap_nhat,
        xtl1_0.ngaydangkiem,
        xtl1_0.ngay_tao,
        xtl1_0.maxe 
    from
        xe_tap_lai xtl1_0
2026-07-22 10:44:16 [http-nio-8081-exec-4] DEBUG org.hibernate.SQL - 
    select
        x1_0.maxe,
        x1_0.bienso,
        x1_0.hangxe,
        x1_0.loaixe,
        x1_0.namsanxuat,
        x1_0.trangthai 
    from
        xe x1_0 
    where
        x1_0.maxe=?
2026-07-22 10:44:16 [http-nio-8081-exec-4] TRACE org.hibernate.orm.jdbc.bind - binding parameter (1:INTEGER) <- [1]
2026-07-22 10:44:17 [http-nio-8081-exec-3] DEBUG org.hibernate.SQL - 
    select
        tk1_0.id,
        tk1_0.anh,
        tk1_0.cccd,
        tk1_0.email,
        tk1_0.ho_ten,
        tk1_0.khoa_den,
        tk1_0.lan_dang_nhap_cuoi,
        tk1_0.mat_khau,
        tk1_0.ngay_cap_nhat,
        tk1_0.ngay_tao,
        tk1_0.nguoi_tao_id,
        tk1_0.so_dien_thoai,
        tk1_0.so_lan_dang_nhap_sai,
        tk1_0.ten_dang_nhap,
        tk1_0.trang_thai,
        tk1_0.vai_tro_id 
    from
        tai_khoan tk1_0
2026-07-22 10:44:17 [http-nio-8081-exec-3] DEBUG org.hibernate.SQL - 
    select
        vt1_0.id,
        vt1_0.ma_vai_tro,
        vt1_0.mo_ta,
        vt1_0.ngay_cap_nhat,
        vt1_0.ngay_tao,
        vt1_0.ten_vai_tro,
        vt1_0.trang_thai 
    from
        vai_tro vt1_0 
    where
        vt1_0.id=?
2026-07-22 10:44:17 [http-nio-8081-exec-3] TRACE org.hibernate.orm.jdbc.bind - binding parameter (1:INTEGER) <- [4]
2026-07-22 10:44:17 [http-nio-8081-exec-3] DEBUG org.hibernate.SQL - 
    select
        vt1_0.id,
        vt1_0.ma_vai_tro,
        vt1_0.mo_ta,
        vt1_0.ngay_cap_nhat,
        vt1_0.ngay_tao,
        vt1_0.ten_vai_tro,
        vt1_0.trang_thai 
    from
        vai_tro vt1_0 
    where
        vt1_0.id=?
2026-07-22 10:44:17 [http-nio-8081-exec-3] TRACE org.hibernate.orm.jdbc.bind - binding parameter (1:INTEGER) <- [3]
2026-07-22 10:44:17 [http-nio-8081-exec-3] DEBUG org.hibernate.SQL - 
    select
        vt1_0.id,
        vt1_0.ma_vai_tro,
        vt1_0.mo_ta,
        vt1_0.ngay_cap_nhat,
        vt1_0.ngay_tao,
        vt1_0.ten_vai_tro,
        vt1_0.trang_thai 
    from
        vai_tro vt1_0 
    where
        vt1_0.id=?
2026-07-22 10:44:17 [http-nio-8081-exec-3] TRACE org.hibernate.orm.jdbc.bind - binding parameter (1:INTEGER) <- [2]
2026-07-22 10:44:17 [http-nio-8081-exec-3] DEBUG org.hibernate.SQL - 
    select
        vt1_0.id,
        vt1_0.ma_vai_tro,
        vt1_0.mo_ta,
        vt1_0.ngay_cap_nhat,
        vt1_0.ngay_tao,
        vt1_0.ten_vai_tro,
        vt1_0.trang_thai 
    from
        vai_tro vt1_0 
    where
        vt1_0.id=?
2026-07-22 10:44:17 [http-nio-8081-exec-3] TRACE org.hibernate.orm.jdbc.bind - binding parameter (1:INTEGER) <- [1]
2026-07-22 10:44:17 [http-nio-8081-exec-5] DEBUG org.hibernate.SQL - 
    select
        hv1_0.mahv,
        hv1_0.cccd,
        hv1_0.diachi,
        hv1_0.email,
        hv1_0.gioitinh,
        hv1_0.hoten,
        hv1_0.ngaydangky,
        hv1_0.ngaysinh,
        hv1_0.sodienthoai 
    from
        hoc_vien hv1_0
2026-07-22 10:44:18 [http-nio-8081-exec-6] DEBUG org.hibernate.SQL - 
    select
        hv1_0.mahv,
        hv1_0.cccd,
        hv1_0.diachi,
        hv1_0.email,
        hv1_0.gioitinh,
        hv1_0.hoten,
        hv1_0.ngaydangky,
        hv1_0.ngaysinh,
        hv1_0.sodienthoai 
    from
        hoc_vien hv1_0
2026-07-22 10:44:18 [http-nio-8081-exec-10] DEBUG org.hibernate.SQL - 
    select
        hshv1_0.id,
        hshv1_0.anh_canh_caan,
        hshv1_0.file_ho_so,
        hshv1_0.ghichu,
        hshv1_0.mahv,
        hshv1_0.ngaydangky,
        hshv1_0.trang_thai_duyet 
    from
        ho_so_hoc_vien hshv1_0
2026-07-22 10:44:18 [http-nio-8081-exec-10] DEBUG org.hibernate.SQL - 
    select
        hv1_0.mahv,
        hv1_0.cccd,
        hv1_0.diachi,
        hv1_0.email,
        hv1_0.gioitinh,
        hv1_0.hoten,
        hv1_0.ngaydangky,
        hv1_0.ngaysinh,
        hv1_0.sodienthoai 
    from
        hoc_vien hv1_0 
    where
        hv1_0.mahv=?
2026-07-22 10:44:18 [http-nio-8081-exec-10] TRACE org.hibernate.orm.jdbc.bind - binding parameter (1:INTEGER) <- [1]
2026-07-22 10:44:18 [http-nio-8081-exec-10] DEBUG org.hibernate.SQL - 
    select
        hv1_0.mahv,
        hv1_0.cccd,
        hv1_0.diachi,
        hv1_0.email,
        hv1_0.gioitinh,
        hv1_0.hoten,
        hv1_0.ngaydangky,
        hv1_0.ngaysinh,
        hv1_0.sodienthoai 
    from
        hoc_vien hv1_0 
    where
        hv1_0.mahv=?
2026-07-22 10:44:18 [http-nio-8081-exec-10] TRACE org.hibernate.orm.jdbc.bind - binding parameter (1:INTEGER) <- [2]
2026-07-22 10:44:18 [http-nio-8081-exec-10] DEBUG org.hibernate.SQL - 
    select
        hv1_0.mahv,
        hv1_0.cccd,
        hv1_0.diachi,
        hv1_0.email,
        hv1_0.gioitinh,
        hv1_0.hoten,
        hv1_0.ngaydangky,
        hv1_0.ngaysinh,
        hv1_0.sodienthoai 
    from
        hoc_vien hv1_0 
    where
        hv1_0.mahv=?
2026-07-22 10:44:18 [http-nio-8081-exec-10] TRACE org.hibernate.orm.jdbc.bind - binding parameter (1:INTEGER) <- [3]
2026-07-22 10:44:18 [http-nio-8081-exec-7] DEBUG org.hibernate.SQL - 
    select
        gv1_0.magv,
        gv1_0.cccd,
        gv1_0.diachi,
        gv1_0.email,
        gv1_0.gioitinh,
        gv1_0.hangday,
        gv1_0.hoten,
        gv1_0.ngaysinh,
        gv1_0.sodienthoai 
    from
        giao_vien gv1_0
2026-07-22 10:44:19 [http-nio-8081-exec-9] DEBUG org.hibernate.SQL - 
    select
        cth1_0.macth,
        cth1_0.hangbang,
        cth1_0.hocphi,
        cth1_0.sobuoilythuyet,
        cth1_0.sobuoithuchanh,
        cth1_0.tenchuongtrinh 
    from
        chuong_trinh_hoc cth1_0
2026-07-22 10:44:19 [http-nio-8081-exec-8] DEBUG org.hibernate.SQL - 
    select
        hv1_0.mahv,
        hv1_0.cccd,
        hv1_0.diachi,
        hv1_0.email,
        hv1_0.gioitinh,
        hv1_0.hoten,
        hv1_0.ngaydangky,
        hv1_0.ngaysinh,
        hv1_0.sodienthoai 
    from
        hoc_vien hv1_0
2026-07-22 10:44:20 [http-nio-8081-exec-1] DEBUG org.hibernate.SQL - 
    select
        tk1_0.id,
        tk1_0.anh,
        tk1_0.cccd,
        tk1_0.email,
        tk1_0.ho_ten,
        tk1_0.khoa_den,
        tk1_0.lan_dang_nhap_cuoi,
        tk1_0.mat_khau,
        tk1_0.ngay_cap_nhat,
        tk1_0.ngay_tao,
        tk1_0.nguoi_tao_id,
        tk1_0.so_dien_thoai,
        tk1_0.so_lan_dang_nhap_sai,
        tk1_0.ten_dang_nhap,
        tk1_0.trang_thai,
        tk1_0.vai_tro_id 
    from
        tai_khoan tk1_0
2026-07-22 10:44:20 [http-nio-8081-exec-1] DEBUG org.hibernate.SQL - 
    select
        vt1_0.id,
        vt1_0.ma_vai_tro,
        vt1_0.mo_ta,
        vt1_0.ngay_cap_nhat,
        vt1_0.ngay_tao,
        vt1_0.ten_vai_tro,
        vt1_0.trang_thai 
    from
        vai_tro vt1_0 
    where
        vt1_0.id=?
2026-07-22 10:44:20 [http-nio-8081-exec-1] TRACE org.hibernate.orm.jdbc.bind - binding parameter (1:INTEGER) <- [4]
2026-07-22 10:44:20 [http-nio-8081-exec-1] DEBUG org.hibernate.SQL - 
    select
        vt1_0.id,
        vt1_0.ma_vai_tro,
        vt1_0.mo_ta,
        vt1_0.ngay_cap_nhat,
        vt1_0.ngay_tao,
        vt1_0.ten_vai_tro,
        vt1_0.trang_thai 
    from
        vai_tro vt1_0 
    where
        vt1_0.id=?
2026-07-22 10:44:20 [http-nio-8081-exec-1] TRACE org.hibernate.orm.jdbc.bind - binding parameter (1:INTEGER) <- [3]
2026-07-22 10:44:20 [http-nio-8081-exec-1] DEBUG org.hibernate.SQL - 
    select
        vt1_0.id,
        vt1_0.ma_vai_tro,
        vt1_0.mo_ta,
        vt1_0.ngay_cap_nhat,
        vt1_0.ngay_tao,
        vt1_0.ten_vai_tro,
        vt1_0.trang_thai 
    from
        vai_tro vt1_0 
    where
        vt1_0.id=?
2026-07-22 10:44:20 [http-nio-8081-exec-1] TRACE org.hibernate.orm.jdbc.bind - binding parameter (1:INTEGER) <- [2]
2026-07-22 10:44:20 [http-nio-8081-exec-1] DEBUG org.hibernate.SQL - 
    select
        vt1_0.id,
        vt1_0.ma_vai_tro,
        vt1_0.mo_ta,
        vt1_0.ngay_cap_nhat,
        vt1_0.ngay_tao,
        vt1_0.ten_vai_tro,
        vt1_0.trang_thai 
    from
        vai_tro vt1_0 
    where
        vt1_0.id=?
2026-07-22 10:44:20 [http-nio-8081-exec-1] TRACE org.hibernate.orm.jdbc.bind - binding parameter (1:INTEGER) <- [1]
2026-07-22 10:44:20 [http-nio-8081-exec-2] DEBUG org.hibernate.SQL - 
    select
        count_big(*) 
    from
        hoc_vien hv1_0
2026-07-22 10:44:20 [http-nio-8081-exec-2] DEBUG org.hibernate.SQL - 
    select
        count_big(*) 
    from
        giao_vien gv1_0
2026-07-22 10:44:20 [http-nio-8081-exec-2] DEBUG org.hibernate.SQL - 
    select
        count_big(kh1_0.makh) 
    from
        khoa_hoc kh1_0 
    where
        kh1_0.trangthai=?
2026-07-22 10:44:20 [http-nio-8081-exec-2] TRACE org.hibernate.orm.jdbc.bind - binding parameter (1:VARCHAR) <- [DANG_MO]
2026-07-22 10:44:20 [http-nio-8081-exec-2] DEBUG org.hibernate.SQL - 
    select
        tt1_0.matt,
        tt1_0.madk,
        tt1_0.mahv,
        tt1_0.ngaythanhtoan,
        tt1_0.phuongthuc,
        tt1_0.sotien,
        tt1_0.trangthai 
    from
        thanh_toan tt1_0
2026-07-22 10:44:20 [http-nio-8081-exec-2] DEBUG org.hibernate.SQL - 
    select
        dkkh1_0.madk,
        dkkh1_0.mahv,
        hv1_0.mahv,
        hv1_0.cccd,
        hv1_0.diachi,
        hv1_0.email,
        hv1_0.gioitinh,
        hv1_0.hoten,
        hv1_0.ngaydangky,
        hv1_0.ngaysinh,
        hv1_0.sodienthoai,
        dkkh1_0.makh,
        kh1_0.makh,
        cth1_0.macth,
        cth1_0.hangbang,
        cth1_0.hocphi,
        cth1_0.sobuoilythuyet,
        cth1_0.sobuoithuchanh,
        cth1_0.tenchuongtrinh,
        kh1_0.ngaybatdau,
        kh1_0.ngayketthuc,
        kh1_0.tenkhoahoc,
        kh1_0.trangthai,
        dkkh1_0.ngaydangky,
        dkkh1_0.trangthai 
    from
        dang_ky_khoa_hoc dkkh1_0 
    join
        hoc_vien hv1_0 
            on hv1_0.mahv=dkkh1_0.mahv 
    join
        khoa_hoc kh1_0 
            on kh1_0.makh=dkkh1_0.makh 
    left join
        chuong_trinh_hoc cth1_0 
            on cth1_0.macth=kh1_0.macth 
    where
        dkkh1_0.madk=?
2026-07-22 10:44:20 [http-nio-8081-exec-2] TRACE org.hibernate.orm.jdbc.bind - binding parameter (1:INTEGER) <- [1]
2026-07-22 10:44:20 [http-nio-8081-exec-2] DEBUG org.hibernate.SQL - 
    select
        dkkh1_0.madk,
        dkkh1_0.mahv,
        hv1_0.mahv,
        hv1_0.cccd,
        hv1_0.diachi,
        hv1_0.email,
        hv1_0.gioitinh,
        hv1_0.hoten,
        hv1_0.ngaydangky,
        hv1_0.ngaysinh,
        hv1_0.sodienthoai,
        dkkh1_0.makh,
        kh1_0.makh,
        cth1_0.macth,
        cth1_0.hangbang,
        cth1_0.hocphi,
        cth1_0.sobuoilythuyet,
        cth1_0.sobuoithuchanh,
        cth1_0.tenchuongtrinh,
        kh1_0.ngaybatdau,
        kh1_0.ngayketthuc,
        kh1_0.tenkhoahoc,
        kh1_0.trangthai,
        dkkh1_0.ngaydangky,
        dkkh1_0.trangthai 
    from
        dang_ky_khoa_hoc dkkh1_0 
    join
        hoc_vien hv1_0 
            on hv1_0.mahv=dkkh1_0.mahv 
    join
        khoa_hoc kh1_0 
            on kh1_0.makh=dkkh1_0.makh 
    left join
        chuong_trinh_hoc cth1_0 
            on cth1_0.macth=kh1_0.macth 
    where
        dkkh1_0.madk=?
2026-07-22 10:44:20 [http-nio-8081-exec-2] TRACE org.hibernate.orm.jdbc.bind - binding parameter (1:INTEGER) <- [2]
2026-07-22 10:44:20 [http-nio-8081-exec-2] DEBUG org.hibernate.SQL - 
    select
        dkkh1_0.madk,
        dkkh1_0.mahv,
        hv1_0.mahv,
        hv1_0.cccd,
        hv1_0.diachi,
        hv1_0.email,
        hv1_0.gioitinh,
        hv1_0.hoten,
        hv1_0.ngaydangky,
        hv1_0.ngaysinh,
        hv1_0.sodienthoai,
        dkkh1_0.makh,
        kh1_0.makh,
        cth1_0.macth,
        cth1_0.hangbang,
        cth1_0.hocphi,
        cth1_0.sobuoilythuyet,
        cth1_0.sobuoithuchanh,
        cth1_0.tenchuongtrinh,
        kh1_0.ngaybatdau,
        kh1_0.ngayketthuc,
        kh1_0.tenkhoahoc,
        kh1_0.trangthai,
        dkkh1_0.ngaydangky,
        dkkh1_0.trangthai 
    from
        dang_ky_khoa_hoc dkkh1_0 
    join
        hoc_vien hv1_0 
            on hv1_0.mahv=dkkh1_0.mahv 
    join
        khoa_hoc kh1_0 
            on kh1_0.makh=dkkh1_0.makh 
    left join
        chuong_trinh_hoc cth1_0 
            on cth1_0.macth=kh1_0.macth 
    where
        dkkh1_0.madk=?
2026-07-22 10:44:20 [http-nio-8081-exec-2] TRACE org.hibernate.orm.jdbc.bind - binding parameter (1:INTEGER) <- [3]
2026-07-22 10:44:20 [http-nio-8081-exec-2] DEBUG org.hibernate.SQL - 
    select
        tt1_0.matt,
        tt1_0.madk,
        tt1_0.mahv,
        tt1_0.ngaythanhtoan,
        tt1_0.phuongthuc,
        tt1_0.sotien,
        tt1_0.trangthai 
    from
        thanh_toan tt1_0
2026-07-22 10:44:20 [http-nio-8081-exec-2] DEBUG org.hibernate.SQL - 
    select
        dkkh1_0.madk,
        dkkh1_0.mahv,
        hv1_0.mahv,
        hv1_0.cccd,
        hv1_0.diachi,
        hv1_0.email,
        hv1_0.gioitinh,
        hv1_0.hoten,
        hv1_0.ngaydangky,
        hv1_0.ngaysinh,
        hv1_0.sodienthoai,
        dkkh1_0.makh,
        kh1_0.makh,
        cth1_0.macth,
        cth1_0.hangbang,
        cth1_0.hocphi,
        cth1_0.sobuoilythuyet,
        cth1_0.sobuoithuchanh,
        cth1_0.tenchuongtrinh,
        kh1_0.ngaybatdau,
        kh1_0.ngayketthuc,
        kh1_0.tenkhoahoc,
        kh1_0.trangthai,
        dkkh1_0.ngaydangky,
        dkkh1_0.trangthai 
    from
        dang_ky_khoa_hoc dkkh1_0 
    join
        hoc_vien hv1_0 
            on hv1_0.mahv=dkkh1_0.mahv 
    join
        khoa_hoc kh1_0 
            on kh1_0.makh=dkkh1_0.makh 
    left join
        chuong_trinh_hoc cth1_0 
            on cth1_0.macth=kh1_0.macth 
    where
        dkkh1_0.madk=?
2026-07-22 10:44:20 [http-nio-8081-exec-2] TRACE org.hibernate.orm.jdbc.bind - binding parameter (1:INTEGER) <- [1]
2026-07-22 10:44:20 [http-nio-8081-exec-2] DEBUG org.hibernate.SQL - 
    select
        dkkh1_0.madk,
        dkkh1_0.mahv,
        hv1_0.mahv,
        hv1_0.cccd,
        hv1_0.diachi,
        hv1_0.email,
        hv1_0.gioitinh,
        hv1_0.hoten,
        hv1_0.ngaydangky,
        hv1_0.ngaysinh,
        hv1_0.sodienthoai,
        dkkh1_0.makh,
        kh1_0.makh,
        cth1_0.macth,
        cth1_0.hangbang,
        cth1_0.hocphi,
        cth1_0.sobuoilythuyet,
        cth1_0.sobuoithuchanh,
        cth1_0.tenchuongtrinh,
        kh1_0.ngaybatdau,
        kh1_0.ngayketthuc,
        kh1_0.tenkhoahoc,
        kh1_0.trangthai,
        dkkh1_0.ngaydangky,
        dkkh1_0.trangthai 
    from
        dang_ky_khoa_hoc dkkh1_0 
    join
        hoc_vien hv1_0 
            on hv1_0.mahv=dkkh1_0.mahv 
    join
        khoa_hoc kh1_0 
            on kh1_0.makh=dkkh1_0.makh 
    left join
        chuong_trinh_hoc cth1_0 
            on cth1_0.macth=kh1_0.macth 
    where
        dkkh1_0.madk=?
2026-07-22 10:44:20 [http-nio-8081-exec-2] TRACE org.hibernate.orm.jdbc.bind - binding parameter (1:INTEGER) <- [2]
2026-07-22 10:44:20 [http-nio-8081-exec-2] DEBUG org.hibernate.SQL - 
    select
        dkkh1_0.madk,
        dkkh1_0.mahv,
        hv1_0.mahv,
        hv1_0.cccd,
        hv1_0.diachi,
        hv1_0.email,
        hv1_0.gioitinh,
        hv1_0.hoten,
        hv1_0.ngaydangky,
        hv1_0.ngaysinh,
        hv1_0.sodienthoai,
        dkkh1_0.makh,
        kh1_0.makh,
        cth1_0.macth,
        cth1_0.hangbang,
        cth1_0.hocphi,
        cth1_0.sobuoilythuyet,
        cth1_0.sobuoithuchanh,
        cth1_0.tenchuongtrinh,
        kh1_0.ngaybatdau,
        kh1_0.ngayketthuc,
        kh1_0.tenkhoahoc,
        kh1_0.trangthai,
        dkkh1_0.ngaydangky,
        dkkh1_0.trangthai 
    from
        dang_ky_khoa_hoc dkkh1_0 
    join
        hoc_vien hv1_0 
            on hv1_0.mahv=dkkh1_0.mahv 
    join
        khoa_hoc kh1_0 
            on kh1_0.makh=dkkh1_0.makh 
    left join
        chuong_trinh_hoc cth1_0 
            on cth1_0.macth=kh1_0.macth 
    where
        dkkh1_0.madk=?
2026-07-22 10:44:20 [http-nio-8081-exec-2] TRACE org.hibernate.orm.jdbc.bind - binding parameter (1:INTEGER) <- [3]
2026-07-22 10:44:20 [http-nio-8081-exec-2] DEBUG org.hibernate.SQL - 
    select
        tt1_0.matt,
        tt1_0.madk,
        tt1_0.mahv,
        tt1_0.ngaythanhtoan,
        tt1_0.phuongthuc,
        tt1_0.sotien,
        tt1_0.trangthai 
    from
        thanh_toan tt1_0
2026-07-22 10:44:20 [http-nio-8081-exec-2] DEBUG org.hibernate.SQL - 
    select
        dkkh1_0.madk,
        dkkh1_0.mahv,
        hv1_0.mahv,
        hv1_0.cccd,
        hv1_0.diachi,
        hv1_0.email,
        hv1_0.gioitinh,
        hv1_0.hoten,
        hv1_0.ngaydangky,
        hv1_0.ngaysinh,
        hv1_0.sodienthoai,
        dkkh1_0.makh,
        kh1_0.makh,
        cth1_0.macth,
        cth1_0.hangbang,
        cth1_0.hocphi,
        cth1_0.sobuoilythuyet,
        cth1_0.sobuoithuchanh,
        cth1_0.tenchuongtrinh,
        kh1_0.ngaybatdau,
        kh1_0.ngayketthuc,
        kh1_0.tenkhoahoc,
        kh1_0.trangthai,
        dkkh1_0.ngaydangky,
        dkkh1_0.trangthai 
    from
        dang_ky_khoa_hoc dkkh1_0 
    join
        hoc_vien hv1_0 
            on hv1_0.mahv=dkkh1_0.mahv 
    join
        khoa_hoc kh1_0 
            on kh1_0.makh=dkkh1_0.makh 
    left join
        chuong_trinh_hoc cth1_0 
            on cth1_0.macth=kh1_0.macth 
    where
        dkkh1_0.madk=?
2026-07-22 10:44:20 [http-nio-8081-exec-2] TRACE org.hibernate.orm.jdbc.bind - binding parameter (1:INTEGER) <- [1]
2026-07-22 10:44:20 [http-nio-8081-exec-2] DEBUG org.hibernate.SQL - 
    select
        dkkh1_0.madk,
        dkkh1_0.mahv,
        hv1_0.mahv,
        hv1_0.cccd,
        hv1_0.diachi,
        hv1_0.email,
        hv1_0.gioitinh,
        hv1_0.hoten,
        hv1_0.ngaydangky,
        hv1_0.ngaysinh,
        hv1_0.sodienthoai,
        dkkh1_0.makh,
        kh1_0.makh,
        cth1_0.macth,
        cth1_0.hangbang,
        cth1_0.hocphi,
        cth1_0.sobuoilythuyet,
        cth1_0.sobuoithuchanh,
        cth1_0.tenchuongtrinh,
        kh1_0.ngaybatdau,
        kh1_0.ngayketthuc,
        kh1_0.tenkhoahoc,
        kh1_0.trangthai,
        dkkh1_0.ngaydangky,
        dkkh1_0.trangthai 
    from
        dang_ky_khoa_hoc dkkh1_0 
    join
        hoc_vien hv1_0 
            on hv1_0.mahv=dkkh1_0.mahv 
    join
        khoa_hoc kh1_0 
            on kh1_0.makh=dkkh1_0.makh 
    left join
        chuong_trinh_hoc cth1_0 
            on cth1_0.macth=kh1_0.macth 
    where
        dkkh1_0.madk=?
2026-07-22 10:44:20 [http-nio-8081-exec-2] TRACE org.hibernate.orm.jdbc.bind - binding parameter (1:INTEGER) <- [2]
2026-07-22 10:44:20 [http-nio-8081-exec-2] DEBUG org.hibernate.SQL - 
    select
        dkkh1_0.madk,
        dkkh1_0.mahv,
        hv1_0.mahv,
        hv1_0.cccd,
        hv1_0.diachi,
        hv1_0.email,
        hv1_0.gioitinh,
        hv1_0.hoten,
        hv1_0.ngaydangky,
        hv1_0.ngaysinh,
        hv1_0.sodienthoai,
        dkkh1_0.makh,
        kh1_0.makh,
        cth1_0.macth,
        cth1_0.hangbang,
        cth1_0.hocphi,
        cth1_0.sobuoilythuyet,
        cth1_0.sobuoithuchanh,
        cth1_0.tenchuongtrinh,
        kh1_0.ngaybatdau,
        kh1_0.ngayketthuc,
        kh1_0.tenkhoahoc,
        kh1_0.trangthai,
        dkkh1_0.ngaydangky,
        dkkh1_0.trangthai 
    from
        dang_ky_khoa_hoc dkkh1_0 
    join
        hoc_vien hv1_0 
            on hv1_0.mahv=dkkh1_0.mahv 
    join
        khoa_hoc kh1_0 
            on kh1_0.makh=dkkh1_0.makh 
    left join
        chuong_trinh_hoc cth1_0 
            on cth1_0.macth=kh1_0.macth 
    where
        dkkh1_0.madk=?
2026-07-22 10:44:20 [http-nio-8081-exec-2] TRACE org.hibernate.orm.jdbc.bind - binding parameter (1:INTEGER) <- [3]
2026-07-22 10:44:20 [http-nio-8081-exec-2] DEBUG org.hibernate.SQL - 
    select
        count_big(tt1_0.matt) 
    from
        thanh_toan tt1_0 
    where
        tt1_0.ngaythanhtoan between ? and ?
2026-07-22 10:44:20 [http-nio-8081-exec-2] TRACE org.hibernate.orm.jdbc.bind - binding parameter (1:DATE) <- [2026-07-01]
2026-07-22 10:44:20 [http-nio-8081-exec-2] TRACE org.hibernate.orm.jdbc.bind - binding parameter (2:DATE) <- [2026-07-22]
2026-07-22 10:44:20 [http-nio-8081-exec-2] DEBUG org.hibernate.SQL - 
    select
        tsh1_0.mathi,
        tsh1_0.ghichu,
        tsh1_0.mahv,
        tsh1_0.ketqua,
        tsh1_0.malichthi,
        tsh1_0.ngaythi 
    from
        thi_sat_hach tsh1_0
2026-07-22 10:44:20 [http-nio-8081-exec-2] DEBUG org.hibernate.SQL - 
    select
        hv1_0.mahv,
        hv1_0.cccd,
        hv1_0.diachi,
        hv1_0.email,
        hv1_0.gioitinh,
        hv1_0.hoten,
        hv1_0.ngaydangky,
        hv1_0.ngaysinh,
        hv1_0.sodienthoai 
    from
        hoc_vien hv1_0 
    where
        hv1_0.mahv=?
2026-07-22 10:44:20 [http-nio-8081-exec-2] TRACE org.hibernate.orm.jdbc.bind - binding parameter (1:INTEGER) <- [1]
2026-07-22 10:44:20 [http-nio-8081-exec-2] DEBUG org.hibernate.SQL - 
    select
        tt1_0.matt,
        tt1_0.madk,
        tt1_0.mahv,
        tt1_0.ngaythanhtoan,
        tt1_0.phuongthuc,
        tt1_0.sotien,
        tt1_0.trangthai 
    from
        thanh_toan tt1_0
2026-07-22 10:44:20 [http-nio-8081-exec-2] DEBUG org.hibernate.SQL - 
    select
        dkkh1_0.madk,
        dkkh1_0.mahv,
        hv1_0.mahv,
        hv1_0.cccd,
        hv1_0.diachi,
        hv1_0.email,
        hv1_0.gioitinh,
        hv1_0.hoten,
        hv1_0.ngaydangky,
        hv1_0.ngaysinh,
        hv1_0.sodienthoai,
        dkkh1_0.makh,
        kh1_0.makh,
        cth1_0.macth,
        cth1_0.hangbang,
        cth1_0.hocphi,
        cth1_0.sobuoilythuyet,
        cth1_0.sobuoithuchanh,
        cth1_0.tenchuongtrinh,
        kh1_0.ngaybatdau,
        kh1_0.ngayketthuc,
        kh1_0.tenkhoahoc,
        kh1_0.trangthai,
        dkkh1_0.ngaydangky,
        dkkh1_0.trangthai 
    from
        dang_ky_khoa_hoc dkkh1_0 
    join
        hoc_vien hv1_0 
            on hv1_0.mahv=dkkh1_0.mahv 
    join
        khoa_hoc kh1_0 
            on kh1_0.makh=dkkh1_0.makh 
    left join
        chuong_trinh_hoc cth1_0 
            on cth1_0.macth=kh1_0.macth 
    where
        dkkh1_0.madk=?
2026-07-22 10:44:20 [http-nio-8081-exec-2] TRACE org.hibernate.orm.jdbc.bind - binding parameter (1:INTEGER) <- [1]
2026-07-22 10:44:20 [http-nio-8081-exec-2] DEBUG org.hibernate.SQL - 
    select
        dkkh1_0.madk,
        dkkh1_0.mahv,
        hv1_0.mahv,
        hv1_0.cccd,
        hv1_0.diachi,
        hv1_0.email,
        hv1_0.gioitinh,
        hv1_0.hoten,
        hv1_0.ngaydangky,
        hv1_0.ngaysinh,
        hv1_0.sodienthoai,
        dkkh1_0.makh,
        kh1_0.makh,
        cth1_0.macth,
        cth1_0.hangbang,
        cth1_0.hocphi,
        cth1_0.sobuoilythuyet,
        cth1_0.sobuoithuchanh,
        cth1_0.tenchuongtrinh,
        kh1_0.ngaybatdau,
        kh1_0.ngayketthuc,
        kh1_0.tenkhoahoc,
        kh1_0.trangthai,
        dkkh1_0.ngaydangky,
        dkkh1_0.trangthai 
    from
        dang_ky_khoa_hoc dkkh1_0 
    join
        hoc_vien hv1_0 
            on hv1_0.mahv=dkkh1_0.mahv 
    join
        khoa_hoc kh1_0 
            on kh1_0.makh=dkkh1_0.makh 
    left join
        chuong_trinh_hoc cth1_0 
            on cth1_0.macth=kh1_0.macth 
    where
        dkkh1_0.madk=?
2026-07-22 10:44:20 [http-nio-8081-exec-2] TRACE org.hibernate.orm.jdbc.bind - binding parameter (1:INTEGER) <- [2]
2026-07-22 10:44:20 [http-nio-8081-exec-2] DEBUG org.hibernate.SQL - 
    select
        dkkh1_0.madk,
        dkkh1_0.mahv,
        hv1_0.mahv,
        hv1_0.cccd,
        hv1_0.diachi,
        hv1_0.email,
        hv1_0.gioitinh,
        hv1_0.hoten,
        hv1_0.ngaydangky,
        hv1_0.ngaysinh,
        hv1_0.sodienthoai,
        dkkh1_0.makh,
        kh1_0.makh,
        cth1_0.macth,
        cth1_0.hangbang,
        cth1_0.hocphi,
        cth1_0.sobuoilythuyet,
        cth1_0.sobuoithuchanh,
        cth1_0.tenchuongtrinh,
        kh1_0.ngaybatdau,
        kh1_0.ngayketthuc,
        kh1_0.tenkhoahoc,
        kh1_0.trangthai,
        dkkh1_0.ngaydangky,
        dkkh1_0.trangthai 
    from
        dang_ky_khoa_hoc dkkh1_0 
    join
        hoc_vien hv1_0 
            on hv1_0.mahv=dkkh1_0.mahv 
    join
        khoa_hoc kh1_0 
            on kh1_0.makh=dkkh1_0.makh 
    left join
        chuong_trinh_hoc cth1_0 
            on cth1_0.macth=kh1_0.macth 
    where
        dkkh1_0.madk=?
2026-07-22 10:44:20 [http-nio-8081-exec-2] TRACE org.hibernate.orm.jdbc.bind - binding parameter (1:INTEGER) <- [3]
2026-07-22 10:44:20 [http-nio-8081-exec-2] DEBUG org.hibernate.SQL - 
    select
        tt1_0.matt,
        tt1_0.madk,
        tt1_0.mahv,
        tt1_0.ngaythanhtoan,
        tt1_0.phuongthuc,
        tt1_0.sotien,
        tt1_0.trangthai 
    from
        thanh_toan tt1_0
2026-07-22 10:44:20 [http-nio-8081-exec-2] DEBUG org.hibernate.SQL - 
    select
        dkkh1_0.madk,
        dkkh1_0.mahv,
        hv1_0.mahv,
        hv1_0.cccd,
        hv1_0.diachi,
        hv1_0.email,
        hv1_0.gioitinh,
        hv1_0.hoten,
        hv1_0.ngaydangky,
        hv1_0.ngaysinh,
        hv1_0.sodienthoai,
        dkkh1_0.makh,
        kh1_0.makh,
        cth1_0.macth,
        cth1_0.hangbang,
        cth1_0.hocphi,
        cth1_0.sobuoilythuyet,
        cth1_0.sobuoithuchanh,
        cth1_0.tenchuongtrinh,
        kh1_0.ngaybatdau,
        kh1_0.ngayketthuc,
        kh1_0.tenkhoahoc,
        kh1_0.trangthai,
        dkkh1_0.ngaydangky,
        dkkh1_0.trangthai 
    from
        dang_ky_khoa_hoc dkkh1_0 
    join
        hoc_vien hv1_0 
            on hv1_0.mahv=dkkh1_0.mahv 
    join
        khoa_hoc kh1_0 
            on kh1_0.makh=dkkh1_0.makh 
    left join
        chuong_trinh_hoc cth1_0 
            on cth1_0.macth=kh1_0.macth 
    where
        dkkh1_0.madk=?
2026-07-22 10:44:20 [http-nio-8081-exec-2] TRACE org.hibernate.orm.jdbc.bind - binding parameter (1:INTEGER) <- [1]
2026-07-22 10:44:20 [http-nio-8081-exec-2] DEBUG org.hibernate.SQL - 
    select
        dkkh1_0.madk,
        dkkh1_0.mahv,
        hv1_0.mahv,
        hv1_0.cccd,
        hv1_0.diachi,
        hv1_0.email,
        hv1_0.gioitinh,
        hv1_0.hoten,
        hv1_0.ngaydangky,
        hv1_0.ngaysinh,
        hv1_0.sodienthoai,
        dkkh1_0.makh,
        kh1_0.makh,
        cth1_0.macth,
        cth1_0.hangbang,
        cth1_0.hocphi,
        cth1_0.sobuoilythuyet,
        cth1_0.sobuoithuchanh,
        cth1_0.tenchuongtrinh,
        kh1_0.ngaybatdau,
        kh1_0.ngayketthuc,
        kh1_0.tenkhoahoc,
        kh1_0.trangthai,
        dkkh1_0.ngaydangky,
        dkkh1_0.trangthai 
    from
        dang_ky_khoa_hoc dkkh1_0 
    join
        hoc_vien hv1_0 
            on hv1_0.mahv=dkkh1_0.mahv 
    join
        khoa_hoc kh1_0 
            on kh1_0.makh=dkkh1_0.makh 
    left join
        chuong_trinh_hoc cth1_0 
            on cth1_0.macth=kh1_0.macth 
    where
        dkkh1_0.madk=?
2026-07-22 10:44:20 [http-nio-8081-exec-2] TRACE org.hibernate.orm.jdbc.bind - binding parameter (1:INTEGER) <- [2]
2026-07-22 10:44:20 [http-nio-8081-exec-2] DEBUG org.hibernate.SQL - 
    select
        dkkh1_0.madk,
        dkkh1_0.mahv,
        hv1_0.mahv,
        hv1_0.cccd,
        hv1_0.diachi,
        hv1_0.email,
        hv1_0.gioitinh,
        hv1_0.hoten,
        hv1_0.ngaydangky,
        hv1_0.ngaysinh,
        hv1_0.sodienthoai,
        dkkh1_0.makh,
        kh1_0.makh,
        cth1_0.macth,
        cth1_0.hangbang,
        cth1_0.hocphi,
        cth1_0.sobuoilythuyet,
        cth1_0.sobuoithuchanh,
        cth1_0.tenchuongtrinh,
        kh1_0.ngaybatdau,
        kh1_0.ngayketthuc,
        kh1_0.tenkhoahoc,
        kh1_0.trangthai,
        dkkh1_0.ngaydangky,
        dkkh1_0.trangthai 
    from
        dang_ky_khoa_hoc dkkh1_0 
    join
        hoc_vien hv1_0 
            on hv1_0.mahv=dkkh1_0.mahv 
    join
        khoa_hoc kh1_0 
            on kh1_0.makh=dkkh1_0.makh 
    left join
        chuong_trinh_hoc cth1_0 
            on cth1_0.macth=kh1_0.macth 
    where
        dkkh1_0.madk=?
2026-07-22 10:44:20 [http-nio-8081-exec-2] TRACE org.hibernate.orm.jdbc.bind - binding parameter (1:INTEGER) <- [3]
2026-07-22 10:44:20 [http-nio-8081-exec-2] DEBUG org.hibernate.SQL - 
    select
        tt1_0.matt,
        tt1_0.madk,
        tt1_0.mahv,
        tt1_0.ngaythanhtoan,
        tt1_0.phuongthuc,
        tt1_0.sotien,
        tt1_0.trangthai 
    from
        thanh_toan tt1_0
2026-07-22 10:44:20 [http-nio-8081-exec-2] DEBUG org.hibernate.SQL - 
    select
        dkkh1_0.madk,
        dkkh1_0.mahv,
        hv1_0.mahv,
        hv1_0.cccd,
        hv1_0.diachi,
        hv1_0.email,
        hv1_0.gioitinh,
        hv1_0.hoten,
        hv1_0.ngaydangky,
        hv1_0.ngaysinh,
        hv1_0.sodienthoai,
        dkkh1_0.makh,
        kh1_0.makh,
        cth1_0.macth,
        cth1_0.hangbang,
        cth1_0.hocphi,
        cth1_0.sobuoilythuyet,
        cth1_0.sobuoithuchanh,
        cth1_0.tenchuongtrinh,
        kh1_0.ngaybatdau,
        kh1_0.ngayketthuc,
        kh1_0.tenkhoahoc,
        kh1_0.trangthai,
        dkkh1_0.ngaydangky,
        dkkh1_0.trangthai 
    from
        dang_ky_khoa_hoc dkkh1_0 
    join
        hoc_vien hv1_0 
            on hv1_0.mahv=dkkh1_0.mahv 
    join
        khoa_hoc kh1_0 
            on kh1_0.makh=dkkh1_0.makh 
    left join
        chuong_trinh_hoc cth1_0 
            on cth1_0.macth=kh1_0.macth 
    where
        dkkh1_0.madk=?
2026-07-22 10:44:20 [http-nio-8081-exec-2] TRACE org.hibernate.orm.jdbc.bind - binding parameter (1:INTEGER) <- [1]
2026-07-22 10:44:20 [http-nio-8081-exec-2] DEBUG org.hibernate.SQL - 
    select
        dkkh1_0.madk,
        dkkh1_0.mahv,
        hv1_0.mahv,
        hv1_0.cccd,
        hv1_0.diachi,
        hv1_0.email,
        hv1_0.gioitinh,
        hv1_0.hoten,
        hv1_0.ngaydangky,
        hv1_0.ngaysinh,
        hv1_0.sodienthoai,
        dkkh1_0.makh,
        kh1_0.makh,
        cth1_0.macth,
        cth1_0.hangbang,
        cth1_0.hocphi,
        cth1_0.sobuoilythuyet,
        cth1_0.sobuoithuchanh,
        cth1_0.tenchuongtrinh,
        kh1_0.ngaybatdau,
        kh1_0.ngayketthuc,
        kh1_0.tenkhoahoc,
        kh1_0.trangthai,
        dkkh1_0.ngaydangky,
        dkkh1_0.trangthai 
    from
        dang_ky_khoa_hoc dkkh1_0 
    join
        hoc_vien hv1_0 
            on hv1_0.mahv=dkkh1_0.mahv 
    join
        khoa_hoc kh1_0 
            on kh1_0.makh=dkkh1_0.makh 
    left join
        chuong_trinh_hoc cth1_0 
            on cth1_0.macth=kh1_0.macth 
    where
        dkkh1_0.madk=?
2026-07-22 10:44:20 [http-nio-8081-exec-2] TRACE org.hibernate.orm.jdbc.bind - binding parameter (1:INTEGER) <- [2]
2026-07-22 10:44:20 [http-nio-8081-exec-2] DEBUG org.hibernate.SQL - 
    select
        dkkh1_0.madk,
        dkkh1_0.mahv,
        hv1_0.mahv,
        hv1_0.cccd,
        hv1_0.diachi,
        hv1_0.email,
        hv1_0.gioitinh,
        hv1_0.hoten,
        hv1_0.ngaydangky,
        hv1_0.ngaysinh,
        hv1_0.sodienthoai,
        dkkh1_0.makh,
        kh1_0.makh,
        cth1_0.macth,
        cth1_0.hangbang,
        cth1_0.hocphi,
        cth1_0.sobuoilythuyet,
        cth1_0.sobuoithuchanh,
        cth1_0.tenchuongtrinh,
        kh1_0.ngaybatdau,
        kh1_0.ngayketthuc,
        kh1_0.tenkhoahoc,
        kh1_0.trangthai,
        dkkh1_0.ngaydangky,
        dkkh1_0.trangthai 
    from
        dang_ky_khoa_hoc dkkh1_0 
    join
        hoc_vien hv1_0 
            on hv1_0.mahv=dkkh1_0.mahv 
    join
        khoa_hoc kh1_0 
            on kh1_0.makh=dkkh1_0.makh 
    left join
        chuong_trinh_hoc cth1_0 
            on cth1_0.macth=kh1_0.macth 
    where
        dkkh1_0.madk=?
2026-07-22 10:44:20 [http-nio-8081-exec-2] TRACE org.hibernate.orm.jdbc.bind - binding parameter (1:INTEGER) <- [3]
2026-07-22 10:44:20 [http-nio-8081-exec-2] DEBUG org.hibernate.SQL - 
    select
        tt1_0.matt,
        tt1_0.madk,
        tt1_0.mahv,
        tt1_0.ngaythanhtoan,
        tt1_0.phuongthuc,
        tt1_0.sotien,
        tt1_0.trangthai 
    from
        thanh_toan tt1_0
2026-07-22 10:44:20 [http-nio-8081-exec-2] DEBUG org.hibernate.SQL - 
    select
        dkkh1_0.madk,
        dkkh1_0.mahv,
        hv1_0.mahv,
        hv1_0.cccd,
        hv1_0.diachi,
        hv1_0.email,
        hv1_0.gioitinh,
        hv1_0.hoten,
        hv1_0.ngaydangky,
        hv1_0.ngaysinh,
        hv1_0.sodienthoai,
        dkkh1_0.makh,
        kh1_0.makh,
        cth1_0.macth,
        cth1_0.hangbang,
        cth1_0.hocphi,
        cth1_0.sobuoilythuyet,
        cth1_0.sobuoithuchanh,
        cth1_0.tenchuongtrinh,
        kh1_0.ngaybatdau,
        kh1_0.ngayketthuc,
        kh1_0.tenkhoahoc,
        kh1_0.trangthai,
        dkkh1_0.ngaydangky,
        dkkh1_0.trangthai 
    from
        dang_ky_khoa_hoc dkkh1_0 
    join
        hoc_vien hv1_0 
            on hv1_0.mahv=dkkh1_0.mahv 
    join
        khoa_hoc kh1_0 
            on kh1_0.makh=dkkh1_0.makh 
    left join
        chuong_trinh_hoc cth1_0 
            on cth1_0.macth=kh1_0.macth 
    where
        dkkh1_0.madk=?
2026-07-22 10:44:20 [http-nio-8081-exec-2] TRACE org.hibernate.orm.jdbc.bind - binding parameter (1:INTEGER) <- [1]
2026-07-22 10:44:20 [http-nio-8081-exec-2] DEBUG org.hibernate.SQL - 
    select
        dkkh1_0.madk,
        dkkh1_0.mahv,
        hv1_0.mahv,
        hv1_0.cccd,
        hv1_0.diachi,
        hv1_0.email,
        hv1_0.gioitinh,
        hv1_0.hoten,
        hv1_0.ngaydangky,
        hv1_0.ngaysinh,
        hv1_0.sodienthoai,
        dkkh1_0.makh,
        kh1_0.makh,
        cth1_0.macth,
        cth1_0.hangbang,
        cth1_0.hocphi,
        cth1_0.sobuoilythuyet,
        cth1_0.sobuoithuchanh,
        cth1_0.tenchuongtrinh,
        kh1_0.ngaybatdau,
        kh1_0.ngayketthuc,
        kh1_0.tenkhoahoc,
        kh1_0.trangthai,
        dkkh1_0.ngaydangky,
        dkkh1_0.trangthai 
    from
        dang_ky_khoa_hoc dkkh1_0 
    join
        hoc_vien hv1_0 
            on hv1_0.mahv=dkkh1_0.mahv 
    join
        khoa_hoc kh1_0 
            on kh1_0.makh=dkkh1_0.makh 
    left join
        chuong_trinh_hoc cth1_0 
            on cth1_0.macth=kh1_0.macth 
    where
        dkkh1_0.madk=?
2026-07-22 10:44:20 [http-nio-8081-exec-2] TRACE org.hibernate.orm.jdbc.bind - binding parameter (1:INTEGER) <- [2]
2026-07-22 10:44:20 [http-nio-8081-exec-2] DEBUG org.hibernate.SQL - 
    select
        dkkh1_0.madk,
        dkkh1_0.mahv,
        hv1_0.mahv,
        hv1_0.cccd,
        hv1_0.diachi,
        hv1_0.email,
        hv1_0.gioitinh,
        hv1_0.hoten,
        hv1_0.ngaydangky,
        hv1_0.ngaysinh,
        hv1_0.sodienthoai,
        dkkh1_0.makh,
        kh1_0.makh,
        cth1_0.macth,
        cth1_0.hangbang,
        cth1_0.hocphi,
        cth1_0.sobuoilythuyet,
        cth1_0.sobuoithuchanh,
        cth1_0.tenchuongtrinh,
        kh1_0.ngaybatdau,
        kh1_0.ngayketthuc,
        kh1_0.tenkhoahoc,
        kh1_0.trangthai,
        dkkh1_0.ngaydangky,
        dkkh1_0.trangthai 
    from
        dang_ky_khoa_hoc dkkh1_0 
    join
        hoc_vien hv1_0 
            on hv1_0.mahv=dkkh1_0.mahv 
    join
        khoa_hoc kh1_0 
            on kh1_0.makh=dkkh1_0.makh 
    left join
        chuong_trinh_hoc cth1_0 
            on cth1_0.macth=kh1_0.macth 
    where
        dkkh1_0.madk=?
2026-07-22 10:44:20 [http-nio-8081-exec-2] TRACE org.hibernate.orm.jdbc.bind - binding parameter (1:INTEGER) <- [3]
2026-07-22 10:44:20 [http-nio-8081-exec-2] DEBUG org.hibernate.SQL - 
    select
        tt1_0.matt,
        tt1_0.madk,
        tt1_0.mahv,
        tt1_0.ngaythanhtoan,
        tt1_0.phuongthuc,
        tt1_0.sotien,
        tt1_0.trangthai 
    from
        thanh_toan tt1_0
2026-07-22 10:44:20 [http-nio-8081-exec-2] DEBUG org.hibernate.SQL - 
    select
        dkkh1_0.madk,
        dkkh1_0.mahv,
        hv1_0.mahv,
        hv1_0.cccd,
        hv1_0.diachi,
        hv1_0.email,
        hv1_0.gioitinh,
        hv1_0.hoten,
        hv1_0.ngaydangky,
        hv1_0.ngaysinh,
        hv1_0.sodienthoai,
        dkkh1_0.makh,
        kh1_0.makh,
        cth1_0.macth,
        cth1_0.hangbang,
        cth1_0.hocphi,
        cth1_0.sobuoilythuyet,
        cth1_0.sobuoithuchanh,
        cth1_0.tenchuongtrinh,
        kh1_0.ngaybatdau,
        kh1_0.ngayketthuc,
        kh1_0.tenkhoahoc,
        kh1_0.trangthai,
        dkkh1_0.ngaydangky,
        dkkh1_0.trangthai 
    from
        dang_ky_khoa_hoc dkkh1_0 
    join
        hoc_vien hv1_0 
            on hv1_0.mahv=dkkh1_0.mahv 
    join
        khoa_hoc kh1_0 
            on kh1_0.makh=dkkh1_0.makh 
    left join
        chuong_trinh_hoc cth1_0 
            on cth1_0.macth=kh1_0.macth 
    where
        dkkh1_0.madk=?
2026-07-22 10:44:20 [http-nio-8081-exec-2] TRACE org.hibernate.orm.jdbc.bind - binding parameter (1:INTEGER) <- [1]
2026-07-22 10:44:20 [http-nio-8081-exec-2] DEBUG org.hibernate.SQL - 
    select
        dkkh1_0.madk,
        dkkh1_0.mahv,
        hv1_0.mahv,
        hv1_0.cccd,
        hv1_0.diachi,
        hv1_0.email,
        hv1_0.gioitinh,
        hv1_0.hoten,
        hv1_0.ngaydangky,
        hv1_0.ngaysinh,
        hv1_0.sodienthoai,
        dkkh1_0.makh,
        kh1_0.makh,
        cth1_0.macth,
        cth1_0.hangbang,
        cth1_0.hocphi,
        cth1_0.sobuoilythuyet,
        cth1_0.sobuoithuchanh,
        cth1_0.tenchuongtrinh,
        kh1_0.ngaybatdau,
        kh1_0.ngayketthuc,
        kh1_0.tenkhoahoc,
        kh1_0.trangthai,
        dkkh1_0.ngaydangky,
        dkkh1_0.trangthai 
    from
        dang_ky_khoa_hoc dkkh1_0 
    join
        hoc_vien hv1_0 
            on hv1_0.mahv=dkkh1_0.mahv 
    join
        khoa_hoc kh1_0 
            on kh1_0.makh=dkkh1_0.makh 
    left join
        chuong_trinh_hoc cth1_0 
            on cth1_0.macth=kh1_0.macth 
    where
        dkkh1_0.madk=?
2026-07-22 10:44:20 [http-nio-8081-exec-2] TRACE org.hibernate.orm.jdbc.bind - binding parameter (1:INTEGER) <- [2]
2026-07-22 10:44:20 [http-nio-8081-exec-2] DEBUG org.hibernate.SQL - 
    select
        dkkh1_0.madk,
        dkkh1_0.mahv,
        hv1_0.mahv,
        hv1_0.cccd,
        hv1_0.diachi,
        hv1_0.email,
        hv1_0.gioitinh,
        hv1_0.hoten,
        hv1_0.ngaydangky,
        hv1_0.ngaysinh,
        hv1_0.sodienthoai,
        dkkh1_0.makh,
        kh1_0.makh,
        cth1_0.macth,
        cth1_0.hangbang,
        cth1_0.hocphi,
        cth1_0.sobuoilythuyet,
        cth1_0.sobuoithuchanh,
        cth1_0.tenchuongtrinh,
        kh1_0.ngaybatdau,
        kh1_0.ngayketthuc,
        kh1_0.tenkhoahoc,
        kh1_0.trangthai,
        dkkh1_0.ngaydangky,
        dkkh1_0.trangthai 
    from
        dang_ky_khoa_hoc dkkh1_0 
    join
        hoc_vien hv1_0 
            on hv1_0.mahv=dkkh1_0.mahv 
    join
        khoa_hoc kh1_0 
            on kh1_0.makh=dkkh1_0.makh 
    left join
        chuong_trinh_hoc cth1_0 
            on cth1_0.macth=kh1_0.macth 
    where
        dkkh1_0.madk=?
2026-07-22 10:44:20 [http-nio-8081-exec-2] TRACE org.hibernate.orm.jdbc.bind - binding parameter (1:INTEGER) <- [3]
2026-07-22 10:44:20 [http-nio-8081-exec-2] DEBUG org.hibernate.SQL - 
    select
        tt1_0.matt,
        tt1_0.madk,
        tt1_0.mahv,
        tt1_0.ngaythanhtoan,
        tt1_0.phuongthuc,
        tt1_0.sotien,
        tt1_0.trangthai 
    from
        thanh_toan tt1_0
2026-07-22 10:44:20 [http-nio-8081-exec-2] DEBUG org.hibernate.SQL - 
    select
        dkkh1_0.madk,
        dkkh1_0.mahv,
        hv1_0.mahv,
        hv1_0.cccd,
        hv1_0.diachi,
        hv1_0.email,
        hv1_0.gioitinh,
        hv1_0.hoten,
        hv1_0.ngaydangky,
        hv1_0.ngaysinh,
        hv1_0.sodienthoai,
        dkkh1_0.makh,
        kh1_0.makh,
        cth1_0.macth,
        cth1_0.hangbang,
        cth1_0.hocphi,
        cth1_0.sobuoilythuyet,
        cth1_0.sobuoithuchanh,
        cth1_0.tenchuongtrinh,
        kh1_0.ngaybatdau,
        kh1_0.ngayketthuc,
        kh1_0.tenkhoahoc,
        kh1_0.trangthai,
        dkkh1_0.ngaydangky,
        dkkh1_0.trangthai 
    from
        dang_ky_khoa_hoc dkkh1_0 
    join
        hoc_vien hv1_0 
            on hv1_0.mahv=dkkh1_0.mahv 
    join
        khoa_hoc kh1_0 
            on kh1_0.makh=dkkh1_0.makh 
    left join
        chuong_trinh_hoc cth1_0 
            on cth1_0.macth=kh1_0.macth 
    where
        dkkh1_0.madk=?
2026-07-22 10:44:20 [http-nio-8081-exec-2] TRACE org.hibernate.orm.jdbc.bind - binding parameter (1:INTEGER) <- [1]
2026-07-22 10:44:20 [http-nio-8081-exec-2] DEBUG org.hibernate.SQL - 
    select
        dkkh1_0.madk,
        dkkh1_0.mahv,
        hv1_0.mahv,
        hv1_0.cccd,
        hv1_0.diachi,
        hv1_0.email,
        hv1_0.gioitinh,
        hv1_0.hoten,
        hv1_0.ngaydangky,
        hv1_0.ngaysinh,
        hv1_0.sodienthoai,
        dkkh1_0.makh,
        kh1_0.makh,
        cth1_0.macth,
        cth1_0.hangbang,
        cth1_0.hocphi,
        cth1_0.sobuoilythuyet,
        cth1_0.sobuoithuchanh,
        cth1_0.tenchuongtrinh,
        kh1_0.ngaybatdau,
        kh1_0.ngayketthuc,
        kh1_0.tenkhoahoc,
        kh1_0.trangthai,
        dkkh1_0.ngaydangky,
        dkkh1_0.trangthai 
    from
        dang_ky_khoa_hoc dkkh1_0 
    join
        hoc_vien hv1_0 
            on hv1_0.mahv=dkkh1_0.mahv 
    join
        khoa_hoc kh1_0 
            on kh1_0.makh=dkkh1_0.makh 
    left join
        chuong_trinh_hoc cth1_0 
            on cth1_0.macth=kh1_0.macth 
    where
        dkkh1_0.madk=?
2026-07-22 10:44:20 [http-nio-8081-exec-2] TRACE org.hibernate.orm.jdbc.bind - binding parameter (1:INTEGER) <- [2]
2026-07-22 10:44:20 [http-nio-8081-exec-2] DEBUG org.hibernate.SQL - 
    select
        dkkh1_0.madk,
        dkkh1_0.mahv,
        hv1_0.mahv,
        hv1_0.cccd,
        hv1_0.diachi,
        hv1_0.email,
        hv1_0.gioitinh,
        hv1_0.hoten,
        hv1_0.ngaydangky,
        hv1_0.ngaysinh,
        hv1_0.sodienthoai,
        dkkh1_0.makh,
        kh1_0.makh,
        cth1_0.macth,
        cth1_0.hangbang,
        cth1_0.hocphi,
        cth1_0.sobuoilythuyet,
        cth1_0.sobuoithuchanh,
        cth1_0.tenchuongtrinh,
        kh1_0.ngaybatdau,
        kh1_0.ngayketthuc,
        kh1_0.tenkhoahoc,
        kh1_0.trangthai,
        dkkh1_0.ngaydangky,
        dkkh1_0.trangthai 
    from
        dang_ky_khoa_hoc dkkh1_0 
    join
        hoc_vien hv1_0 
            on hv1_0.mahv=dkkh1_0.mahv 
    join
        khoa_hoc kh1_0 
            on kh1_0.makh=dkkh1_0.makh 
    left join
        chuong_trinh_hoc cth1_0 
            on cth1_0.macth=kh1_0.macth 
    where
        dkkh1_0.madk=?
2026-07-22 10:44:20 [http-nio-8081-exec-2] TRACE org.hibernate.orm.jdbc.bind - binding parameter (1:INTEGER) <- [3]
2026-07-22 10:44:20 [http-nio-8081-exec-2] DEBUG org.hibernate.SQL - 
    select
        gv1_0.magv,
        gv1_0.cccd,
        gv1_0.diachi,
        gv1_0.email,
        gv1_0.gioitinh,
        gv1_0.hangday,
        gv1_0.hoten,
        gv1_0.ngaysinh,
        gv1_0.sodienthoai 
    from
        giao_vien gv1_0
2026-07-22 10:44:20 [http-nio-8081-exec-2] DEBUG org.hibernate.SQL - 
    select
        count_big(lh1_0.malop) 
    from
        lop_hoc lh1_0 
    where
        lh1_0.magv=?
2026-07-22 10:44:20 [http-nio-8081-exec-2] TRACE org.hibernate.orm.jdbc.bind - binding parameter (1:INTEGER) <- [1]
2026-07-22 10:44:20 [http-nio-8081-exec-2] DEBUG org.hibernate.SQL - 
    select
        count_big(lh1_0.malop) 
    from
        lop_hoc lh1_0 
    where
        lh1_0.magv=?
2026-07-22 10:44:20 [http-nio-8081-exec-2] TRACE org.hibernate.orm.jdbc.bind - binding parameter (1:INTEGER) <- [2]
2026-07-22 10:44:20 [http-nio-8081-exec-2] DEBUG org.hibernate.SQL - 
    select
        kh1_0.makh,
        kh1_0.macth,
        kh1_0.ngaybatdau,
        kh1_0.ngayketthuc,
        kh1_0.tenkhoahoc,
        kh1_0.trangthai 
    from
        khoa_hoc kh1_0
2026-07-22 10:44:20 [http-nio-8081-exec-2] DEBUG org.hibernate.SQL - 
    select
        cth1_0.macth,
        cth1_0.hangbang,
        cth1_0.hocphi,
        cth1_0.sobuoilythuyet,
        cth1_0.sobuoithuchanh,
        cth1_0.tenchuongtrinh 
    from
        chuong_trinh_hoc cth1_0 
    where
        cth1_0.macth=?
2026-07-22 10:44:20 [http-nio-8081-exec-2] TRACE org.hibernate.orm.jdbc.bind - binding parameter (1:INTEGER) <- [2]
2026-07-22 10:44:20 [http-nio-8081-exec-4] DEBUG org.hibernate.SQL - 
    select
        xtl1_0.maxetl,
        xtl1_0.ghichu,
        xtl1_0.handangkiem,
        xtl1_0.hangbang,
        xtl1_0.ngay_cap_nhat,
        xtl1_0.ngaydangkiem,
        xtl1_0.ngay_tao,
        xtl1_0.maxe 
    from
        xe_tap_lai xtl1_0
2026-07-22 10:44:20 [http-nio-8081-exec-4] DEBUG org.hibernate.SQL - 
    select
        x1_0.maxe,
        x1_0.bienso,
        x1_0.hangxe,
        x1_0.loaixe,
        x1_0.namsanxuat,
        x1_0.trangthai 
    from
        xe x1_0 
    where
        x1_0.maxe=?
2026-07-22 10:44:20 [http-nio-8081-exec-4] TRACE org.hibernate.orm.jdbc.bind - binding parameter (1:INTEGER) <- [1]
2026-07-22 10:44:21 [http-nio-8081-exec-3] DEBUG org.hibernate.SQL - 
    select
        tk1_0.id,
        tk1_0.anh,
        tk1_0.cccd,
        tk1_0.email,
        tk1_0.ho_ten,
        tk1_0.khoa_den,
        tk1_0.lan_dang_nhap_cuoi,
        tk1_0.mat_khau,
        tk1_0.ngay_cap_nhat,
        tk1_0.ngay_tao,
        tk1_0.nguoi_tao_id,
        tk1_0.so_dien_thoai,
        tk1_0.so_lan_dang_nhap_sai,
        tk1_0.ten_dang_nhap,
        tk1_0.trang_thai,
        tk1_0.vai_tro_id 
    from
        tai_khoan tk1_0
2026-07-22 10:44:21 [http-nio-8081-exec-3] DEBUG org.hibernate.SQL - 
    select
        vt1_0.id,
        vt1_0.ma_vai_tro,
        vt1_0.mo_ta,
        vt1_0.ngay_cap_nhat,
        vt1_0.ngay_tao,
        vt1_0.ten_vai_tro,
        vt1_0.trang_thai 
    from
        vai_tro vt1_0 
    where
        vt1_0.id=?
2026-07-22 10:44:21 [http-nio-8081-exec-3] TRACE org.hibernate.orm.jdbc.bind - binding parameter (1:INTEGER) <- [4]
2026-07-22 10:44:21 [http-nio-8081-exec-3] DEBUG org.hibernate.SQL - 
    select
        vt1_0.id,
        vt1_0.ma_vai_tro,
        vt1_0.mo_ta,
        vt1_0.ngay_cap_nhat,
        vt1_0.ngay_tao,
        vt1_0.ten_vai_tro,
        vt1_0.trang_thai 
    from
        vai_tro vt1_0 
    where
        vt1_0.id=?
2026-07-22 10:44:21 [http-nio-8081-exec-3] TRACE org.hibernate.orm.jdbc.bind - binding parameter (1:INTEGER) <- [3]
2026-07-22 10:44:21 [http-nio-8081-exec-3] DEBUG org.hibernate.SQL - 
    select
        vt1_0.id,
        vt1_0.ma_vai_tro,
        vt1_0.mo_ta,
        vt1_0.ngay_cap_nhat,
        vt1_0.ngay_tao,
        vt1_0.ten_vai_tro,
        vt1_0.trang_thai 
    from
        vai_tro vt1_0 
    where
        vt1_0.id=?
2026-07-22 10:44:21 [http-nio-8081-exec-3] TRACE org.hibernate.orm.jdbc.bind - binding parameter (1:INTEGER) <- [2]
2026-07-22 10:44:21 [http-nio-8081-exec-3] DEBUG org.hibernate.SQL - 
    select
        vt1_0.id,
        vt1_0.ma_vai_tro,
        vt1_0.mo_ta,
        vt1_0.ngay_cap_nhat,
        vt1_0.ngay_tao,
        vt1_0.ten_vai_tro,
        vt1_0.trang_thai 
    from
        vai_tro vt1_0 
    where
        vt1_0.id=?
2026-07-22 10:44:21 [http-nio-8081-exec-3] TRACE org.hibernate.orm.jdbc.bind - binding parameter (1:INTEGER) <- [1]
2026-07-22 10:44:22 [http-nio-8081-exec-5] DEBUG org.hibernate.SQL - 
    select
        count_big(*) 
    from
        hoc_vien hv1_0
2026-07-22 10:44:22 [http-nio-8081-exec-5] DEBUG org.hibernate.SQL - 
    select
        count_big(*) 
    from
        giao_vien gv1_0
2026-07-22 10:44:22 [http-nio-8081-exec-5] DEBUG org.hibernate.SQL - 
    select
        count_big(kh1_0.makh) 
    from
        khoa_hoc kh1_0 
    where
        kh1_0.trangthai=?
2026-07-22 10:44:22 [http-nio-8081-exec-5] TRACE org.hibernate.orm.jdbc.bind - binding parameter (1:VARCHAR) <- [DANG_MO]
2026-07-22 10:44:22 [http-nio-8081-exec-5] DEBUG org.hibernate.SQL - 
    select
        tt1_0.matt,
        tt1_0.madk,
        tt1_0.mahv,
        tt1_0.ngaythanhtoan,
        tt1_0.phuongthuc,
        tt1_0.sotien,
        tt1_0.trangthai 
    from
        thanh_toan tt1_0
2026-07-22 10:44:22 [http-nio-8081-exec-5] DEBUG org.hibernate.SQL - 
    select
        dkkh1_0.madk,
        dkkh1_0.mahv,
        hv1_0.mahv,
        hv1_0.cccd,
        hv1_0.diachi,
        hv1_0.email,
        hv1_0.gioitinh,
        hv1_0.hoten,
        hv1_0.ngaydangky,
        hv1_0.ngaysinh,
        hv1_0.sodienthoai,
        dkkh1_0.makh,
        kh1_0.makh,
        cth1_0.macth,
        cth1_0.hangbang,
        cth1_0.hocphi,
        cth1_0.sobuoilythuyet,
        cth1_0.sobuoithuchanh,
        cth1_0.tenchuongtrinh,
        kh1_0.ngaybatdau,
        kh1_0.ngayketthuc,
        kh1_0.tenkhoahoc,
        kh1_0.trangthai,
        dkkh1_0.ngaydangky,
        dkkh1_0.trangthai 
    from
        dang_ky_khoa_hoc dkkh1_0 
    join
        hoc_vien hv1_0 
            on hv1_0.mahv=dkkh1_0.mahv 
    join
        khoa_hoc kh1_0 
            on kh1_0.makh=dkkh1_0.makh 
    left join
        chuong_trinh_hoc cth1_0 
            on cth1_0.macth=kh1_0.macth 
    where
        dkkh1_0.madk=?
2026-07-22 10:44:22 [http-nio-8081-exec-5] TRACE org.hibernate.orm.jdbc.bind - binding parameter (1:INTEGER) <- [1]
2026-07-22 10:44:22 [http-nio-8081-exec-5] DEBUG org.hibernate.SQL - 
    select
        dkkh1_0.madk,
        dkkh1_0.mahv,
        hv1_0.mahv,
        hv1_0.cccd,
        hv1_0.diachi,
        hv1_0.email,
        hv1_0.gioitinh,
        hv1_0.hoten,
        hv1_0.ngaydangky,
        hv1_0.ngaysinh,
        hv1_0.sodienthoai,
        dkkh1_0.makh,
        kh1_0.makh,
        cth1_0.macth,
        cth1_0.hangbang,
        cth1_0.hocphi,
        cth1_0.sobuoilythuyet,
        cth1_0.sobuoithuchanh,
        cth1_0.tenchuongtrinh,
        kh1_0.ngaybatdau,
        kh1_0.ngayketthuc,
        kh1_0.tenkhoahoc,
        kh1_0.trangthai,
        dkkh1_0.ngaydangky,
        dkkh1_0.trangthai 
    from
        dang_ky_khoa_hoc dkkh1_0 
    join
        hoc_vien hv1_0 
            on hv1_0.mahv=dkkh1_0.mahv 
    join
        khoa_hoc kh1_0 
            on kh1_0.makh=dkkh1_0.makh 
    left join
        chuong_trinh_hoc cth1_0 
            on cth1_0.macth=kh1_0.macth 
    where
        dkkh1_0.madk=?
2026-07-22 10:44:22 [http-nio-8081-exec-5] TRACE org.hibernate.orm.jdbc.bind - binding parameter (1:INTEGER) <- [2]
2026-07-22 10:44:22 [http-nio-8081-exec-5] DEBUG org.hibernate.SQL - 
    select
        dkkh1_0.madk,
        dkkh1_0.mahv,
        hv1_0.mahv,
        hv1_0.cccd,
        hv1_0.diachi,
        hv1_0.email,
        hv1_0.gioitinh,
        hv1_0.hoten,
        hv1_0.ngaydangky,
        hv1_0.ngaysinh,
        hv1_0.sodienthoai,
        dkkh1_0.makh,
        kh1_0.makh,
        cth1_0.macth,
        cth1_0.hangbang,
        cth1_0.hocphi,
        cth1_0.sobuoilythuyet,
        cth1_0.sobuoithuchanh,
        cth1_0.tenchuongtrinh,
        kh1_0.ngaybatdau,
        kh1_0.ngayketthuc,
        kh1_0.tenkhoahoc,
        kh1_0.trangthai,
        dkkh1_0.ngaydangky,
        dkkh1_0.trangthai 
    from
        dang_ky_khoa_hoc dkkh1_0 
    join
        hoc_vien hv1_0 
            on hv1_0.mahv=dkkh1_0.mahv 
    join
        khoa_hoc kh1_0 
            on kh1_0.makh=dkkh1_0.makh 
    left join
        chuong_trinh_hoc cth1_0 
            on cth1_0.macth=kh1_0.macth 
    where
        dkkh1_0.madk=?
2026-07-22 10:44:22 [http-nio-8081-exec-5] TRACE org.hibernate.orm.jdbc.bind - binding parameter (1:INTEGER) <- [3]
2026-07-22 10:44:22 [http-nio-8081-exec-5] DEBUG org.hibernate.SQL - 
    select
        tt1_0.matt,
        tt1_0.madk,
        tt1_0.mahv,
        tt1_0.ngaythanhtoan,
        tt1_0.phuongthuc,
        tt1_0.sotien,
        tt1_0.trangthai 
    from
        thanh_toan tt1_0
2026-07-22 10:44:22 [http-nio-8081-exec-5] DEBUG org.hibernate.SQL - 
    select
        dkkh1_0.madk,
        dkkh1_0.mahv,
        hv1_0.mahv,
        hv1_0.cccd,
        hv1_0.diachi,
        hv1_0.email,
        hv1_0.gioitinh,
        hv1_0.hoten,
        hv1_0.ngaydangky,
        hv1_0.ngaysinh,
        hv1_0.sodienthoai,
        dkkh1_0.makh,
        kh1_0.makh,
        cth1_0.macth,
        cth1_0.hangbang,
        cth1_0.hocphi,
        cth1_0.sobuoilythuyet,
        cth1_0.sobuoithuchanh,
        cth1_0.tenchuongtrinh,
        kh1_0.ngaybatdau,
        kh1_0.ngayketthuc,
        kh1_0.tenkhoahoc,
        kh1_0.trangthai,
        dkkh1_0.ngaydangky,
        dkkh1_0.trangthai 
    from
        dang_ky_khoa_hoc dkkh1_0 
    join
        hoc_vien hv1_0 
            on hv1_0.mahv=dkkh1_0.mahv 
    join
        khoa_hoc kh1_0 
            on kh1_0.makh=dkkh1_0.makh 
    left join
        chuong_trinh_hoc cth1_0 
            on cth1_0.macth=kh1_0.macth 
    where
        dkkh1_0.madk=?
2026-07-22 10:44:22 [http-nio-8081-exec-5] TRACE org.hibernate.orm.jdbc.bind - binding parameter (1:INTEGER) <- [1]
2026-07-22 10:44:22 [http-nio-8081-exec-5] DEBUG org.hibernate.SQL - 
    select
        dkkh1_0.madk,
        dkkh1_0.mahv,
        hv1_0.mahv,
        hv1_0.cccd,
        hv1_0.diachi,
        hv1_0.email,
        hv1_0.gioitinh,
        hv1_0.hoten,
        hv1_0.ngaydangky,
        hv1_0.ngaysinh,
        hv1_0.sodienthoai,
        dkkh1_0.makh,
        kh1_0.makh,
        cth1_0.macth,
        cth1_0.hangbang,
        cth1_0.hocphi,
        cth1_0.sobuoilythuyet,
        cth1_0.sobuoithuchanh,
        cth1_0.tenchuongtrinh,
        kh1_0.ngaybatdau,
        kh1_0.ngayketthuc,
        kh1_0.tenkhoahoc,
        kh1_0.trangthai,
        dkkh1_0.ngaydangky,
        dkkh1_0.trangthai 
    from
        dang_ky_khoa_hoc dkkh1_0 
    join
        hoc_vien hv1_0 
            on hv1_0.mahv=dkkh1_0.mahv 
    join
        khoa_hoc kh1_0 
            on kh1_0.makh=dkkh1_0.makh 
    left join
        chuong_trinh_hoc cth1_0 
            on cth1_0.macth=kh1_0.macth 
    where
        dkkh1_0.madk=?
2026-07-22 10:44:22 [http-nio-8081-exec-5] TRACE org.hibernate.orm.jdbc.bind - binding parameter (1:INTEGER) <- [2]
2026-07-22 10:44:22 [http-nio-8081-exec-5] DEBUG org.hibernate.SQL - 
    select
        dkkh1_0.madk,
        dkkh1_0.mahv,
        hv1_0.mahv,
        hv1_0.cccd,
        hv1_0.diachi,
        hv1_0.email,
        hv1_0.gioitinh,
        hv1_0.hoten,
        hv1_0.ngaydangky,
        hv1_0.ngaysinh,
        hv1_0.sodienthoai,
        dkkh1_0.makh,
        kh1_0.makh,
        cth1_0.macth,
        cth1_0.hangbang,
        cth1_0.hocphi,
        cth1_0.sobuoilythuyet,
        cth1_0.sobuoithuchanh,
        cth1_0.tenchuongtrinh,
        kh1_0.ngaybatdau,
        kh1_0.ngayketthuc,
        kh1_0.tenkhoahoc,
        kh1_0.trangthai,
        dkkh1_0.ngaydangky,
        dkkh1_0.trangthai 
    from
        dang_ky_khoa_hoc dkkh1_0 
    join
        hoc_vien hv1_0 
            on hv1_0.mahv=dkkh1_0.mahv 
    join
        khoa_hoc kh1_0 
            on kh1_0.makh=dkkh1_0.makh 
    left join
        chuong_trinh_hoc cth1_0 
            on cth1_0.macth=kh1_0.macth 
    where
        dkkh1_0.madk=?
2026-07-22 10:44:22 [http-nio-8081-exec-5] TRACE org.hibernate.orm.jdbc.bind - binding parameter (1:INTEGER) <- [3]
2026-07-22 10:44:22 [http-nio-8081-exec-5] DEBUG org.hibernate.SQL - 
    select
        tt1_0.matt,
        tt1_0.madk,
        tt1_0.mahv,
        tt1_0.ngaythanhtoan,
        tt1_0.phuongthuc,
        tt1_0.sotien,
        tt1_0.trangthai 
    from
        thanh_toan tt1_0
2026-07-22 10:44:22 [http-nio-8081-exec-5] DEBUG org.hibernate.SQL - 
    select
        dkkh1_0.madk,
        dkkh1_0.mahv,
        hv1_0.mahv,
        hv1_0.cccd,
        hv1_0.diachi,
        hv1_0.email,
        hv1_0.gioitinh,
        hv1_0.hoten,
        hv1_0.ngaydangky,
        hv1_0.ngaysinh,
        hv1_0.sodienthoai,
        dkkh1_0.makh,
        kh1_0.makh,
        cth1_0.macth,
        cth1_0.hangbang,
        cth1_0.hocphi,
        cth1_0.sobuoilythuyet,
        cth1_0.sobuoithuchanh,
        cth1_0.tenchuongtrinh,
        kh1_0.ngaybatdau,
        kh1_0.ngayketthuc,
        kh1_0.tenkhoahoc,
        kh1_0.trangthai,
        dkkh1_0.ngaydangky,
        dkkh1_0.trangthai 
    from
        dang_ky_khoa_hoc dkkh1_0 
    join
        hoc_vien hv1_0 
            on hv1_0.mahv=dkkh1_0.mahv 
    join
        khoa_hoc kh1_0 
            on kh1_0.makh=dkkh1_0.makh 
    left join
        chuong_trinh_hoc cth1_0 
            on cth1_0.macth=kh1_0.macth 
    where
        dkkh1_0.madk=?
2026-07-22 10:44:22 [http-nio-8081-exec-5] TRACE org.hibernate.orm.jdbc.bind - binding parameter (1:INTEGER) <- [1]
2026-07-22 10:44:22 [http-nio-8081-exec-5] DEBUG org.hibernate.SQL - 
    select
        dkkh1_0.madk,
        dkkh1_0.mahv,
        hv1_0.mahv,
        hv1_0.cccd,
        hv1_0.diachi,
        hv1_0.email,
        hv1_0.gioitinh,
        hv1_0.hoten,
        hv1_0.ngaydangky,
        hv1_0.ngaysinh,
        hv1_0.sodienthoai,
        dkkh1_0.makh,
        kh1_0.makh,
        cth1_0.macth,
        cth1_0.hangbang,
        cth1_0.hocphi,
        cth1_0.sobuoilythuyet,
        cth1_0.sobuoithuchanh,
        cth1_0.tenchuongtrinh,
        kh1_0.ngaybatdau,
        kh1_0.ngayketthuc,
        kh1_0.tenkhoahoc,
        kh1_0.trangthai,
        dkkh1_0.ngaydangky,
        dkkh1_0.trangthai 
    from
        dang_ky_khoa_hoc dkkh1_0 
    join
        hoc_vien hv1_0 
            on hv1_0.mahv=dkkh1_0.mahv 
    join
        khoa_hoc kh1_0 
            on kh1_0.makh=dkkh1_0.makh 
    left join
        chuong_trinh_hoc cth1_0 
            on cth1_0.macth=kh1_0.macth 
    where
        dkkh1_0.madk=?
2026-07-22 10:44:22 [http-nio-8081-exec-5] TRACE org.hibernate.orm.jdbc.bind - binding parameter (1:INTEGER) <- [2]
2026-07-22 10:44:22 [http-nio-8081-exec-5] DEBUG org.hibernate.SQL - 
    select
        dkkh1_0.madk,
        dkkh1_0.mahv,
        hv1_0.mahv,
        hv1_0.cccd,
        hv1_0.diachi,
        hv1_0.email,
        hv1_0.gioitinh,
        hv1_0.hoten,
        hv1_0.ngaydangky,
        hv1_0.ngaysinh,
        hv1_0.sodienthoai,
        dkkh1_0.makh,
        kh1_0.makh,
        cth1_0.macth,
        cth1_0.hangbang,
        cth1_0.hocphi,
        cth1_0.sobuoilythuyet,
        cth1_0.sobuoithuchanh,
        cth1_0.tenchuongtrinh,
        kh1_0.ngaybatdau,
        kh1_0.ngayketthuc,
        kh1_0.tenkhoahoc,
        kh1_0.trangthai,
        dkkh1_0.ngaydangky,
        dkkh1_0.trangthai 
    from
        dang_ky_khoa_hoc dkkh1_0 
    join
        hoc_vien hv1_0 
            on hv1_0.mahv=dkkh1_0.mahv 
    join
        khoa_hoc kh1_0 
            on kh1_0.makh=dkkh1_0.makh 
    left join
        chuong_trinh_hoc cth1_0 
            on cth1_0.macth=kh1_0.macth 
    where
        dkkh1_0.madk=?
2026-07-22 10:44:22 [http-nio-8081-exec-5] TRACE org.hibernate.orm.jdbc.bind - binding parameter (1:INTEGER) <- [3]
2026-07-22 10:44:22 [http-nio-8081-exec-5] DEBUG org.hibernate.SQL - 
    select
        count_big(tt1_0.matt) 
    from
        thanh_toan tt1_0 
    where
        tt1_0.ngaythanhtoan between ? and ?
2026-07-22 10:44:22 [http-nio-8081-exec-5] TRACE org.hibernate.orm.jdbc.bind - binding parameter (1:DATE) <- [2026-07-01]
2026-07-22 10:44:22 [http-nio-8081-exec-5] TRACE org.hibernate.orm.jdbc.bind - binding parameter (2:DATE) <- [2026-07-22]
2026-07-22 10:44:22 [http-nio-8081-exec-5] DEBUG org.hibernate.SQL - 
    select
        tsh1_0.mathi,
        tsh1_0.ghichu,
        tsh1_0.mahv,
        tsh1_0.ketqua,
        tsh1_0.malichthi,
        tsh1_0.ngaythi 
    from
        thi_sat_hach tsh1_0
2026-07-22 10:44:22 [http-nio-8081-exec-5] DEBUG org.hibernate.SQL - 
    select
        hv1_0.mahv,
        hv1_0.cccd,
        hv1_0.diachi,
        hv1_0.email,
        hv1_0.gioitinh,
        hv1_0.hoten,
        hv1_0.ngaydangky,
        hv1_0.ngaysinh,
        hv1_0.sodienthoai 
    from
        hoc_vien hv1_0 
    where
        hv1_0.mahv=?
2026-07-22 10:44:22 [http-nio-8081-exec-5] TRACE org.hibernate.orm.jdbc.bind - binding parameter (1:INTEGER) <- [1]
2026-07-22 10:44:22 [http-nio-8081-exec-5] DEBUG org.hibernate.SQL - 
    select
        tt1_0.matt,
        tt1_0.madk,
        tt1_0.mahv,
        tt1_0.ngaythanhtoan,
        tt1_0.phuongthuc,
        tt1_0.sotien,
        tt1_0.trangthai 
    from
        thanh_toan tt1_0
2026-07-22 10:44:22 [http-nio-8081-exec-5] DEBUG org.hibernate.SQL - 
    select
        dkkh1_0.madk,
        dkkh1_0.mahv,
        hv1_0.mahv,
        hv1_0.cccd,
        hv1_0.diachi,
        hv1_0.email,
        hv1_0.gioitinh,
        hv1_0.hoten,
        hv1_0.ngaydangky,
        hv1_0.ngaysinh,
        hv1_0.sodienthoai,
        dkkh1_0.makh,
        kh1_0.makh,
        cth1_0.macth,
        cth1_0.hangbang,
        cth1_0.hocphi,
        cth1_0.sobuoilythuyet,
        cth1_0.sobuoithuchanh,
        cth1_0.tenchuongtrinh,
        kh1_0.ngaybatdau,
        kh1_0.ngayketthuc,
        kh1_0.tenkhoahoc,
        kh1_0.trangthai,
        dkkh1_0.ngaydangky,
        dkkh1_0.trangthai 
    from
        dang_ky_khoa_hoc dkkh1_0 
    join
        hoc_vien hv1_0 
            on hv1_0.mahv=dkkh1_0.mahv 
    join
        khoa_hoc kh1_0 
            on kh1_0.makh=dkkh1_0.makh 
    left join
        chuong_trinh_hoc cth1_0 
            on cth1_0.macth=kh1_0.macth 
    where
        dkkh1_0.madk=?
2026-07-22 10:44:22 [http-nio-8081-exec-5] TRACE org.hibernate.orm.jdbc.bind - binding parameter (1:INTEGER) <- [1]
2026-07-22 10:44:22 [http-nio-8081-exec-5] DEBUG org.hibernate.SQL - 
    select
        dkkh1_0.madk,
        dkkh1_0.mahv,
        hv1_0.mahv,
        hv1_0.cccd,
        hv1_0.diachi,
        hv1_0.email,
        hv1_0.gioitinh,
        hv1_0.hoten,
        hv1_0.ngaydangky,
        hv1_0.ngaysinh,
        hv1_0.sodienthoai,
        dkkh1_0.makh,
        kh1_0.makh,
        cth1_0.macth,
        cth1_0.hangbang,
        cth1_0.hocphi,
        cth1_0.sobuoilythuyet,
        cth1_0.sobuoithuchanh,
        cth1_0.tenchuongtrinh,
        kh1_0.ngaybatdau,
        kh1_0.ngayketthuc,
        kh1_0.tenkhoahoc,
        kh1_0.trangthai,
        dkkh1_0.ngaydangky,
        dkkh1_0.trangthai 
    from
        dang_ky_khoa_hoc dkkh1_0 
    join
        hoc_vien hv1_0 
            on hv1_0.mahv=dkkh1_0.mahv 
    join
        khoa_hoc kh1_0 
            on kh1_0.makh=dkkh1_0.makh 
    left join
        chuong_trinh_hoc cth1_0 
            on cth1_0.macth=kh1_0.macth 
    where
        dkkh1_0.madk=?
2026-07-22 10:44:22 [http-nio-8081-exec-5] TRACE org.hibernate.orm.jdbc.bind - binding parameter (1:INTEGER) <- [2]
2026-07-22 10:44:22 [http-nio-8081-exec-5] DEBUG org.hibernate.SQL - 
    select
        dkkh1_0.madk,
        dkkh1_0.mahv,
        hv1_0.mahv,
        hv1_0.cccd,
        hv1_0.diachi,
        hv1_0.email,
        hv1_0.gioitinh,
        hv1_0.hoten,
        hv1_0.ngaydangky,
        hv1_0.ngaysinh,
        hv1_0.sodienthoai,
        dkkh1_0.makh,
        kh1_0.makh,
        cth1_0.macth,
        cth1_0.hangbang,
        cth1_0.hocphi,
        cth1_0.sobuoilythuyet,
        cth1_0.sobuoithuchanh,
        cth1_0.tenchuongtrinh,
        kh1_0.ngaybatdau,
        kh1_0.ngayketthuc,
        kh1_0.tenkhoahoc,
        kh1_0.trangthai,
        dkkh1_0.ngaydangky,
        dkkh1_0.trangthai 
    from
        dang_ky_khoa_hoc dkkh1_0 
    join
        hoc_vien hv1_0 
            on hv1_0.mahv=dkkh1_0.mahv 
    join
        khoa_hoc kh1_0 
            on kh1_0.makh=dkkh1_0.makh 
    left join
        chuong_trinh_hoc cth1_0 
            on cth1_0.macth=kh1_0.macth 
    where
        dkkh1_0.madk=?
2026-07-22 10:44:22 [http-nio-8081-exec-5] TRACE org.hibernate.orm.jdbc.bind - binding parameter (1:INTEGER) <- [3]
2026-07-22 10:44:22 [http-nio-8081-exec-5] DEBUG org.hibernate.SQL - 
    select
        tt1_0.matt,
        tt1_0.madk,
        tt1_0.mahv,
        tt1_0.ngaythanhtoan,
        tt1_0.phuongthuc,
        tt1_0.sotien,
        tt1_0.trangthai 
    from
        thanh_toan tt1_0
2026-07-22 10:44:22 [http-nio-8081-exec-5] DEBUG org.hibernate.SQL - 
    select
        dkkh1_0.madk,
        dkkh1_0.mahv,
        hv1_0.mahv,
        hv1_0.cccd,
        hv1_0.diachi,
        hv1_0.email,
        hv1_0.gioitinh,
        hv1_0.hoten,
        hv1_0.ngaydangky,
        hv1_0.ngaysinh,
        hv1_0.sodienthoai,
        dkkh1_0.makh,
        kh1_0.makh,
        cth1_0.macth,
        cth1_0.hangbang,
        cth1_0.hocphi,
        cth1_0.sobuoilythuyet,
        cth1_0.sobuoithuchanh,
        cth1_0.tenchuongtrinh,
        kh1_0.ngaybatdau,
        kh1_0.ngayketthuc,
        kh1_0.tenkhoahoc,
        kh1_0.trangthai,
        dkkh1_0.ngaydangky,
        dkkh1_0.trangthai 
    from
        dang_ky_khoa_hoc dkkh1_0 
    join
        hoc_vien hv1_0 
            on hv1_0.mahv=dkkh1_0.mahv 
    join
        khoa_hoc kh1_0 
            on kh1_0.makh=dkkh1_0.makh 
    left join
        chuong_trinh_hoc cth1_0 
            on cth1_0.macth=kh1_0.macth 
    where
        dkkh1_0.madk=?
2026-07-22 10:44:22 [http-nio-8081-exec-5] TRACE org.hibernate.orm.jdbc.bind - binding parameter (1:INTEGER) <- [1]
2026-07-22 10:44:22 [http-nio-8081-exec-5] DEBUG org.hibernate.SQL - 
    select
        dkkh1_0.madk,
        dkkh1_0.mahv,
        hv1_0.mahv,
        hv1_0.cccd,
        hv1_0.diachi,
        hv1_0.email,
        hv1_0.gioitinh,
        hv1_0.hoten,
        hv1_0.ngaydangky,
        hv1_0.ngaysinh,
        hv1_0.sodienthoai,
        dkkh1_0.makh,
        kh1_0.makh,
        cth1_0.macth,
        cth1_0.hangbang,
        cth1_0.hocphi,
        cth1_0.sobuoilythuyet,
        cth1_0.sobuoithuchanh,
        cth1_0.tenchuongtrinh,
        kh1_0.ngaybatdau,
        kh1_0.ngayketthuc,
        kh1_0.tenkhoahoc,
        kh1_0.trangthai,
        dkkh1_0.ngaydangky,
        dkkh1_0.trangthai 
    from
        dang_ky_khoa_hoc dkkh1_0 
    join
        hoc_vien hv1_0 
            on hv1_0.mahv=dkkh1_0.mahv 
    join
        khoa_hoc kh1_0 
            on kh1_0.makh=dkkh1_0.makh 
    left join
        chuong_trinh_hoc cth1_0 
            on cth1_0.macth=kh1_0.macth 
    where
        dkkh1_0.madk=?
2026-07-22 10:44:22 [http-nio-8081-exec-5] TRACE org.hibernate.orm.jdbc.bind - binding parameter (1:INTEGER) <- [2]
2026-07-22 10:44:22 [http-nio-8081-exec-5] DEBUG org.hibernate.SQL - 
    select
        dkkh1_0.madk,
        dkkh1_0.mahv,
        hv1_0.mahv,
        hv1_0.cccd,
        hv1_0.diachi,
        hv1_0.email,
        hv1_0.gioitinh,
        hv1_0.hoten,
        hv1_0.ngaydangky,
        hv1_0.ngaysinh,
        hv1_0.sodienthoai,
        dkkh1_0.makh,
        kh1_0.makh,
        cth1_0.macth,
        cth1_0.hangbang,
        cth1_0.hocphi,
        cth1_0.sobuoilythuyet,
        cth1_0.sobuoithuchanh,
        cth1_0.tenchuongtrinh,
        kh1_0.ngaybatdau,
        kh1_0.ngayketthuc,
        kh1_0.tenkhoahoc,
        kh1_0.trangthai,
        dkkh1_0.ngaydangky,
        dkkh1_0.trangthai 
    from
        dang_ky_khoa_hoc dkkh1_0 
    join
        hoc_vien hv1_0 
            on hv1_0.mahv=dkkh1_0.mahv 
    join
        khoa_hoc kh1_0 
            on kh1_0.makh=dkkh1_0.makh 
    left join
        chuong_trinh_hoc cth1_0 
            on cth1_0.macth=kh1_0.macth 
    where
        dkkh1_0.madk=?
2026-07-22 10:44:22 [http-nio-8081-exec-5] TRACE org.hibernate.orm.jdbc.bind - binding parameter (1:INTEGER) <- [3]
2026-07-22 10:44:22 [http-nio-8081-exec-5] DEBUG org.hibernate.SQL - 
    select
        tt1_0.matt,
        tt1_0.madk,
        tt1_0.mahv,
        tt1_0.ngaythanhtoan,
        tt1_0.phuongthuc,
        tt1_0.sotien,
        tt1_0.trangthai 
    from
        thanh_toan tt1_0
2026-07-22 10:44:22 [http-nio-8081-exec-5] DEBUG org.hibernate.SQL - 
    select
        dkkh1_0.madk,
        dkkh1_0.mahv,
        hv1_0.mahv,
        hv1_0.cccd,
        hv1_0.diachi,
        hv1_0.email,
        hv1_0.gioitinh,
        hv1_0.hoten,
        hv1_0.ngaydangky,
        hv1_0.ngaysinh,
        hv1_0.sodienthoai,
        dkkh1_0.makh,
        kh1_0.makh,
        cth1_0.macth,
        cth1_0.hangbang,
        cth1_0.hocphi,
        cth1_0.sobuoilythuyet,
        cth1_0.sobuoithuchanh,
        cth1_0.tenchuongtrinh,
        kh1_0.ngaybatdau,
        kh1_0.ngayketthuc,
        kh1_0.tenkhoahoc,
        kh1_0.trangthai,
        dkkh1_0.ngaydangky,
        dkkh1_0.trangthai 
    from
        dang_ky_khoa_hoc dkkh1_0 
    join
        hoc_vien hv1_0 
            on hv1_0.mahv=dkkh1_0.mahv 
    join
        khoa_hoc kh1_0 
            on kh1_0.makh=dkkh1_0.makh 
    left join
        chuong_trinh_hoc cth1_0 
            on cth1_0.macth=kh1_0.macth 
    where
        dkkh1_0.madk=?
2026-07-22 10:44:22 [http-nio-8081-exec-5] TRACE org.hibernate.orm.jdbc.bind - binding parameter (1:INTEGER) <- [1]
2026-07-22 10:44:22 [http-nio-8081-exec-5] DEBUG org.hibernate.SQL - 
    select
        dkkh1_0.madk,
        dkkh1_0.mahv,
        hv1_0.mahv,
        hv1_0.cccd,
        hv1_0.diachi,
        hv1_0.email,
        hv1_0.gioitinh,
        hv1_0.hoten,
        hv1_0.ngaydangky,
        hv1_0.ngaysinh,
        hv1_0.sodienthoai,
        dkkh1_0.makh,
        kh1_0.makh,
        cth1_0.macth,
        cth1_0.hangbang,
        cth1_0.hocphi,
        cth1_0.sobuoilythuyet,
        cth1_0.sobuoithuchanh,
        cth1_0.tenchuongtrinh,
        kh1_0.ngaybatdau,
        kh1_0.ngayketthuc,
        kh1_0.tenkhoahoc,
        kh1_0.trangthai,
        dkkh1_0.ngaydangky,
        dkkh1_0.trangthai 
    from
        dang_ky_khoa_hoc dkkh1_0 
    join
        hoc_vien hv1_0 
            on hv1_0.mahv=dkkh1_0.mahv 
    join
        khoa_hoc kh1_0 
            on kh1_0.makh=dkkh1_0.makh 
    left join
        chuong_trinh_hoc cth1_0 
            on cth1_0.macth=kh1_0.macth 
    where
        dkkh1_0.madk=?
2026-07-22 10:44:22 [http-nio-8081-exec-5] TRACE org.hibernate.orm.jdbc.bind - binding parameter (1:INTEGER) <- [2]
2026-07-22 10:44:22 [http-nio-8081-exec-5] DEBUG org.hibernate.SQL - 
    select
        dkkh1_0.madk,
        dkkh1_0.mahv,
        hv1_0.mahv,
        hv1_0.cccd,
        hv1_0.diachi,
        hv1_0.email,
        hv1_0.gioitinh,
        hv1_0.hoten,
        hv1_0.ngaydangky,
        hv1_0.ngaysinh,
        hv1_0.sodienthoai,
        dkkh1_0.makh,
        kh1_0.makh,
        cth1_0.macth,
        cth1_0.hangbang,
        cth1_0.hocphi,
        cth1_0.sobuoilythuyet,
        cth1_0.sobuoithuchanh,
        cth1_0.tenchuongtrinh,
        kh1_0.ngaybatdau,
        kh1_0.ngayketthuc,
        kh1_0.tenkhoahoc,
        kh1_0.trangthai,
        dkkh1_0.ngaydangky,
        dkkh1_0.trangthai 
    from
        dang_ky_khoa_hoc dkkh1_0 
    join
        hoc_vien hv1_0 
            on hv1_0.mahv=dkkh1_0.mahv 
    join
        khoa_hoc kh1_0 
            on kh1_0.makh=dkkh1_0.makh 
    left join
        chuong_trinh_hoc cth1_0 
            on cth1_0.macth=kh1_0.macth 
    where
        dkkh1_0.madk=?
2026-07-22 10:44:22 [http-nio-8081-exec-5] TRACE org.hibernate.orm.jdbc.bind - binding parameter (1:INTEGER) <- [3]
2026-07-22 10:44:22 [http-nio-8081-exec-5] DEBUG org.hibernate.SQL - 
    select
        tt1_0.matt,
        tt1_0.madk,
        tt1_0.mahv,
        tt1_0.ngaythanhtoan,
        tt1_0.phuongthuc,
        tt1_0.sotien,
        tt1_0.trangthai 
    from
        thanh_toan tt1_0
2026-07-22 10:44:22 [http-nio-8081-exec-5] DEBUG org.hibernate.SQL - 
    select
        dkkh1_0.madk,
        dkkh1_0.mahv,
        hv1_0.mahv,
        hv1_0.cccd,
        hv1_0.diachi,
        hv1_0.email,
        hv1_0.gioitinh,
        hv1_0.hoten,
        hv1_0.ngaydangky,
        hv1_0.ngaysinh,
        hv1_0.sodienthoai,
        dkkh1_0.makh,
        kh1_0.makh,
        cth1_0.macth,
        cth1_0.hangbang,
        cth1_0.hocphi,
        cth1_0.sobuoilythuyet,
        cth1_0.sobuoithuchanh,
        cth1_0.tenchuongtrinh,
        kh1_0.ngaybatdau,
        kh1_0.ngayketthuc,
        kh1_0.tenkhoahoc,
        kh1_0.trangthai,
        dkkh1_0.ngaydangky,
        dkkh1_0.trangthai 
    from
        dang_ky_khoa_hoc dkkh1_0 
    join
        hoc_vien hv1_0 
            on hv1_0.mahv=dkkh1_0.mahv 
    join
        khoa_hoc kh1_0 
            on kh1_0.makh=dkkh1_0.makh 
    left join
        chuong_trinh_hoc cth1_0 
            on cth1_0.macth=kh1_0.macth 
    where
        dkkh1_0.madk=?
2026-07-22 10:44:22 [http-nio-8081-exec-5] TRACE org.hibernate.orm.jdbc.bind - binding parameter (1:INTEGER) <- [1]
2026-07-22 10:44:22 [http-nio-8081-exec-5] DEBUG org.hibernate.SQL - 
    select
        dkkh1_0.madk,
        dkkh1_0.mahv,
        hv1_0.mahv,
        hv1_0.cccd,
        hv1_0.diachi,
        hv1_0.email,
        hv1_0.gioitinh,
        hv1_0.hoten,
        hv1_0.ngaydangky,
        hv1_0.ngaysinh,
        hv1_0.sodienthoai,
        dkkh1_0.makh,
        kh1_0.makh,
        cth1_0.macth,
        cth1_0.hangbang,
        cth1_0.hocphi,
        cth1_0.sobuoilythuyet,
        cth1_0.sobuoithuchanh,
        cth1_0.tenchuongtrinh,
        kh1_0.ngaybatdau,
        kh1_0.ngayketthuc,
        kh1_0.tenkhoahoc,
        kh1_0.trangthai,
        dkkh1_0.ngaydangky,
        dkkh1_0.trangthai 
    from
        dang_ky_khoa_hoc dkkh1_0 
    join
        hoc_vien hv1_0 
            on hv1_0.mahv=dkkh1_0.mahv 
    join
        khoa_hoc kh1_0 
            on kh1_0.makh=dkkh1_0.makh 
    left join
        chuong_trinh_hoc cth1_0 
            on cth1_0.macth=kh1_0.macth 
    where
        dkkh1_0.madk=?
2026-07-22 10:44:22 [http-nio-8081-exec-5] TRACE org.hibernate.orm.jdbc.bind - binding parameter (1:INTEGER) <- [2]
2026-07-22 10:44:22 [http-nio-8081-exec-5] DEBUG org.hibernate.SQL - 
    select
        dkkh1_0.madk,
        dkkh1_0.mahv,
        hv1_0.mahv,
        hv1_0.cccd,
        hv1_0.diachi,
        hv1_0.email,
        hv1_0.gioitinh,
        hv1_0.hoten,
        hv1_0.ngaydangky,
        hv1_0.ngaysinh,
        hv1_0.sodienthoai,
        dkkh1_0.makh,
        kh1_0.makh,
        cth1_0.macth,
        cth1_0.hangbang,
        cth1_0.hocphi,
        cth1_0.sobuoilythuyet,
        cth1_0.sobuoithuchanh,
        cth1_0.tenchuongtrinh,
        kh1_0.ngaybatdau,
        kh1_0.ngayketthuc,
        kh1_0.tenkhoahoc,
        kh1_0.trangthai,
        dkkh1_0.ngaydangky,
        dkkh1_0.trangthai 
    from
        dang_ky_khoa_hoc dkkh1_0 
    join
        hoc_vien hv1_0 
            on hv1_0.mahv=dkkh1_0.mahv 
    join
        khoa_hoc kh1_0 
            on kh1_0.makh=dkkh1_0.makh 
    left join
        chuong_trinh_hoc cth1_0 
            on cth1_0.macth=kh1_0.macth 
    where
        dkkh1_0.madk=?
2026-07-22 10:44:22 [http-nio-8081-exec-5] TRACE org.hibernate.orm.jdbc.bind - binding parameter (1:INTEGER) <- [3]
2026-07-22 10:44:22 [http-nio-8081-exec-5] DEBUG org.hibernate.SQL - 
    select
        tt1_0.matt,
        tt1_0.madk,
        tt1_0.mahv,
        tt1_0.ngaythanhtoan,
        tt1_0.phuongthuc,
        tt1_0.sotien,
        tt1_0.trangthai 
    from
        thanh_toan tt1_0
2026-07-22 10:44:22 [http-nio-8081-exec-5] DEBUG org.hibernate.SQL - 
    select
        dkkh1_0.madk,
        dkkh1_0.mahv,
        hv1_0.mahv,
        hv1_0.cccd,
        hv1_0.diachi,
        hv1_0.email,
        hv1_0.gioitinh,
        hv1_0.hoten,
        hv1_0.ngaydangky,
        hv1_0.ngaysinh,
        hv1_0.sodienthoai,
        dkkh1_0.makh,
        kh1_0.makh,
        cth1_0.macth,
        cth1_0.hangbang,
        cth1_0.hocphi,
        cth1_0.sobuoilythuyet,
        cth1_0.sobuoithuchanh,
        cth1_0.tenchuongtrinh,
        kh1_0.ngaybatdau,
        kh1_0.ngayketthuc,
        kh1_0.tenkhoahoc,
        kh1_0.trangthai,
        dkkh1_0.ngaydangky,
        dkkh1_0.trangthai 
    from
        dang_ky_khoa_hoc dkkh1_0 
    join
        hoc_vien hv1_0 
            on hv1_0.mahv=dkkh1_0.mahv 
    join
        khoa_hoc kh1_0 
            on kh1_0.makh=dkkh1_0.makh 
    left join
        chuong_trinh_hoc cth1_0 
            on cth1_0.macth=kh1_0.macth 
    where
        dkkh1_0.madk=?
2026-07-22 10:44:22 [http-nio-8081-exec-5] TRACE org.hibernate.orm.jdbc.bind - binding parameter (1:INTEGER) <- [1]
2026-07-22 10:44:22 [http-nio-8081-exec-5] DEBUG org.hibernate.SQL - 
    select
        dkkh1_0.madk,
        dkkh1_0.mahv,
        hv1_0.mahv,
        hv1_0.cccd,
        hv1_0.diachi,
        hv1_0.email,
        hv1_0.gioitinh,
        hv1_0.hoten,
        hv1_0.ngaydangky,
        hv1_0.ngaysinh,
        hv1_0.sodienthoai,
        dkkh1_0.makh,
        kh1_0.makh,
        cth1_0.macth,
        cth1_0.hangbang,
        cth1_0.hocphi,
        cth1_0.sobuoilythuyet,
        cth1_0.sobuoithuchanh,
        cth1_0.tenchuongtrinh,
        kh1_0.ngaybatdau,
        kh1_0.ngayketthuc,
        kh1_0.tenkhoahoc,
        kh1_0.trangthai,
        dkkh1_0.ngaydangky,
        dkkh1_0.trangthai 
    from
        dang_ky_khoa_hoc dkkh1_0 
    join
        hoc_vien hv1_0 
            on hv1_0.mahv=dkkh1_0.mahv 
    join
        khoa_hoc kh1_0 
            on kh1_0.makh=dkkh1_0.makh 
    left join
        chuong_trinh_hoc cth1_0 
            on cth1_0.macth=kh1_0.macth 
    where
        dkkh1_0.madk=?
2026-07-22 10:44:22 [http-nio-8081-exec-5] TRACE org.hibernate.orm.jdbc.bind - binding parameter (1:INTEGER) <- [2]
2026-07-22 10:44:22 [http-nio-8081-exec-5] DEBUG org.hibernate.SQL - 
    select
        dkkh1_0.madk,
        dkkh1_0.mahv,
        hv1_0.mahv,
        hv1_0.cccd,
        hv1_0.diachi,
        hv1_0.email,
        hv1_0.gioitinh,
        hv1_0.hoten,
        hv1_0.ngaydangky,
        hv1_0.ngaysinh,
        hv1_0.sodienthoai,
        dkkh1_0.makh,
        kh1_0.makh,
        cth1_0.macth,
        cth1_0.hangbang,
        cth1_0.hocphi,
        cth1_0.sobuoilythuyet,
        cth1_0.sobuoithuchanh,
        cth1_0.tenchuongtrinh,
        kh1_0.ngaybatdau,
        kh1_0.ngayketthuc,
        kh1_0.tenkhoahoc,
        kh1_0.trangthai,
        dkkh1_0.ngaydangky,
        dkkh1_0.trangthai 
    from
        dang_ky_khoa_hoc dkkh1_0 
    join
        hoc_vien hv1_0 
            on hv1_0.mahv=dkkh1_0.mahv 
    join
        khoa_hoc kh1_0 
            on kh1_0.makh=dkkh1_0.makh 
    left join
        chuong_trinh_hoc cth1_0 
            on cth1_0.macth=kh1_0.macth 
    where
        dkkh1_0.madk=?
2026-07-22 10:44:22 [http-nio-8081-exec-5] TRACE org.hibernate.orm.jdbc.bind - binding parameter (1:INTEGER) <- [3]
2026-07-22 10:44:22 [http-nio-8081-exec-5] DEBUG org.hibernate.SQL - 
    select
        tt1_0.matt,
        tt1_0.madk,
        tt1_0.mahv,
        tt1_0.ngaythanhtoan,
        tt1_0.phuongthuc,
        tt1_0.sotien,
        tt1_0.trangthai 
    from
        thanh_toan tt1_0
2026-07-22 10:44:22 [http-nio-8081-exec-5] DEBUG org.hibernate.SQL - 
    select
        dkkh1_0.madk,
        dkkh1_0.mahv,
        hv1_0.mahv,
        hv1_0.cccd,
        hv1_0.diachi,
        hv1_0.email,
        hv1_0.gioitinh,
        hv1_0.hoten,
        hv1_0.ngaydangky,
        hv1_0.ngaysinh,
        hv1_0.sodienthoai,
        dkkh1_0.makh,
        kh1_0.makh,
        cth1_0.macth,
        cth1_0.hangbang,
        cth1_0.hocphi,
        cth1_0.sobuoilythuyet,
        cth1_0.sobuoithuchanh,
        cth1_0.tenchuongtrinh,
        kh1_0.ngaybatdau,
        kh1_0.ngayketthuc,
        kh1_0.tenkhoahoc,
        kh1_0.trangthai,
        dkkh1_0.ngaydangky,
        dkkh1_0.trangthai 
    from
        dang_ky_khoa_hoc dkkh1_0 
    join
        hoc_vien hv1_0 
            on hv1_0.mahv=dkkh1_0.mahv 
    join
        khoa_hoc kh1_0 
            on kh1_0.makh=dkkh1_0.makh 
    left join
        chuong_trinh_hoc cth1_0 
            on cth1_0.macth=kh1_0.macth 
    where
        dkkh1_0.madk=?
2026-07-22 10:44:22 [http-nio-8081-exec-5] TRACE org.hibernate.orm.jdbc.bind - binding parameter (1:INTEGER) <- [1]
2026-07-22 10:44:22 [http-nio-8081-exec-5] DEBUG org.hibernate.SQL - 
    select
        dkkh1_0.madk,
        dkkh1_0.mahv,
        hv1_0.mahv,
        hv1_0.cccd,
        hv1_0.diachi,
        hv1_0.email,
        hv1_0.gioitinh,
        hv1_0.hoten,
        hv1_0.ngaydangky,
        hv1_0.ngaysinh,
        hv1_0.sodienthoai,
        dkkh1_0.makh,
        kh1_0.makh,
        cth1_0.macth,
        cth1_0.hangbang,
        cth1_0.hocphi,
        cth1_0.sobuoilythuyet,
        cth1_0.sobuoithuchanh,
        cth1_0.tenchuongtrinh,
        kh1_0.ngaybatdau,
        kh1_0.ngayketthuc,
        kh1_0.tenkhoahoc,
        kh1_0.trangthai,
        dkkh1_0.ngaydangky,
        dkkh1_0.trangthai 
    from
        dang_ky_khoa_hoc dkkh1_0 
    join
        hoc_vien hv1_0 
            on hv1_0.mahv=dkkh1_0.mahv 
    join
        khoa_hoc kh1_0 
            on kh1_0.makh=dkkh1_0.makh 
    left join
        chuong_trinh_hoc cth1_0 
            on cth1_0.macth=kh1_0.macth 
    where
        dkkh1_0.madk=?
2026-07-22 10:44:22 [http-nio-8081-exec-5] TRACE org.hibernate.orm.jdbc.bind - binding parameter (1:INTEGER) <- [2]
2026-07-22 10:44:22 [http-nio-8081-exec-5] DEBUG org.hibernate.SQL - 
    select
        dkkh1_0.madk,
        dkkh1_0.mahv,
        hv1_0.mahv,
        hv1_0.cccd,
        hv1_0.diachi,
        hv1_0.email,
        hv1_0.gioitinh,
        hv1_0.hoten,
        hv1_0.ngaydangky,
        hv1_0.ngaysinh,
        hv1_0.sodienthoai,
        dkkh1_0.makh,
        kh1_0.makh,
        cth1_0.macth,
        cth1_0.hangbang,
        cth1_0.hocphi,
        cth1_0.sobuoilythuyet,
        cth1_0.sobuoithuchanh,
        cth1_0.tenchuongtrinh,
        kh1_0.ngaybatdau,
        kh1_0.ngayketthuc,
        kh1_0.tenkhoahoc,
        kh1_0.trangthai,
        dkkh1_0.ngaydangky,
        dkkh1_0.trangthai 
    from
        dang_ky_khoa_hoc dkkh1_0 
    join
        hoc_vien hv1_0 
            on hv1_0.mahv=dkkh1_0.mahv 
    join
        khoa_hoc kh1_0 
            on kh1_0.makh=dkkh1_0.makh 
    left join
        chuong_trinh_hoc cth1_0 
            on cth1_0.macth=kh1_0.macth 
    where
        dkkh1_0.madk=?
2026-07-22 10:44:22 [http-nio-8081-exec-5] TRACE org.hibernate.orm.jdbc.bind - binding parameter (1:INTEGER) <- [3]
2026-07-22 10:44:22 [http-nio-8081-exec-5] DEBUG org.hibernate.SQL - 
    select
        gv1_0.magv,
        gv1_0.cccd,
        gv1_0.diachi,
        gv1_0.email,
        gv1_0.gioitinh,
        gv1_0.hangday,
        gv1_0.hoten,
        gv1_0.ngaysinh,
        gv1_0.sodienthoai 
    from
        giao_vien gv1_0
2026-07-22 10:44:22 [http-nio-8081-exec-5] DEBUG org.hibernate.SQL - 
    select
        count_big(lh1_0.malop) 
    from
        lop_hoc lh1_0 
    where
        lh1_0.magv=?
2026-07-22 10:44:22 [http-nio-8081-exec-5] TRACE org.hibernate.orm.jdbc.bind - binding parameter (1:INTEGER) <- [1]
2026-07-22 10:44:22 [http-nio-8081-exec-5] DEBUG org.hibernate.SQL - 
    select
        count_big(lh1_0.malop) 
    from
        lop_hoc lh1_0 
    where
        lh1_0.magv=?
2026-07-22 10:44:22 [http-nio-8081-exec-5] TRACE org.hibernate.orm.jdbc.bind - binding parameter (1:INTEGER) <- [2]
2026-07-22 10:44:22 [http-nio-8081-exec-5] DEBUG org.hibernate.SQL - 
    select
        kh1_0.makh,
        kh1_0.macth,
        kh1_0.ngaybatdau,
        kh1_0.ngayketthuc,
        kh1_0.tenkhoahoc,
        kh1_0.trangthai 
    from
        khoa_hoc kh1_0
2026-07-22 10:44:22 [http-nio-8081-exec-5] DEBUG org.hibernate.SQL - 
    select
        cth1_0.macth,
        cth1_0.hangbang,
        cth1_0.hocphi,
        cth1_0.sobuoilythuyet,
        cth1_0.sobuoithuchanh,
        cth1_0.tenchuongtrinh 
    from
        chuong_trinh_hoc cth1_0 
    where
        cth1_0.macth=?
2026-07-22 10:44:22 [http-nio-8081-exec-5] TRACE org.hibernate.orm.jdbc.bind - binding parameter (1:INTEGER) <- [2]
2026-07-22 10:44:22 [http-nio-8081-exec-6] DEBUG org.hibernate.SQL - 
    select
        xtl1_0.maxetl,
        xtl1_0.ghichu,
        xtl1_0.handangkiem,
        xtl1_0.hangbang,
        xtl1_0.ngay_cap_nhat,
        xtl1_0.ngaydangkiem,
        xtl1_0.ngay_tao,
        xtl1_0.maxe 
    from
        xe_tap_lai xtl1_0
2026-07-22 10:44:22 [http-nio-8081-exec-6] DEBUG org.hibernate.SQL - 
    select
        x1_0.maxe,
        x1_0.bienso,
        x1_0.hangxe,
        x1_0.loaixe,
        x1_0.namsanxuat,
        x1_0.trangthai 
    from
        xe x1_0 
    where
        x1_0.maxe=?
2026-07-22 10:44:22 [http-nio-8081-exec-6] TRACE org.hibernate.orm.jdbc.bind - binding parameter (1:INTEGER) <- [1]
2026-07-22 10:44:23 [http-nio-8081-exec-10] DEBUG org.hibernate.SQL - 
    select
        tk1_0.id,
        tk1_0.anh,
        tk1_0.cccd,
        tk1_0.email,
        tk1_0.ho_ten,
        tk1_0.khoa_den,
        tk1_0.lan_dang_nhap_cuoi,
        tk1_0.mat_khau,
        tk1_0.ngay_cap_nhat,
        tk1_0.ngay_tao,
        tk1_0.nguoi_tao_id,
        tk1_0.so_dien_thoai,
        tk1_0.so_lan_dang_nhap_sai,
        tk1_0.ten_dang_nhap,
        tk1_0.trang_thai,
        tk1_0.vai_tro_id 
    from
        tai_khoan tk1_0
2026-07-22 10:44:23 [http-nio-8081-exec-10] DEBUG org.hibernate.SQL - 
    select
        vt1_0.id,
        vt1_0.ma_vai_tro,
        vt1_0.mo_ta,
        vt1_0.ngay_cap_nhat,
        vt1_0.ngay_tao,
        vt1_0.ten_vai_tro,
        vt1_0.trang_thai 
    from
        vai_tro vt1_0 
    where
        vt1_0.id=?
2026-07-22 10:44:23 [http-nio-8081-exec-10] TRACE org.hibernate.orm.jdbc.bind - binding parameter (1:INTEGER) <- [4]
2026-07-22 10:44:23 [http-nio-8081-exec-10] DEBUG org.hibernate.SQL - 
    select
        vt1_0.id,
        vt1_0.ma_vai_tro,
        vt1_0.mo_ta,
        vt1_0.ngay_cap_nhat,
        vt1_0.ngay_tao,
        vt1_0.ten_vai_tro,
        vt1_0.trang_thai 
    from
        vai_tro vt1_0 
    where
        vt1_0.id=?
2026-07-22 10:44:23 [http-nio-8081-exec-10] TRACE org.hibernate.orm.jdbc.bind - binding parameter (1:INTEGER) <- [3]
2026-07-22 10:44:23 [http-nio-8081-exec-10] DEBUG org.hibernate.SQL - 
    select
        vt1_0.id,
        vt1_0.ma_vai_tro,
        vt1_0.mo_ta,
        vt1_0.ngay_cap_nhat,
        vt1_0.ngay_tao,
        vt1_0.ten_vai_tro,
        vt1_0.trang_thai 
    from
        vai_tro vt1_0 
    where
        vt1_0.id=?
2026-07-22 10:44:23 [http-nio-8081-exec-10] TRACE org.hibernate.orm.jdbc.bind - binding parameter (1:INTEGER) <- [2]
2026-07-22 10:44:23 [http-nio-8081-exec-10] DEBUG org.hibernate.SQL - 
    select
        vt1_0.id,
        vt1_0.ma_vai_tro,
        vt1_0.mo_ta,
        vt1_0.ngay_cap_nhat,
        vt1_0.ngay_tao,
        vt1_0.ten_vai_tro,
        vt1_0.trang_thai 
    from
        vai_tro vt1_0 
    where
        vt1_0.id=?
2026-07-22 10:44:23 [http-nio-8081-exec-10] TRACE org.hibernate.orm.jdbc.bind - binding parameter (1:INTEGER) <- [1]
2026-07-22 10:44:25 [http-nio-8081-exec-7] DEBUG org.hibernate.SQL - 
    select
        hv1_0.mahv,
        hv1_0.cccd,
        hv1_0.diachi,
        hv1_0.email,
        hv1_0.gioitinh,
        hv1_0.hoten,
        hv1_0.ngaydangky,
        hv1_0.ngaysinh,
        hv1_0.sodienthoai 
    from
        hoc_vien hv1_0
2026-07-22 10:44:26 [http-nio-8081-exec-9] DEBUG org.hibernate.SQL - 
    select
        hv1_0.mahv,
        hv1_0.cccd,
        hv1_0.diachi,
        hv1_0.email,
        hv1_0.gioitinh,
        hv1_0.hoten,
        hv1_0.ngaydangky,
        hv1_0.ngaysinh,
        hv1_0.sodienthoai 
    from
        hoc_vien hv1_0
2026-07-22 10:44:26 [http-nio-8081-exec-8] DEBUG org.hibernate.SQL - 
    select
        hshv1_0.id,
        hshv1_0.anh_canh_caan,
        hshv1_0.file_ho_so,
        hshv1_0.ghichu,
        hshv1_0.mahv,
        hshv1_0.ngaydangky,
        hshv1_0.trang_thai_duyet 
    from
        ho_so_hoc_vien hshv1_0
2026-07-22 10:44:26 [http-nio-8081-exec-8] DEBUG org.hibernate.SQL - 
    select
        hv1_0.mahv,
        hv1_0.cccd,
        hv1_0.diachi,
        hv1_0.email,
        hv1_0.gioitinh,
        hv1_0.hoten,
        hv1_0.ngaydangky,
        hv1_0.ngaysinh,
        hv1_0.sodienthoai 
    from
        hoc_vien hv1_0 
    where
        hv1_0.mahv=?
2026-07-22 10:44:26 [http-nio-8081-exec-8] TRACE org.hibernate.orm.jdbc.bind - binding parameter (1:INTEGER) <- [1]
2026-07-22 10:44:26 [http-nio-8081-exec-8] DEBUG org.hibernate.SQL - 
    select
        hv1_0.mahv,
        hv1_0.cccd,
        hv1_0.diachi,
        hv1_0.email,
        hv1_0.gioitinh,
        hv1_0.hoten,
        hv1_0.ngaydangky,
        hv1_0.ngaysinh,
        hv1_0.sodienthoai 
    from
        hoc_vien hv1_0 
    where
        hv1_0.mahv=?
2026-07-22 10:44:26 [http-nio-8081-exec-8] TRACE org.hibernate.orm.jdbc.bind - binding parameter (1:INTEGER) <- [2]
2026-07-22 10:44:26 [http-nio-8081-exec-8] DEBUG org.hibernate.SQL - 
    select
        hv1_0.mahv,
        hv1_0.cccd,
        hv1_0.diachi,
        hv1_0.email,
        hv1_0.gioitinh,
        hv1_0.hoten,
        hv1_0.ngaydangky,
        hv1_0.ngaysinh,
        hv1_0.sodienthoai 
    from
        hoc_vien hv1_0 
    where
        hv1_0.mahv=?
2026-07-22 10:44:26 [http-nio-8081-exec-8] TRACE org.hibernate.orm.jdbc.bind - binding parameter (1:INTEGER) <- [3]
2026-07-22 10:46:52 [http-nio-8081-exec-4] DEBUG org.hibernate.SQL - 
    select
        hv1_0.mahv,
        hv1_0.cccd,
        hv1_0.diachi,
        hv1_0.email,
        hv1_0.gioitinh,
        hv1_0.hoten,
        hv1_0.ngaydangky,
        hv1_0.ngaysinh,
        hv1_0.sodienthoai 
    from
        hoc_vien hv1_0
2026-07-22 10:46:52 [http-nio-8081-exec-3] DEBUG org.hibernate.SQL - 
    select
        hshv1_0.id,
        hshv1_0.anh_canh_caan,
        hshv1_0.file_ho_so,
        hshv1_0.ghichu,
        hshv1_0.mahv,
        hshv1_0.ngaydangky,
        hshv1_0.trang_thai_duyet 
    from
        ho_so_hoc_vien hshv1_0
2026-07-22 10:46:52 [http-nio-8081-exec-3] DEBUG org.hibernate.SQL - 
    select
        hv1_0.mahv,
        hv1_0.cccd,
        hv1_0.diachi,
        hv1_0.email,
        hv1_0.gioitinh,
        hv1_0.hoten,
        hv1_0.ngaydangky,
        hv1_0.ngaysinh,
        hv1_0.sodienthoai 
    from
        hoc_vien hv1_0 
    where
        hv1_0.mahv=?
2026-07-22 10:46:52 [http-nio-8081-exec-3] TRACE org.hibernate.orm.jdbc.bind - binding parameter (1:INTEGER) <- [1]
2026-07-22 10:46:52 [http-nio-8081-exec-3] DEBUG org.hibernate.SQL - 
    select
        hv1_0.mahv,
        hv1_0.cccd,
        hv1_0.diachi,
        hv1_0.email,
        hv1_0.gioitinh,
        hv1_0.hoten,
        hv1_0.ngaydangky,
        hv1_0.ngaysinh,
        hv1_0.sodienthoai 
    from
        hoc_vien hv1_0 
    where
        hv1_0.mahv=?
2026-07-22 10:46:52 [http-nio-8081-exec-3] TRACE org.hibernate.orm.jdbc.bind - binding parameter (1:INTEGER) <- [2]
2026-07-22 10:46:52 [http-nio-8081-exec-3] DEBUG org.hibernate.SQL - 
    select
        hv1_0.mahv,
        hv1_0.cccd,
        hv1_0.diachi,
        hv1_0.email,
        hv1_0.gioitinh,
        hv1_0.hoten,
        hv1_0.ngaydangky,
        hv1_0.ngaysinh,
        hv1_0.sodienthoai 
    from
        hoc_vien hv1_0 
    where
        hv1_0.mahv=?
2026-07-22 10:46:52 [http-nio-8081-exec-3] TRACE org.hibernate.orm.jdbc.bind - binding parameter (1:INTEGER) <- [3]
2026-07-22 10:48:35 [http-nio-8081-exec-6] DEBUG org.hibernate.SQL - 
    select
        gv1_0.magv,
        gv1_0.cccd,
        gv1_0.diachi,
        gv1_0.email,
        gv1_0.gioitinh,
        gv1_0.hangday,
        gv1_0.hoten,
        gv1_0.ngaysinh,
        gv1_0.sodienthoai 
    from
        giao_vien gv1_0
2026-07-22 10:48:36 [http-nio-8081-exec-10] DEBUG org.hibernate.SQL - 
    select
        hv1_0.mahv,
        hv1_0.cccd,
        hv1_0.diachi,
        hv1_0.email,
        hv1_0.gioitinh,
        hv1_0.hoten,
        hv1_0.ngaydangky,
        hv1_0.ngaysinh,
        hv1_0.sodienthoai 
    from
        hoc_vien hv1_0
2026-07-22 10:48:37 [http-nio-8081-exec-7] DEBUG org.hibernate.SQL - 
    select
        hshv1_0.id,
        hshv1_0.anh_canh_caan,
        hshv1_0.file_ho_so,
        hshv1_0.ghichu,
        hshv1_0.mahv,
        hshv1_0.ngaydangky,
        hshv1_0.trang_thai_duyet 
    from
        ho_so_hoc_vien hshv1_0
2026-07-22 10:48:37 [http-nio-8081-exec-7] DEBUG org.hibernate.SQL - 
    select
        hv1_0.mahv,
        hv1_0.cccd,
        hv1_0.diachi,
        hv1_0.email,
        hv1_0.gioitinh,
        hv1_0.hoten,
        hv1_0.ngaydangky,
        hv1_0.ngaysinh,
        hv1_0.sodienthoai 
    from
        hoc_vien hv1_0 
    where
        hv1_0.mahv=?
2026-07-22 10:48:37 [http-nio-8081-exec-7] TRACE org.hibernate.orm.jdbc.bind - binding parameter (1:INTEGER) <- [1]
2026-07-22 10:48:37 [http-nio-8081-exec-7] DEBUG org.hibernate.SQL - 
    select
        hv1_0.mahv,
        hv1_0.cccd,
        hv1_0.diachi,
        hv1_0.email,
        hv1_0.gioitinh,
        hv1_0.hoten,
        hv1_0.ngaydangky,
        hv1_0.ngaysinh,
        hv1_0.sodienthoai 
    from
        hoc_vien hv1_0 
    where
        hv1_0.mahv=?
2026-07-22 10:48:37 [http-nio-8081-exec-7] TRACE org.hibernate.orm.jdbc.bind - binding parameter (1:INTEGER) <- [2]
2026-07-22 10:48:37 [http-nio-8081-exec-7] DEBUG org.hibernate.SQL - 
    select
        hv1_0.mahv,
        hv1_0.cccd,
        hv1_0.diachi,
        hv1_0.email,
        hv1_0.gioitinh,
        hv1_0.hoten,
        hv1_0.ngaydangky,
        hv1_0.ngaysinh,
        hv1_0.sodienthoai 
    from
        hoc_vien hv1_0 
    where
        hv1_0.mahv=?
2026-07-22 10:48:37 [http-nio-8081-exec-7] TRACE org.hibernate.orm.jdbc.bind - binding parameter (1:INTEGER) <- [3]
2026-07-22 10:48:42 [http-nio-8081-exec-9] DEBUG org.hibernate.SQL - 
    select
        hv1_0.mahv,
        hv1_0.cccd,
        hv1_0.diachi,
        hv1_0.email,
        hv1_0.gioitinh,
        hv1_0.hoten,
        hv1_0.ngaydangky,
        hv1_0.ngaysinh,
        hv1_0.sodienthoai 
    from
        hoc_vien hv1_0
2026-07-22 10:48:44 [http-nio-8081-exec-8] DEBUG org.hibernate.SQL - 
    select
        tk1_0.id,
        tk1_0.anh,
        tk1_0.cccd,
        tk1_0.email,
        tk1_0.ho_ten,
        tk1_0.khoa_den,
        tk1_0.lan_dang_nhap_cuoi,
        tk1_0.mat_khau,
        tk1_0.ngay_cap_nhat,
        tk1_0.ngay_tao,
        tk1_0.nguoi_tao_id,
        tk1_0.so_dien_thoai,
        tk1_0.so_lan_dang_nhap_sai,
        tk1_0.ten_dang_nhap,
        tk1_0.trang_thai,
        tk1_0.vai_tro_id 
    from
        tai_khoan tk1_0
2026-07-22 10:48:44 [http-nio-8081-exec-8] DEBUG org.hibernate.SQL - 
    select
        vt1_0.id,
        vt1_0.ma_vai_tro,
        vt1_0.mo_ta,
        vt1_0.ngay_cap_nhat,
        vt1_0.ngay_tao,
        vt1_0.ten_vai_tro,
        vt1_0.trang_thai 
    from
        vai_tro vt1_0 
    where
        vt1_0.id=?
2026-07-22 10:48:44 [http-nio-8081-exec-8] TRACE org.hibernate.orm.jdbc.bind - binding parameter (1:INTEGER) <- [4]
2026-07-22 10:48:44 [http-nio-8081-exec-8] DEBUG org.hibernate.SQL - 
    select
        vt1_0.id,
        vt1_0.ma_vai_tro,
        vt1_0.mo_ta,
        vt1_0.ngay_cap_nhat,
        vt1_0.ngay_tao,
        vt1_0.ten_vai_tro,
        vt1_0.trang_thai 
    from
        vai_tro vt1_0 
    where
        vt1_0.id=?
2026-07-22 10:48:44 [http-nio-8081-exec-8] TRACE org.hibernate.orm.jdbc.bind - binding parameter (1:INTEGER) <- [3]
2026-07-22 10:48:44 [http-nio-8081-exec-8] DEBUG org.hibernate.SQL - 
    select
        vt1_0.id,
        vt1_0.ma_vai_tro,
        vt1_0.mo_ta,
        vt1_0.ngay_cap_nhat,
        vt1_0.ngay_tao,
        vt1_0.ten_vai_tro,
        vt1_0.trang_thai 
    from
        vai_tro vt1_0 
    where
        vt1_0.id=?
2026-07-22 10:48:44 [http-nio-8081-exec-8] TRACE org.hibernate.orm.jdbc.bind - binding parameter (1:INTEGER) <- [2]
2026-07-22 10:48:44 [http-nio-8081-exec-8] DEBUG org.hibernate.SQL - 
    select
        vt1_0.id,
        vt1_0.ma_vai_tro,
        vt1_0.mo_ta,
        vt1_0.ngay_cap_nhat,
        vt1_0.ngay_tao,
        vt1_0.ten_vai_tro,
        vt1_0.trang_thai 
    from
        vai_tro vt1_0 
    where
        vt1_0.id=?
2026-07-22 10:48:44 [http-nio-8081-exec-8] TRACE org.hibernate.orm.jdbc.bind - binding parameter (1:INTEGER) <- [1]
2026-07-22 10:48:45 [http-nio-8081-exec-1] DEBUG org.hibernate.SQL - 
    select
        count_big(*) 
    from
        hoc_vien hv1_0
2026-07-22 10:48:45 [http-nio-8081-exec-1] DEBUG org.hibernate.SQL - 
    select
        count_big(*) 
    from
        giao_vien gv1_0
2026-07-22 10:48:45 [http-nio-8081-exec-1] DEBUG org.hibernate.SQL - 
    select
        count_big(kh1_0.makh) 
    from
        khoa_hoc kh1_0 
    where
        kh1_0.trangthai=?
2026-07-22 10:48:45 [http-nio-8081-exec-1] TRACE org.hibernate.orm.jdbc.bind - binding parameter (1:VARCHAR) <- [DANG_MO]
2026-07-22 10:48:45 [http-nio-8081-exec-1] DEBUG org.hibernate.SQL - 
    select
        tt1_0.matt,
        tt1_0.madk,
        tt1_0.mahv,
        tt1_0.ngaythanhtoan,
        tt1_0.phuongthuc,
        tt1_0.sotien,
        tt1_0.trangthai 
    from
        thanh_toan tt1_0
2026-07-22 10:48:45 [http-nio-8081-exec-1] DEBUG org.hibernate.SQL - 
    select
        dkkh1_0.madk,
        dkkh1_0.mahv,
        hv1_0.mahv,
        hv1_0.cccd,
        hv1_0.diachi,
        hv1_0.email,
        hv1_0.gioitinh,
        hv1_0.hoten,
        hv1_0.ngaydangky,
        hv1_0.ngaysinh,
        hv1_0.sodienthoai,
        dkkh1_0.makh,
        kh1_0.makh,
        cth1_0.macth,
        cth1_0.hangbang,
        cth1_0.hocphi,
        cth1_0.sobuoilythuyet,
        cth1_0.sobuoithuchanh,
        cth1_0.tenchuongtrinh,
        kh1_0.ngaybatdau,
        kh1_0.ngayketthuc,
        kh1_0.tenkhoahoc,
        kh1_0.trangthai,
        dkkh1_0.ngaydangky,
        dkkh1_0.trangthai 
    from
        dang_ky_khoa_hoc dkkh1_0 
    join
        hoc_vien hv1_0 
            on hv1_0.mahv=dkkh1_0.mahv 
    join
        khoa_hoc kh1_0 
            on kh1_0.makh=dkkh1_0.makh 
    left join
        chuong_trinh_hoc cth1_0 
            on cth1_0.macth=kh1_0.macth 
    where
        dkkh1_0.madk=?
2026-07-22 10:48:45 [http-nio-8081-exec-1] TRACE org.hibernate.orm.jdbc.bind - binding parameter (1:INTEGER) <- [1]
2026-07-22 10:48:45 [http-nio-8081-exec-1] DEBUG org.hibernate.SQL - 
    select
        dkkh1_0.madk,
        dkkh1_0.mahv,
        hv1_0.mahv,
        hv1_0.cccd,
        hv1_0.diachi,
        hv1_0.email,
        hv1_0.gioitinh,
        hv1_0.hoten,
        hv1_0.ngaydangky,
        hv1_0.ngaysinh,
        hv1_0.sodienthoai,
        dkkh1_0.makh,
        kh1_0.makh,
        cth1_0.macth,
        cth1_0.hangbang,
        cth1_0.hocphi,
        cth1_0.sobuoilythuyet,
        cth1_0.sobuoithuchanh,
        cth1_0.tenchuongtrinh,
        kh1_0.ngaybatdau,
        kh1_0.ngayketthuc,
        kh1_0.tenkhoahoc,
        kh1_0.trangthai,
        dkkh1_0.ngaydangky,
        dkkh1_0.trangthai 
    from
        dang_ky_khoa_hoc dkkh1_0 
    join
        hoc_vien hv1_0 
            on hv1_0.mahv=dkkh1_0.mahv 
    join
        khoa_hoc kh1_0 
            on kh1_0.makh=dkkh1_0.makh 
    left join
        chuong_trinh_hoc cth1_0 
            on cth1_0.macth=kh1_0.macth 
    where
        dkkh1_0.madk=?
2026-07-22 10:48:45 [http-nio-8081-exec-1] TRACE org.hibernate.orm.jdbc.bind - binding parameter (1:INTEGER) <- [2]
2026-07-22 10:48:45 [http-nio-8081-exec-1] DEBUG org.hibernate.SQL - 
    select
        dkkh1_0.madk,
        dkkh1_0.mahv,
        hv1_0.mahv,
        hv1_0.cccd,
        hv1_0.diachi,
        hv1_0.email,
        hv1_0.gioitinh,
        hv1_0.hoten,
        hv1_0.ngaydangky,
        hv1_0.ngaysinh,
        hv1_0.sodienthoai,
        dkkh1_0.makh,
        kh1_0.makh,
        cth1_0.macth,
        cth1_0.hangbang,
        cth1_0.hocphi,
        cth1_0.sobuoilythuyet,
        cth1_0.sobuoithuchanh,
        cth1_0.tenchuongtrinh,
        kh1_0.ngaybatdau,
        kh1_0.ngayketthuc,
        kh1_0.tenkhoahoc,
        kh1_0.trangthai,
        dkkh1_0.ngaydangky,
        dkkh1_0.trangthai 
    from
        dang_ky_khoa_hoc dkkh1_0 
    join
        hoc_vien hv1_0 
            on hv1_0.mahv=dkkh1_0.mahv 
    join
        khoa_hoc kh1_0 
            on kh1_0.makh=dkkh1_0.makh 
    left join
        chuong_trinh_hoc cth1_0 
            on cth1_0.macth=kh1_0.macth 
    where
        dkkh1_0.madk=?
2026-07-22 10:48:45 [http-nio-8081-exec-1] TRACE org.hibernate.orm.jdbc.bind - binding parameter (1:INTEGER) <- [3]
2026-07-22 10:48:45 [http-nio-8081-exec-1] DEBUG org.hibernate.SQL - 
    select
        tt1_0.matt,
        tt1_0.madk,
        tt1_0.mahv,
        tt1_0.ngaythanhtoan,
        tt1_0.phuongthuc,
        tt1_0.sotien,
        tt1_0.trangthai 
    from
        thanh_toan tt1_0
2026-07-22 10:48:45 [http-nio-8081-exec-1] DEBUG org.hibernate.SQL - 
    select
        dkkh1_0.madk,
        dkkh1_0.mahv,
        hv1_0.mahv,
        hv1_0.cccd,
        hv1_0.diachi,
        hv1_0.email,
        hv1_0.gioitinh,
        hv1_0.hoten,
        hv1_0.ngaydangky,
        hv1_0.ngaysinh,
        hv1_0.sodienthoai,
        dkkh1_0.makh,
        kh1_0.makh,
        cth1_0.macth,
        cth1_0.hangbang,
        cth1_0.hocphi,
        cth1_0.sobuoilythuyet,
        cth1_0.sobuoithuchanh,
        cth1_0.tenchuongtrinh,
        kh1_0.ngaybatdau,
        kh1_0.ngayketthuc,
        kh1_0.tenkhoahoc,
        kh1_0.trangthai,
        dkkh1_0.ngaydangky,
        dkkh1_0.trangthai 
    from
        dang_ky_khoa_hoc dkkh1_0 
    join
        hoc_vien hv1_0 
            on hv1_0.mahv=dkkh1_0.mahv 
    join
        khoa_hoc kh1_0 
            on kh1_0.makh=dkkh1_0.makh 
    left join
        chuong_trinh_hoc cth1_0 
            on cth1_0.macth=kh1_0.macth 
    where
        dkkh1_0.madk=?
2026-07-22 10:48:45 [http-nio-8081-exec-1] TRACE org.hibernate.orm.jdbc.bind - binding parameter (1:INTEGER) <- [1]
2026-07-22 10:48:45 [http-nio-8081-exec-1] DEBUG org.hibernate.SQL - 
    select
        dkkh1_0.madk,
        dkkh1_0.mahv,
        hv1_0.mahv,
        hv1_0.cccd,
        hv1_0.diachi,
        hv1_0.email,
        hv1_0.gioitinh,
        hv1_0.hoten,
        hv1_0.ngaydangky,
        hv1_0.ngaysinh,
        hv1_0.sodienthoai,
        dkkh1_0.makh,
        kh1_0.makh,
        cth1_0.macth,
        cth1_0.hangbang,
        cth1_0.hocphi,
        cth1_0.sobuoilythuyet,
        cth1_0.sobuoithuchanh,
        cth1_0.tenchuongtrinh,
        kh1_0.ngaybatdau,
        kh1_0.ngayketthuc,
        kh1_0.tenkhoahoc,
        kh1_0.trangthai,
        dkkh1_0.ngaydangky,
        dkkh1_0.trangthai 
    from
        dang_ky_khoa_hoc dkkh1_0 
    join
        hoc_vien hv1_0 
            on hv1_0.mahv=dkkh1_0.mahv 
    join
        khoa_hoc kh1_0 
            on kh1_0.makh=dkkh1_0.makh 
    left join
        chuong_trinh_hoc cth1_0 
            on cth1_0.macth=kh1_0.macth 
    where
        dkkh1_0.madk=?
2026-07-22 10:48:45 [http-nio-8081-exec-1] TRACE org.hibernate.orm.jdbc.bind - binding parameter (1:INTEGER) <- [2]
2026-07-22 10:48:45 [http-nio-8081-exec-1] DEBUG org.hibernate.SQL - 
    select
        dkkh1_0.madk,
        dkkh1_0.mahv,
        hv1_0.mahv,
        hv1_0.cccd,
        hv1_0.diachi,
        hv1_0.email,
        hv1_0.gioitinh,
        hv1_0.hoten,
        hv1_0.ngaydangky,
        hv1_0.ngaysinh,
        hv1_0.sodienthoai,
        dkkh1_0.makh,
        kh1_0.makh,
        cth1_0.macth,
        cth1_0.hangbang,
        cth1_0.hocphi,
        cth1_0.sobuoilythuyet,
        cth1_0.sobuoithuchanh,
        cth1_0.tenchuongtrinh,
        kh1_0.ngaybatdau,
        kh1_0.ngayketthuc,
        kh1_0.tenkhoahoc,
        kh1_0.trangthai,
        dkkh1_0.ngaydangky,
        dkkh1_0.trangthai 
    from
        dang_ky_khoa_hoc dkkh1_0 
    join
        hoc_vien hv1_0 
            on hv1_0.mahv=dkkh1_0.mahv 
    join
        khoa_hoc kh1_0 
            on kh1_0.makh=dkkh1_0.makh 
    left join
        chuong_trinh_hoc cth1_0 
            on cth1_0.macth=kh1_0.macth 
    where
        dkkh1_0.madk=?
2026-07-22 10:48:45 [http-nio-8081-exec-1] TRACE org.hibernate.orm.jdbc.bind - binding parameter (1:INTEGER) <- [3]
2026-07-22 10:48:45 [http-nio-8081-exec-1] DEBUG org.hibernate.SQL - 
    select
        tt1_0.matt,
        tt1_0.madk,
        tt1_0.mahv,
        tt1_0.ngaythanhtoan,
        tt1_0.phuongthuc,
        tt1_0.sotien,
        tt1_0.trangthai 
    from
        thanh_toan tt1_0
2026-07-22 10:48:45 [http-nio-8081-exec-1] DEBUG org.hibernate.SQL - 
    select
        dkkh1_0.madk,
        dkkh1_0.mahv,
        hv1_0.mahv,
        hv1_0.cccd,
        hv1_0.diachi,
        hv1_0.email,
        hv1_0.gioitinh,
        hv1_0.hoten,
        hv1_0.ngaydangky,
        hv1_0.ngaysinh,
        hv1_0.sodienthoai,
        dkkh1_0.makh,
        kh1_0.makh,
        cth1_0.macth,
        cth1_0.hangbang,
        cth1_0.hocphi,
        cth1_0.sobuoilythuyet,
        cth1_0.sobuoithuchanh,
        cth1_0.tenchuongtrinh,
        kh1_0.ngaybatdau,
        kh1_0.ngayketthuc,
        kh1_0.tenkhoahoc,
        kh1_0.trangthai,
        dkkh1_0.ngaydangky,
        dkkh1_0.trangthai 
    from
        dang_ky_khoa_hoc dkkh1_0 
    join
        hoc_vien hv1_0 
            on hv1_0.mahv=dkkh1_0.mahv 
    join
        khoa_hoc kh1_0 
            on kh1_0.makh=dkkh1_0.makh 
    left join
        chuong_trinh_hoc cth1_0 
            on cth1_0.macth=kh1_0.macth 
    where
        dkkh1_0.madk=?
2026-07-22 10:48:45 [http-nio-8081-exec-1] TRACE org.hibernate.orm.jdbc.bind - binding parameter (1:INTEGER) <- [1]
2026-07-22 10:48:45 [http-nio-8081-exec-1] DEBUG org.hibernate.SQL - 
    select
        dkkh1_0.madk,
        dkkh1_0.mahv,
        hv1_0.mahv,
        hv1_0.cccd,
        hv1_0.diachi,
        hv1_0.email,
        hv1_0.gioitinh,
        hv1_0.hoten,
        hv1_0.ngaydangky,
        hv1_0.ngaysinh,
        hv1_0.sodienthoai,
        dkkh1_0.makh,
        kh1_0.makh,
        cth1_0.macth,
        cth1_0.hangbang,
        cth1_0.hocphi,
        cth1_0.sobuoilythuyet,
        cth1_0.sobuoithuchanh,
        cth1_0.tenchuongtrinh,
        kh1_0.ngaybatdau,
        kh1_0.ngayketthuc,
        kh1_0.tenkhoahoc,
        kh1_0.trangthai,
        dkkh1_0.ngaydangky,
        dkkh1_0.trangthai 
    from
        dang_ky_khoa_hoc dkkh1_0 
    join
        hoc_vien hv1_0 
            on hv1_0.mahv=dkkh1_0.mahv 
    join
        khoa_hoc kh1_0 
            on kh1_0.makh=dkkh1_0.makh 
    left join
        chuong_trinh_hoc cth1_0 
            on cth1_0.macth=kh1_0.macth 
    where
        dkkh1_0.madk=?
2026-07-22 10:48:45 [http-nio-8081-exec-1] TRACE org.hibernate.orm.jdbc.bind - binding parameter (1:INTEGER) <- [2]
2026-07-22 10:48:45 [http-nio-8081-exec-1] DEBUG org.hibernate.SQL - 
    select
        dkkh1_0.madk,
        dkkh1_0.mahv,
        hv1_0.mahv,
        hv1_0.cccd,
        hv1_0.diachi,
        hv1_0.email,
        hv1_0.gioitinh,
        hv1_0.hoten,
        hv1_0.ngaydangky,
        hv1_0.ngaysinh,
        hv1_0.sodienthoai,
        dkkh1_0.makh,
        kh1_0.makh,
        cth1_0.macth,
        cth1_0.hangbang,
        cth1_0.hocphi,
        cth1_0.sobuoilythuyet,
        cth1_0.sobuoithuchanh,
        cth1_0.tenchuongtrinh,
        kh1_0.ngaybatdau,
        kh1_0.ngayketthuc,
        kh1_0.tenkhoahoc,
        kh1_0.trangthai,
        dkkh1_0.ngaydangky,
        dkkh1_0.trangthai 
    from
        dang_ky_khoa_hoc dkkh1_0 
    join
        hoc_vien hv1_0 
            on hv1_0.mahv=dkkh1_0.mahv 
    join
        khoa_hoc kh1_0 
            on kh1_0.makh=dkkh1_0.makh 
    left join
        chuong_trinh_hoc cth1_0 
            on cth1_0.macth=kh1_0.macth 
    where
        dkkh1_0.madk=?
2026-07-22 10:48:45 [http-nio-8081-exec-1] TRACE org.hibernate.orm.jdbc.bind - binding parameter (1:INTEGER) <- [3]
2026-07-22 10:48:45 [http-nio-8081-exec-1] DEBUG org.hibernate.SQL - 
    select
        count_big(tt1_0.matt) 
    from
        thanh_toan tt1_0 
    where
        tt1_0.ngaythanhtoan between ? and ?
2026-07-22 10:48:45 [http-nio-8081-exec-1] TRACE org.hibernate.orm.jdbc.bind - binding parameter (1:DATE) <- [2026-07-01]
2026-07-22 10:48:45 [http-nio-8081-exec-1] TRACE org.hibernate.orm.jdbc.bind - binding parameter (2:DATE) <- [2026-07-22]
2026-07-22 10:48:45 [http-nio-8081-exec-1] DEBUG org.hibernate.SQL - 
    select
        tsh1_0.mathi,
        tsh1_0.ghichu,
        tsh1_0.mahv,
        tsh1_0.ketqua,
        tsh1_0.malichthi,
        tsh1_0.ngaythi 
    from
        thi_sat_hach tsh1_0
2026-07-22 10:48:45 [http-nio-8081-exec-1] DEBUG org.hibernate.SQL - 
    select
        hv1_0.mahv,
        hv1_0.cccd,
        hv1_0.diachi,
        hv1_0.email,
        hv1_0.gioitinh,
        hv1_0.hoten,
        hv1_0.ngaydangky,
        hv1_0.ngaysinh,
        hv1_0.sodienthoai 
    from
        hoc_vien hv1_0 
    where
        hv1_0.mahv=?
2026-07-22 10:48:45 [http-nio-8081-exec-1] TRACE org.hibernate.orm.jdbc.bind - binding parameter (1:INTEGER) <- [1]
2026-07-22 10:48:45 [http-nio-8081-exec-1] DEBUG org.hibernate.SQL - 
    select
        tt1_0.matt,
        tt1_0.madk,
        tt1_0.mahv,
        tt1_0.ngaythanhtoan,
        tt1_0.phuongthuc,
        tt1_0.sotien,
        tt1_0.trangthai 
    from
        thanh_toan tt1_0
2026-07-22 10:48:45 [http-nio-8081-exec-1] DEBUG org.hibernate.SQL - 
    select
        dkkh1_0.madk,
        dkkh1_0.mahv,
        hv1_0.mahv,
        hv1_0.cccd,
        hv1_0.diachi,
        hv1_0.email,
        hv1_0.gioitinh,
        hv1_0.hoten,
        hv1_0.ngaydangky,
        hv1_0.ngaysinh,
        hv1_0.sodienthoai,
        dkkh1_0.makh,
        kh1_0.makh,
        cth1_0.macth,
        cth1_0.hangbang,
        cth1_0.hocphi,
        cth1_0.sobuoilythuyet,
        cth1_0.sobuoithuchanh,
        cth1_0.tenchuongtrinh,
        kh1_0.ngaybatdau,
        kh1_0.ngayketthuc,
        kh1_0.tenkhoahoc,
        kh1_0.trangthai,
        dkkh1_0.ngaydangky,
        dkkh1_0.trangthai 
    from
        dang_ky_khoa_hoc dkkh1_0 
    join
        hoc_vien hv1_0 
            on hv1_0.mahv=dkkh1_0.mahv 
    join
        khoa_hoc kh1_0 
            on kh1_0.makh=dkkh1_0.makh 
    left join
        chuong_trinh_hoc cth1_0 
            on cth1_0.macth=kh1_0.macth 
    where
        dkkh1_0.madk=?
2026-07-22 10:48:45 [http-nio-8081-exec-1] TRACE org.hibernate.orm.jdbc.bind - binding parameter (1:INTEGER) <- [1]
2026-07-22 10:48:45 [http-nio-8081-exec-1] DEBUG org.hibernate.SQL - 
    select
        dkkh1_0.madk,
        dkkh1_0.mahv,
        hv1_0.mahv,
        hv1_0.cccd,
        hv1_0.diachi,
        hv1_0.email,
        hv1_0.gioitinh,
        hv1_0.hoten,
        hv1_0.ngaydangky,
        hv1_0.ngaysinh,
        hv1_0.sodienthoai,
        dkkh1_0.makh,
        kh1_0.makh,
        cth1_0.macth,
        cth1_0.hangbang,
        cth1_0.hocphi,
        cth1_0.sobuoilythuyet,
        cth1_0.sobuoithuchanh,
        cth1_0.tenchuongtrinh,
        kh1_0.ngaybatdau,
        kh1_0.ngayketthuc,
        kh1_0.tenkhoahoc,
        kh1_0.trangthai,
        dkkh1_0.ngaydangky,
        dkkh1_0.trangthai 
    from
        dang_ky_khoa_hoc dkkh1_0 
    join
        hoc_vien hv1_0 
            on hv1_0.mahv=dkkh1_0.mahv 
    join
        khoa_hoc kh1_0 
            on kh1_0.makh=dkkh1_0.makh 
    left join
        chuong_trinh_hoc cth1_0 
            on cth1_0.macth=kh1_0.macth 
    where
        dkkh1_0.madk=?
2026-07-22 10:48:45 [http-nio-8081-exec-1] TRACE org.hibernate.orm.jdbc.bind - binding parameter (1:INTEGER) <- [2]
2026-07-22 10:48:45 [http-nio-8081-exec-1] DEBUG org.hibernate.SQL - 
    select
        dkkh1_0.madk,
        dkkh1_0.mahv,
        hv1_0.mahv,
        hv1_0.cccd,
        hv1_0.diachi,
        hv1_0.email,
        hv1_0.gioitinh,
        hv1_0.hoten,
        hv1_0.ngaydangky,
        hv1_0.ngaysinh,
        hv1_0.sodienthoai,
        dkkh1_0.makh,
        kh1_0.makh,
        cth1_0.macth,
        cth1_0.hangbang,
        cth1_0.hocphi,
        cth1_0.sobuoilythuyet,
        cth1_0.sobuoithuchanh,
        cth1_0.tenchuongtrinh,
        kh1_0.ngaybatdau,
        kh1_0.ngayketthuc,
        kh1_0.tenkhoahoc,
        kh1_0.trangthai,
        dkkh1_0.ngaydangky,
        dkkh1_0.trangthai 
    from
        dang_ky_khoa_hoc dkkh1_0 
    join
        hoc_vien hv1_0 
            on hv1_0.mahv=dkkh1_0.mahv 
    join
        khoa_hoc kh1_0 
            on kh1_0.makh=dkkh1_0.makh 
    left join
        chuong_trinh_hoc cth1_0 
            on cth1_0.macth=kh1_0.macth 
    where
        dkkh1_0.madk=?
2026-07-22 10:48:45 [http-nio-8081-exec-1] TRACE org.hibernate.orm.jdbc.bind - binding parameter (1:INTEGER) <- [3]
2026-07-22 10:48:45 [http-nio-8081-exec-1] DEBUG org.hibernate.SQL - 
    select
        tt1_0.matt,
        tt1_0.madk,
        tt1_0.mahv,
        tt1_0.ngaythanhtoan,
        tt1_0.phuongthuc,
        tt1_0.sotien,
        tt1_0.trangthai 
    from
        thanh_toan tt1_0
2026-07-22 10:48:45 [http-nio-8081-exec-1] DEBUG org.hibernate.SQL - 
    select
        dkkh1_0.madk,
        dkkh1_0.mahv,
        hv1_0.mahv,
        hv1_0.cccd,
        hv1_0.diachi,
        hv1_0.email,
        hv1_0.gioitinh,
        hv1_0.hoten,
        hv1_0.ngaydangky,
        hv1_0.ngaysinh,
        hv1_0.sodienthoai,
        dkkh1_0.makh,
        kh1_0.makh,
        cth1_0.macth,
        cth1_0.hangbang,
        cth1_0.hocphi,
        cth1_0.sobuoilythuyet,
        cth1_0.sobuoithuchanh,
        cth1_0.tenchuongtrinh,
        kh1_0.ngaybatdau,
        kh1_0.ngayketthuc,
        kh1_0.tenkhoahoc,
        kh1_0.trangthai,
        dkkh1_0.ngaydangky,
        dkkh1_0.trangthai 
    from
        dang_ky_khoa_hoc dkkh1_0 
    join
        hoc_vien hv1_0 
            on hv1_0.mahv=dkkh1_0.mahv 
    join
        khoa_hoc kh1_0 
            on kh1_0.makh=dkkh1_0.makh 
    left join
        chuong_trinh_hoc cth1_0 
            on cth1_0.macth=kh1_0.macth 
    where
        dkkh1_0.madk=?
2026-07-22 10:48:45 [http-nio-8081-exec-1] TRACE org.hibernate.orm.jdbc.bind - binding parameter (1:INTEGER) <- [1]
2026-07-22 10:48:45 [http-nio-8081-exec-1] DEBUG org.hibernate.SQL - 
    select
        dkkh1_0.madk,
        dkkh1_0.mahv,
        hv1_0.mahv,
        hv1_0.cccd,
        hv1_0.diachi,
        hv1_0.email,
        hv1_0.gioitinh,
        hv1_0.hoten,
        hv1_0.ngaydangky,
        hv1_0.ngaysinh,
        hv1_0.sodienthoai,
        dkkh1_0.makh,
        kh1_0.makh,
        cth1_0.macth,
        cth1_0.hangbang,
        cth1_0.hocphi,
        cth1_0.sobuoilythuyet,
        cth1_0.sobuoithuchanh,
        cth1_0.tenchuongtrinh,
        kh1_0.ngaybatdau,
        kh1_0.ngayketthuc,
        kh1_0.tenkhoahoc,
        kh1_0.trangthai,
        dkkh1_0.ngaydangky,
        dkkh1_0.trangthai 
    from
        dang_ky_khoa_hoc dkkh1_0 
    join
        hoc_vien hv1_0 
            on hv1_0.mahv=dkkh1_0.mahv 
    join
        khoa_hoc kh1_0 
            on kh1_0.makh=dkkh1_0.makh 
    left join
        chuong_trinh_hoc cth1_0 
            on cth1_0.macth=kh1_0.macth 
    where
        dkkh1_0.madk=?
2026-07-22 10:48:45 [http-nio-8081-exec-1] TRACE org.hibernate.orm.jdbc.bind - binding parameter (1:INTEGER) <- [2]
2026-07-22 10:48:45 [http-nio-8081-exec-1] DEBUG org.hibernate.SQL - 
    select
        dkkh1_0.madk,
        dkkh1_0.mahv,
        hv1_0.mahv,
        hv1_0.cccd,
        hv1_0.diachi,
        hv1_0.email,
        hv1_0.gioitinh,
        hv1_0.hoten,
        hv1_0.ngaydangky,
        hv1_0.ngaysinh,
        hv1_0.sodienthoai,
        dkkh1_0.makh,
        kh1_0.makh,
        cth1_0.macth,
        cth1_0.hangbang,
        cth1_0.hocphi,
        cth1_0.sobuoilythuyet,
        cth1_0.sobuoithuchanh,
        cth1_0.tenchuongtrinh,
        kh1_0.ngaybatdau,
        kh1_0.ngayketthuc,
        kh1_0.tenkhoahoc,
        kh1_0.trangthai,
        dkkh1_0.ngaydangky,
        dkkh1_0.trangthai 
    from
        dang_ky_khoa_hoc dkkh1_0 
    join
        hoc_vien hv1_0 
            on hv1_0.mahv=dkkh1_0.mahv 
    join
        khoa_hoc kh1_0 
            on kh1_0.makh=dkkh1_0.makh 
    left join
        chuong_trinh_hoc cth1_0 
            on cth1_0.macth=kh1_0.macth 
    where
        dkkh1_0.madk=?
2026-07-22 10:48:45 [http-nio-8081-exec-1] TRACE org.hibernate.orm.jdbc.bind - binding parameter (1:INTEGER) <- [3]
2026-07-22 10:48:45 [http-nio-8081-exec-1] DEBUG org.hibernate.SQL - 
    select
        tt1_0.matt,
        tt1_0.madk,
        tt1_0.mahv,
        tt1_0.ngaythanhtoan,
        tt1_0.phuongthuc,
        tt1_0.sotien,
        tt1_0.trangthai 
    from
        thanh_toan tt1_0
2026-07-22 10:48:45 [http-nio-8081-exec-1] DEBUG org.hibernate.SQL - 
    select
        dkkh1_0.madk,
        dkkh1_0.mahv,
        hv1_0.mahv,
        hv1_0.cccd,
        hv1_0.diachi,
        hv1_0.email,
        hv1_0.gioitinh,
        hv1_0.hoten,
        hv1_0.ngaydangky,
        hv1_0.ngaysinh,
        hv1_0.sodienthoai,
        dkkh1_0.makh,
        kh1_0.makh,
        cth1_0.macth,
        cth1_0.hangbang,
        cth1_0.hocphi,
        cth1_0.sobuoilythuyet,
        cth1_0.sobuoithuchanh,
        cth1_0.tenchuongtrinh,
        kh1_0.ngaybatdau,
        kh1_0.ngayketthuc,
        kh1_0.tenkhoahoc,
        kh1_0.trangthai,
        dkkh1_0.ngaydangky,
        dkkh1_0.trangthai 
    from
        dang_ky_khoa_hoc dkkh1_0 
    join
        hoc_vien hv1_0 
            on hv1_0.mahv=dkkh1_0.mahv 
    join
        khoa_hoc kh1_0 
            on kh1_0.makh=dkkh1_0.makh 
    left join
        chuong_trinh_hoc cth1_0 
            on cth1_0.macth=kh1_0.macth 
    where
        dkkh1_0.madk=?
2026-07-22 10:48:45 [http-nio-8081-exec-1] TRACE org.hibernate.orm.jdbc.bind - binding parameter (1:INTEGER) <- [1]
2026-07-22 10:48:45 [http-nio-8081-exec-1] DEBUG org.hibernate.SQL - 
    select
        dkkh1_0.madk,
        dkkh1_0.mahv,
        hv1_0.mahv,
        hv1_0.cccd,
        hv1_0.diachi,
        hv1_0.email,
        hv1_0.gioitinh,
        hv1_0.hoten,
        hv1_0.ngaydangky,
        hv1_0.ngaysinh,
        hv1_0.sodienthoai,
        dkkh1_0.makh,
        kh1_0.makh,
        cth1_0.macth,
        cth1_0.hangbang,
        cth1_0.hocphi,
        cth1_0.sobuoilythuyet,
        cth1_0.sobuoithuchanh,
        cth1_0.tenchuongtrinh,
        kh1_0.ngaybatdau,
        kh1_0.ngayketthuc,
        kh1_0.tenkhoahoc,
        kh1_0.trangthai,
        dkkh1_0.ngaydangky,
        dkkh1_0.trangthai 
    from
        dang_ky_khoa_hoc dkkh1_0 
    join
        hoc_vien hv1_0 
            on hv1_0.mahv=dkkh1_0.mahv 
    join
        khoa_hoc kh1_0 
            on kh1_0.makh=dkkh1_0.makh 
    left join
        chuong_trinh_hoc cth1_0 
            on cth1_0.macth=kh1_0.macth 
    where
        dkkh1_0.madk=?
2026-07-22 10:48:45 [http-nio-8081-exec-1] TRACE org.hibernate.orm.jdbc.bind - binding parameter (1:INTEGER) <- [2]
2026-07-22 10:48:45 [http-nio-8081-exec-1] DEBUG org.hibernate.SQL - 
    select
        dkkh1_0.madk,
        dkkh1_0.mahv,
        hv1_0.mahv,
        hv1_0.cccd,
        hv1_0.diachi,
        hv1_0.email,
        hv1_0.gioitinh,
        hv1_0.hoten,
        hv1_0.ngaydangky,
        hv1_0.ngaysinh,
        hv1_0.sodienthoai,
        dkkh1_0.makh,
        kh1_0.makh,
        cth1_0.macth,
        cth1_0.hangbang,
        cth1_0.hocphi,
        cth1_0.sobuoilythuyet,
        cth1_0.sobuoithuchanh,
        cth1_0.tenchuongtrinh,
        kh1_0.ngaybatdau,
        kh1_0.ngayketthuc,
        kh1_0.tenkhoahoc,
        kh1_0.trangthai,
        dkkh1_0.ngaydangky,
        dkkh1_0.trangthai 
    from
        dang_ky_khoa_hoc dkkh1_0 
    join
        hoc_vien hv1_0 
            on hv1_0.mahv=dkkh1_0.mahv 
    join
        khoa_hoc kh1_0 
            on kh1_0.makh=dkkh1_0.makh 
    left join
        chuong_trinh_hoc cth1_0 
            on cth1_0.macth=kh1_0.macth 
    where
        dkkh1_0.madk=?
2026-07-22 10:48:45 [http-nio-8081-exec-1] TRACE org.hibernate.orm.jdbc.bind - binding parameter (1:INTEGER) <- [3]
2026-07-22 10:48:45 [http-nio-8081-exec-1] DEBUG org.hibernate.SQL - 
    select
        tt1_0.matt,
        tt1_0.madk,
        tt1_0.mahv,
        tt1_0.ngaythanhtoan,
        tt1_0.phuongthuc,
        tt1_0.sotien,
        tt1_0.trangthai 
    from
        thanh_toan tt1_0
2026-07-22 10:48:45 [http-nio-8081-exec-1] DEBUG org.hibernate.SQL - 
    select
        dkkh1_0.madk,
        dkkh1_0.mahv,
        hv1_0.mahv,
        hv1_0.cccd,
        hv1_0.diachi,
        hv1_0.email,
        hv1_0.gioitinh,
        hv1_0.hoten,
        hv1_0.ngaydangky,
        hv1_0.ngaysinh,
        hv1_0.sodienthoai,
        dkkh1_0.makh,
        kh1_0.makh,
        cth1_0.macth,
        cth1_0.hangbang,
        cth1_0.hocphi,
        cth1_0.sobuoilythuyet,
        cth1_0.sobuoithuchanh,
        cth1_0.tenchuongtrinh,
        kh1_0.ngaybatdau,
        kh1_0.ngayketthuc,
        kh1_0.tenkhoahoc,
        kh1_0.trangthai,
        dkkh1_0.ngaydangky,
        dkkh1_0.trangthai 
    from
        dang_ky_khoa_hoc dkkh1_0 
    join
        hoc_vien hv1_0 
            on hv1_0.mahv=dkkh1_0.mahv 
    join
        khoa_hoc kh1_0 
            on kh1_0.makh=dkkh1_0.makh 
    left join
        chuong_trinh_hoc cth1_0 
            on cth1_0.macth=kh1_0.macth 
    where
        dkkh1_0.madk=?
2026-07-22 10:48:45 [http-nio-8081-exec-1] TRACE org.hibernate.orm.jdbc.bind - binding parameter (1:INTEGER) <- [1]
2026-07-22 10:48:45 [http-nio-8081-exec-1] DEBUG org.hibernate.SQL - 
    select
        dkkh1_0.madk,
        dkkh1_0.mahv,
        hv1_0.mahv,
        hv1_0.cccd,
        hv1_0.diachi,
        hv1_0.email,
        hv1_0.gioitinh,
        hv1_0.hoten,
        hv1_0.ngaydangky,
        hv1_0.ngaysinh,
        hv1_0.sodienthoai,
        dkkh1_0.makh,
        kh1_0.makh,
        cth1_0.macth,
        cth1_0.hangbang,
        cth1_0.hocphi,
        cth1_0.sobuoilythuyet,
        cth1_0.sobuoithuchanh,
        cth1_0.tenchuongtrinh,
        kh1_0.ngaybatdau,
        kh1_0.ngayketthuc,
        kh1_0.tenkhoahoc,
        kh1_0.trangthai,
        dkkh1_0.ngaydangky,
        dkkh1_0.trangthai 
    from
        dang_ky_khoa_hoc dkkh1_0 
    join
        hoc_vien hv1_0 
            on hv1_0.mahv=dkkh1_0.mahv 
    join
        khoa_hoc kh1_0 
            on kh1_0.makh=dkkh1_0.makh 
    left join
        chuong_trinh_hoc cth1_0 
            on cth1_0.macth=kh1_0.macth 
    where
        dkkh1_0.madk=?
2026-07-22 10:48:45 [http-nio-8081-exec-1] TRACE org.hibernate.orm.jdbc.bind - binding parameter (1:INTEGER) <- [2]
2026-07-22 10:48:45 [http-nio-8081-exec-1] DEBUG org.hibernate.SQL - 
    select
        dkkh1_0.madk,
        dkkh1_0.mahv,
        hv1_0.mahv,
        hv1_0.cccd,
        hv1_0.diachi,
        hv1_0.email,
        hv1_0.gioitinh,
        hv1_0.hoten,
        hv1_0.ngaydangky,
        hv1_0.ngaysinh,
        hv1_0.sodienthoai,
        dkkh1_0.makh,
        kh1_0.makh,
        cth1_0.macth,
        cth1_0.hangbang,
        cth1_0.hocphi,
        cth1_0.sobuoilythuyet,
        cth1_0.sobuoithuchanh,
        cth1_0.tenchuongtrinh,
        kh1_0.ngaybatdau,
        kh1_0.ngayketthuc,
        kh1_0.tenkhoahoc,
        kh1_0.trangthai,
        dkkh1_0.ngaydangky,
        dkkh1_0.trangthai 
    from
        dang_ky_khoa_hoc dkkh1_0 
    join
        hoc_vien hv1_0 
            on hv1_0.mahv=dkkh1_0.mahv 
    join
        khoa_hoc kh1_0 
            on kh1_0.makh=dkkh1_0.makh 
    left join
        chuong_trinh_hoc cth1_0 
            on cth1_0.macth=kh1_0.macth 
    where
        dkkh1_0.madk=?
2026-07-22 10:48:45 [http-nio-8081-exec-1] TRACE org.hibernate.orm.jdbc.bind - binding parameter (1:INTEGER) <- [3]
2026-07-22 10:48:45 [http-nio-8081-exec-1] DEBUG org.hibernate.SQL - 
    select
        tt1_0.matt,
        tt1_0.madk,
        tt1_0.mahv,
        tt1_0.ngaythanhtoan,
        tt1_0.phuongthuc,
        tt1_0.sotien,
        tt1_0.trangthai 
    from
        thanh_toan tt1_0
2026-07-22 10:48:45 [http-nio-8081-exec-1] DEBUG org.hibernate.SQL - 
    select
        dkkh1_0.madk,
        dkkh1_0.mahv,
        hv1_0.mahv,
        hv1_0.cccd,
        hv1_0.diachi,
        hv1_0.email,
        hv1_0.gioitinh,
        hv1_0.hoten,
        hv1_0.ngaydangky,
        hv1_0.ngaysinh,
        hv1_0.sodienthoai,
        dkkh1_0.makh,
        kh1_0.makh,
        cth1_0.macth,
        cth1_0.hangbang,
        cth1_0.hocphi,
        cth1_0.sobuoilythuyet,
        cth1_0.sobuoithuchanh,
        cth1_0.tenchuongtrinh,
        kh1_0.ngaybatdau,
        kh1_0.ngayketthuc,
        kh1_0.tenkhoahoc,
        kh1_0.trangthai,
        dkkh1_0.ngaydangky,
        dkkh1_0.trangthai 
    from
        dang_ky_khoa_hoc dkkh1_0 
    join
        hoc_vien hv1_0 
            on hv1_0.mahv=dkkh1_0.mahv 
    join
        khoa_hoc kh1_0 
            on kh1_0.makh=dkkh1_0.makh 
    left join
        chuong_trinh_hoc cth1_0 
            on cth1_0.macth=kh1_0.macth 
    where
        dkkh1_0.madk=?
2026-07-22 10:48:45 [http-nio-8081-exec-1] TRACE org.hibernate.orm.jdbc.bind - binding parameter (1:INTEGER) <- [1]
2026-07-22 10:48:45 [http-nio-8081-exec-1] DEBUG org.hibernate.SQL - 
    select
        dkkh1_0.madk,
        dkkh1_0.mahv,
        hv1_0.mahv,
        hv1_0.cccd,
        hv1_0.diachi,
        hv1_0.email,
        hv1_0.gioitinh,
        hv1_0.hoten,
        hv1_0.ngaydangky,
        hv1_0.ngaysinh,
        hv1_0.sodienthoai,
        dkkh1_0.makh,
        kh1_0.makh,
        cth1_0.macth,
        cth1_0.hangbang,
        cth1_0.hocphi,
        cth1_0.sobuoilythuyet,
        cth1_0.sobuoithuchanh,
        cth1_0.tenchuongtrinh,
        kh1_0.ngaybatdau,
        kh1_0.ngayketthuc,
        kh1_0.tenkhoahoc,
        kh1_0.trangthai,
        dkkh1_0.ngaydangky,
        dkkh1_0.trangthai 
    from
        dang_ky_khoa_hoc dkkh1_0 
    join
        hoc_vien hv1_0 
            on hv1_0.mahv=dkkh1_0.mahv 
    join
        khoa_hoc kh1_0 
            on kh1_0.makh=dkkh1_0.makh 
    left join
        chuong_trinh_hoc cth1_0 
            on cth1_0.macth=kh1_0.macth 
    where
        dkkh1_0.madk=?
2026-07-22 10:48:45 [http-nio-8081-exec-1] TRACE org.hibernate.orm.jdbc.bind - binding parameter (1:INTEGER) <- [2]
2026-07-22 10:48:45 [http-nio-8081-exec-1] DEBUG org.hibernate.SQL - 
    select
        dkkh1_0.madk,
        dkkh1_0.mahv,
        hv1_0.mahv,
        hv1_0.cccd,
        hv1_0.diachi,
        hv1_0.email,
        hv1_0.gioitinh,
        hv1_0.hoten,
        hv1_0.ngaydangky,
        hv1_0.ngaysinh,
        hv1_0.sodienthoai,
        dkkh1_0.makh,
        kh1_0.makh,
        cth1_0.macth,
        cth1_0.hangbang,
        cth1_0.hocphi,
        cth1_0.sobuoilythuyet,
        cth1_0.sobuoithuchanh,
        cth1_0.tenchuongtrinh,
        kh1_0.ngaybatdau,
        kh1_0.ngayketthuc,
        kh1_0.tenkhoahoc,
        kh1_0.trangthai,
        dkkh1_0.ngaydangky,
        dkkh1_0.trangthai 
    from
        dang_ky_khoa_hoc dkkh1_0 
    join
        hoc_vien hv1_0 
            on hv1_0.mahv=dkkh1_0.mahv 
    join
        khoa_hoc kh1_0 
            on kh1_0.makh=dkkh1_0.makh 
    left join
        chuong_trinh_hoc cth1_0 
            on cth1_0.macth=kh1_0.macth 
    where
        dkkh1_0.madk=?
2026-07-22 10:48:45 [http-nio-8081-exec-1] TRACE org.hibernate.orm.jdbc.bind - binding parameter (1:INTEGER) <- [3]
2026-07-22 10:48:45 [http-nio-8081-exec-1] DEBUG org.hibernate.SQL - 
    select
        tt1_0.matt,
        tt1_0.madk,
        tt1_0.mahv,
        tt1_0.ngaythanhtoan,
        tt1_0.phuongthuc,
        tt1_0.sotien,
        tt1_0.trangthai 
    from
        thanh_toan tt1_0
2026-07-22 10:48:45 [http-nio-8081-exec-1] DEBUG org.hibernate.SQL - 
    select
        dkkh1_0.madk,
        dkkh1_0.mahv,
        hv1_0.mahv,
        hv1_0.cccd,
        hv1_0.diachi,
        hv1_0.email,
        hv1_0.gioitinh,
        hv1_0.hoten,
        hv1_0.ngaydangky,
        hv1_0.ngaysinh,
        hv1_0.sodienthoai,
        dkkh1_0.makh,
        kh1_0.makh,
        cth1_0.macth,
        cth1_0.hangbang,
        cth1_0.hocphi,
        cth1_0.sobuoilythuyet,
        cth1_0.sobuoithuchanh,
        cth1_0.tenchuongtrinh,
        kh1_0.ngaybatdau,
        kh1_0.ngayketthuc,
        kh1_0.tenkhoahoc,
        kh1_0.trangthai,
        dkkh1_0.ngaydangky,
        dkkh1_0.trangthai 
    from
        dang_ky_khoa_hoc dkkh1_0 
    join
        hoc_vien hv1_0 
            on hv1_0.mahv=dkkh1_0.mahv 
    join
        khoa_hoc kh1_0 
            on kh1_0.makh=dkkh1_0.makh 
    left join
        chuong_trinh_hoc cth1_0 
            on cth1_0.macth=kh1_0.macth 
    where
        dkkh1_0.madk=?
2026-07-22 10:48:45 [http-nio-8081-exec-1] TRACE org.hibernate.orm.jdbc.bind - binding parameter (1:INTEGER) <- [1]
2026-07-22 10:48:45 [http-nio-8081-exec-1] DEBUG org.hibernate.SQL - 
    select
        dkkh1_0.madk,
        dkkh1_0.mahv,
        hv1_0.mahv,
        hv1_0.cccd,
        hv1_0.diachi,
        hv1_0.email,
        hv1_0.gioitinh,
        hv1_0.hoten,
        hv1_0.ngaydangky,
        hv1_0.ngaysinh,
        hv1_0.sodienthoai,
        dkkh1_0.makh,
        kh1_0.makh,
        cth1_0.macth,
        cth1_0.hangbang,
        cth1_0.hocphi,
        cth1_0.sobuoilythuyet,
        cth1_0.sobuoithuchanh,
        cth1_0.tenchuongtrinh,
        kh1_0.ngaybatdau,
        kh1_0.ngayketthuc,
        kh1_0.tenkhoahoc,
        kh1_0.trangthai,
        dkkh1_0.ngaydangky,
        dkkh1_0.trangthai 
    from
        dang_ky_khoa_hoc dkkh1_0 
    join
        hoc_vien hv1_0 
            on hv1_0.mahv=dkkh1_0.mahv 
    join
        khoa_hoc kh1_0 
            on kh1_0.makh=dkkh1_0.makh 
    left join
        chuong_trinh_hoc cth1_0 
            on cth1_0.macth=kh1_0.macth 
    where
        dkkh1_0.madk=?
2026-07-22 10:48:45 [http-nio-8081-exec-1] TRACE org.hibernate.orm.jdbc.bind - binding parameter (1:INTEGER) <- [2]
2026-07-22 10:48:45 [http-nio-8081-exec-1] DEBUG org.hibernate.SQL - 
    select
        dkkh1_0.madk,
        dkkh1_0.mahv,
        hv1_0.mahv,
        hv1_0.cccd,
        hv1_0.diachi,
        hv1_0.email,
        hv1_0.gioitinh,
        hv1_0.hoten,
        hv1_0.ngaydangky,
        hv1_0.ngaysinh,
        hv1_0.sodienthoai,
        dkkh1_0.makh,
        kh1_0.makh,
        cth1_0.macth,
        cth1_0.hangbang,
        cth1_0.hocphi,
        cth1_0.sobuoilythuyet,
        cth1_0.sobuoithuchanh,
        cth1_0.tenchuongtrinh,
        kh1_0.ngaybatdau,
        kh1_0.ngayketthuc,
        kh1_0.tenkhoahoc,
        kh1_0.trangthai,
        dkkh1_0.ngaydangky,
        dkkh1_0.trangthai 
    from
        dang_ky_khoa_hoc dkkh1_0 
    join
        hoc_vien hv1_0 
            on hv1_0.mahv=dkkh1_0.mahv 
    join
        khoa_hoc kh1_0 
            on kh1_0.makh=dkkh1_0.makh 
    left join
        chuong_trinh_hoc cth1_0 
            on cth1_0.macth=kh1_0.macth 
    where
        dkkh1_0.madk=?
2026-07-22 10:48:45 [http-nio-8081-exec-1] TRACE org.hibernate.orm.jdbc.bind - binding parameter (1:INTEGER) <- [3]
2026-07-22 10:48:45 [http-nio-8081-exec-1] DEBUG org.hibernate.SQL - 
    select
        gv1_0.magv,
        gv1_0.cccd,
        gv1_0.diachi,
        gv1_0.email,
        gv1_0.gioitinh,
        gv1_0.hangday,
        gv1_0.hoten,
        gv1_0.ngaysinh,
        gv1_0.sodienthoai 
    from
        giao_vien gv1_0
2026-07-22 10:48:45 [http-nio-8081-exec-1] DEBUG org.hibernate.SQL - 
    select
        count_big(lh1_0.malop) 
    from
        lop_hoc lh1_0 
    where
        lh1_0.magv=?
2026-07-22 10:48:45 [http-nio-8081-exec-1] TRACE org.hibernate.orm.jdbc.bind - binding parameter (1:INTEGER) <- [1]
2026-07-22 10:48:46 [http-nio-8081-exec-1] DEBUG org.hibernate.SQL - 
    select
        count_big(lh1_0.malop) 
    from
        lop_hoc lh1_0 
    where
        lh1_0.magv=?
2026-07-22 10:48:46 [http-nio-8081-exec-1] TRACE org.hibernate.orm.jdbc.bind - binding parameter (1:INTEGER) <- [2]
2026-07-22 10:48:46 [http-nio-8081-exec-1] DEBUG org.hibernate.SQL - 
    select
        kh1_0.makh,
        kh1_0.macth,
        kh1_0.ngaybatdau,
        kh1_0.ngayketthuc,
        kh1_0.tenkhoahoc,
        kh1_0.trangthai 
    from
        khoa_hoc kh1_0
2026-07-22 10:48:46 [http-nio-8081-exec-1] DEBUG org.hibernate.SQL - 
    select
        cth1_0.macth,
        cth1_0.hangbang,
        cth1_0.hocphi,
        cth1_0.sobuoilythuyet,
        cth1_0.sobuoithuchanh,
        cth1_0.tenchuongtrinh 
    from
        chuong_trinh_hoc cth1_0 
    where
        cth1_0.macth=?
2026-07-22 10:48:46 [http-nio-8081-exec-1] TRACE org.hibernate.orm.jdbc.bind - binding parameter (1:INTEGER) <- [2]
2026-07-22 10:48:46 [http-nio-8081-exec-2] DEBUG org.hibernate.SQL - 
    select
        xtl1_0.maxetl,
        xtl1_0.ghichu,
        xtl1_0.handangkiem,
        xtl1_0.hangbang,
        xtl1_0.ngay_cap_nhat,
        xtl1_0.ngaydangkiem,
        xtl1_0.ngay_tao,
        xtl1_0.maxe 
    from
        xe_tap_lai xtl1_0
2026-07-22 10:48:46 [http-nio-8081-exec-2] DEBUG org.hibernate.SQL - 
    select
        x1_0.maxe,
        x1_0.bienso,
        x1_0.hangxe,
        x1_0.loaixe,
        x1_0.namsanxuat,
        x1_0.trangthai 
    from
        xe x1_0 
    where
        x1_0.maxe=?
2026-07-22 10:48:46 [http-nio-8081-exec-2] TRACE org.hibernate.orm.jdbc.bind - binding parameter (1:INTEGER) <- [1]
2026-07-22 10:48:46 [http-nio-8081-exec-4] DEBUG org.hibernate.SQL - 
    select
        tk1_0.id,
        tk1_0.anh,
        tk1_0.cccd,
        tk1_0.email,
        tk1_0.ho_ten,
        tk1_0.khoa_den,
        tk1_0.lan_dang_nhap_cuoi,
        tk1_0.mat_khau,
        tk1_0.ngay_cap_nhat,
        tk1_0.ngay_tao,
        tk1_0.nguoi_tao_id,
        tk1_0.so_dien_thoai,
        tk1_0.so_lan_dang_nhap_sai,
        tk1_0.ten_dang_nhap,
        tk1_0.trang_thai,
        tk1_0.vai_tro_id 
    from
        tai_khoan tk1_0
2026-07-22 10:48:46 [http-nio-8081-exec-4] DEBUG org.hibernate.SQL - 
    select
        vt1_0.id,
        vt1_0.ma_vai_tro,
        vt1_0.mo_ta,
        vt1_0.ngay_cap_nhat,
        vt1_0.ngay_tao,
        vt1_0.ten_vai_tro,
        vt1_0.trang_thai 
    from
        vai_tro vt1_0 
    where
        vt1_0.id=?
2026-07-22 10:48:46 [http-nio-8081-exec-4] TRACE org.hibernate.orm.jdbc.bind - binding parameter (1:INTEGER) <- [4]
2026-07-22 10:48:46 [http-nio-8081-exec-4] DEBUG org.hibernate.SQL - 
    select
        vt1_0.id,
        vt1_0.ma_vai_tro,
        vt1_0.mo_ta,
        vt1_0.ngay_cap_nhat,
        vt1_0.ngay_tao,
        vt1_0.ten_vai_tro,
        vt1_0.trang_thai 
    from
        vai_tro vt1_0 
    where
        vt1_0.id=?
2026-07-22 10:48:46 [http-nio-8081-exec-4] TRACE org.hibernate.orm.jdbc.bind - binding parameter (1:INTEGER) <- [3]
2026-07-22 10:48:46 [http-nio-8081-exec-4] DEBUG org.hibernate.SQL - 
    select
        vt1_0.id,
        vt1_0.ma_vai_tro,
        vt1_0.mo_ta,
        vt1_0.ngay_cap_nhat,
        vt1_0.ngay_tao,
        vt1_0.ten_vai_tro,
        vt1_0.trang_thai 
    from
        vai_tro vt1_0 
    where
        vt1_0.id=?
2026-07-22 10:48:46 [http-nio-8081-exec-4] TRACE org.hibernate.orm.jdbc.bind - binding parameter (1:INTEGER) <- [2]
2026-07-22 10:48:46 [http-nio-8081-exec-4] DEBUG org.hibernate.SQL - 
    select
        vt1_0.id,
        vt1_0.ma_vai_tro,
        vt1_0.mo_ta,
        vt1_0.ngay_cap_nhat,
        vt1_0.ngay_tao,
        vt1_0.ten_vai_tro,
        vt1_0.trang_thai 
    from
        vai_tro vt1_0 
    where
        vt1_0.id=?
2026-07-22 10:48:46 [http-nio-8081-exec-4] TRACE org.hibernate.orm.jdbc.bind - binding parameter (1:INTEGER) <- [1]
2026-07-22 10:52:10 [http-nio-8081-exec-5] DEBUG org.hibernate.SQL - 
    select
        tk1_0.id,
        tk1_0.anh,
        tk1_0.cccd,
        tk1_0.email,
        tk1_0.ho_ten,
        tk1_0.khoa_den,
        tk1_0.lan_dang_nhap_cuoi,
        tk1_0.mat_khau,
        tk1_0.ngay_cap_nhat,
        tk1_0.ngay_tao,
        tk1_0.nguoi_tao_id,
        tk1_0.so_dien_thoai,
        tk1_0.so_lan_dang_nhap_sai,
        tk1_0.ten_dang_nhap,
        tk1_0.trang_thai,
        tk1_0.vai_tro_id 
    from
        tai_khoan tk1_0
2026-07-22 10:52:10 [http-nio-8081-exec-5] DEBUG org.hibernate.SQL - 
    select
        vt1_0.id,
        vt1_0.ma_vai_tro,
        vt1_0.mo_ta,
        vt1_0.ngay_cap_nhat,
        vt1_0.ngay_tao,
        vt1_0.ten_vai_tro,
        vt1_0.trang_thai 
    from
        vai_tro vt1_0 
    where
        vt1_0.id=?
2026-07-22 10:52:10 [http-nio-8081-exec-5] TRACE org.hibernate.orm.jdbc.bind - binding parameter (1:INTEGER) <- [4]
2026-07-22 10:52:10 [http-nio-8081-exec-5] DEBUG org.hibernate.SQL - 
    select
        vt1_0.id,
        vt1_0.ma_vai_tro,
        vt1_0.mo_ta,
        vt1_0.ngay_cap_nhat,
        vt1_0.ngay_tao,
        vt1_0.ten_vai_tro,
        vt1_0.trang_thai 
    from
        vai_tro vt1_0 
    where
        vt1_0.id=?
2026-07-22 10:52:10 [http-nio-8081-exec-5] TRACE org.hibernate.orm.jdbc.bind - binding parameter (1:INTEGER) <- [3]
2026-07-22 10:52:10 [http-nio-8081-exec-5] DEBUG org.hibernate.SQL - 
    select
        vt1_0.id,
        vt1_0.ma_vai_tro,
        vt1_0.mo_ta,
        vt1_0.ngay_cap_nhat,
        vt1_0.ngay_tao,
        vt1_0.ten_vai_tro,
        vt1_0.trang_thai 
    from
        vai_tro vt1_0 
    where
        vt1_0.id=?
2026-07-22 10:52:10 [http-nio-8081-exec-5] TRACE org.hibernate.orm.jdbc.bind - binding parameter (1:INTEGER) <- [2]
2026-07-22 10:52:10 [http-nio-8081-exec-5] DEBUG org.hibernate.SQL - 
    select
        vt1_0.id,
        vt1_0.ma_vai_tro,
        vt1_0.mo_ta,
        vt1_0.ngay_cap_nhat,
        vt1_0.ngay_tao,
        vt1_0.ten_vai_tro,
        vt1_0.trang_thai 
    from
        vai_tro vt1_0 
    where
        vt1_0.id=?
2026-07-22 10:52:10 [http-nio-8081-exec-5] TRACE org.hibernate.orm.jdbc.bind - binding parameter (1:INTEGER) <- [1]
2026-07-22 10:53:40 [http-nio-8081-exec-10] DEBUG org.hibernate.SQL - 
    select
        hv1_0.mahv,
        hv1_0.cccd,
        hv1_0.diachi,
        hv1_0.email,
        hv1_0.gioitinh,
        hv1_0.hoten,
        hv1_0.ngaydangky,
        hv1_0.ngaysinh,
        hv1_0.sodienthoai 
    from
        hoc_vien hv1_0
2026-07-22 10:53:52 [http-nio-8081-exec-7] DEBUG org.hibernate.SQL - 
    select
        hv1_0.mahv,
        hv1_0.cccd,
        hv1_0.diachi,
        hv1_0.email,
        hv1_0.gioitinh,
        hv1_0.hoten,
        hv1_0.ngaydangky,
        hv1_0.ngaysinh,
        hv1_0.sodienthoai 
    from
        hoc_vien hv1_0
2026-07-22 10:53:52 [http-nio-8081-exec-9] DEBUG org.hibernate.SQL - 
    select
        hshv1_0.id,
        hshv1_0.anh_canh_caan,
        hshv1_0.file_ho_so,
        hshv1_0.ghichu,
        hshv1_0.mahv,
        hshv1_0.ngaydangky,
        hshv1_0.trang_thai_duyet 
    from
        ho_so_hoc_vien hshv1_0
2026-07-22 10:53:52 [http-nio-8081-exec-9] DEBUG org.hibernate.SQL - 
    select
        hv1_0.mahv,
        hv1_0.cccd,
        hv1_0.diachi,
        hv1_0.email,
        hv1_0.gioitinh,
        hv1_0.hoten,
        hv1_0.ngaydangky,
        hv1_0.ngaysinh,
        hv1_0.sodienthoai 
    from
        hoc_vien hv1_0 
    where
        hv1_0.mahv=?
2026-07-22 10:53:52 [http-nio-8081-exec-9] TRACE org.hibernate.orm.jdbc.bind - binding parameter (1:INTEGER) <- [1]
2026-07-22 10:53:52 [http-nio-8081-exec-9] DEBUG org.hibernate.SQL - 
    select
        hv1_0.mahv,
        hv1_0.cccd,
        hv1_0.diachi,
        hv1_0.email,
        hv1_0.gioitinh,
        hv1_0.hoten,
        hv1_0.ngaydangky,
        hv1_0.ngaysinh,
        hv1_0.sodienthoai 
    from
        hoc_vien hv1_0 
    where
        hv1_0.mahv=?
2026-07-22 10:53:52 [http-nio-8081-exec-9] TRACE org.hibernate.orm.jdbc.bind - binding parameter (1:INTEGER) <- [2]
2026-07-22 10:53:52 [http-nio-8081-exec-9] DEBUG org.hibernate.SQL - 
    select
        hv1_0.mahv,
        hv1_0.cccd,
        hv1_0.diachi,
        hv1_0.email,
        hv1_0.gioitinh,
        hv1_0.hoten,
        hv1_0.ngaydangky,
        hv1_0.ngaysinh,
        hv1_0.sodienthoai 
    from
        hoc_vien hv1_0 
    where
        hv1_0.mahv=?
2026-07-22 10:53:52 [http-nio-8081-exec-9] TRACE org.hibernate.orm.jdbc.bind - binding parameter (1:INTEGER) <- [3]
2026-07-22 10:53:53 [http-nio-8081-exec-8] DEBUG org.hibernate.SQL - 
    select
        gv1_0.magv,
        gv1_0.cccd,
        gv1_0.diachi,
        gv1_0.email,
        gv1_0.gioitinh,
        gv1_0.hangday,
        gv1_0.hoten,
        gv1_0.ngaysinh,
        gv1_0.sodienthoai 
    from
        giao_vien gv1_0
2026-07-22 10:53:55 [http-nio-8081-exec-1] DEBUG org.hibernate.SQL - 
    select
        cth1_0.macth,
        cth1_0.hangbang,
        cth1_0.hocphi,
        cth1_0.sobuoilythuyet,
        cth1_0.sobuoithuchanh,
        cth1_0.tenchuongtrinh 
    from
        chuong_trinh_hoc cth1_0
2026-07-22 10:56:40 [http-nio-8081-exec-4] DEBUG org.hibernate.SQL - 
    select
        cth1_0.macth,
        cth1_0.hangbang,
        cth1_0.hocphi,
        cth1_0.sobuoilythuyet,
        cth1_0.sobuoithuchanh,
        cth1_0.tenchuongtrinh 
    from
        chuong_trinh_hoc cth1_0
2026-07-22 10:57:13 [http-nio-8081-exec-3] DEBUG org.hibernate.SQL - 
    select
        cth1_0.macth,
        cth1_0.hangbang,
        cth1_0.hocphi,
        cth1_0.sobuoilythuyet,
        cth1_0.sobuoithuchanh,
        cth1_0.tenchuongtrinh 
    from
        chuong_trinh_hoc cth1_0
2026-07-22 10:59:04 [http-nio-8081-exec-6] DEBUG org.hibernate.SQL - 
    select
        cth1_0.macth,
        cth1_0.hangbang,
        cth1_0.hocphi,
        cth1_0.sobuoilythuyet,
        cth1_0.sobuoithuchanh,
        cth1_0.tenchuongtrinh 
    from
        chuong_trinh_hoc cth1_0
2026-07-22 11:01:06 [http-nio-8081-exec-9] DEBUG org.hibernate.SQL - 
    select
        cth1_0.macth,
        cth1_0.hangbang,
        cth1_0.hocphi,
        cth1_0.sobuoilythuyet,
        cth1_0.sobuoithuchanh,
        cth1_0.tenchuongtrinh 
    from
        chuong_trinh_hoc cth1_0
2026-07-22 11:01:06 [http-nio-8081-exec-7] DEBUG org.hibernate.SQL - 
    select
        kh1_0.makh,
        kh1_0.macth,
        kh1_0.ngaybatdau,
        kh1_0.ngayketthuc,
        kh1_0.tenkhoahoc,
        kh1_0.trangthai 
    from
        khoa_hoc kh1_0
2026-07-22 11:01:06 [http-nio-8081-exec-7] DEBUG org.hibernate.SQL - 
    select
        cth1_0.macth,
        cth1_0.hangbang,
        cth1_0.hocphi,
        cth1_0.sobuoilythuyet,
        cth1_0.sobuoithuchanh,
        cth1_0.tenchuongtrinh 
    from
        chuong_trinh_hoc cth1_0 
    where
        cth1_0.macth=?
2026-07-22 11:01:06 [http-nio-8081-exec-7] TRACE org.hibernate.orm.jdbc.bind - binding parameter (1:INTEGER) <- [2]
2026-07-22 11:01:06 [http-nio-8081-exec-7] DEBUG org.hibernate.SQL - 
    select
        count_big(dkkh1_0.madk) 
    from
        dang_ky_khoa_hoc dkkh1_0 
    where
        dkkh1_0.makh=?
2026-07-22 11:01:06 [http-nio-8081-exec-7] TRACE org.hibernate.orm.jdbc.bind - binding parameter (1:INTEGER) <- [1]
2026-07-22 11:01:07 [http-nio-8081-exec-7] DEBUG org.hibernate.SQL - 
    select
        count_big(dkkh1_0.madk) 
    from
        dang_ky_khoa_hoc dkkh1_0 
    where
        dkkh1_0.makh=?
2026-07-22 11:01:07 [http-nio-8081-exec-7] TRACE org.hibernate.orm.jdbc.bind - binding parameter (1:INTEGER) <- [2]
2026-07-22 11:01:10 [http-nio-8081-exec-8] DEBUG org.hibernate.SQL - 
    select
        hv1_0.mahv,
        hv1_0.cccd,
        hv1_0.diachi,
        hv1_0.email,
        hv1_0.gioitinh,
        hv1_0.hoten,
        hv1_0.ngaydangky,
        hv1_0.ngaysinh,
        hv1_0.sodienthoai 
    from
        hoc_vien hv1_0
2026-07-22 11:01:10 [http-nio-8081-exec-1] DEBUG org.hibernate.SQL - 
    select
        kh1_0.makh,
        kh1_0.macth,
        kh1_0.ngaybatdau,
        kh1_0.ngayketthuc,
        kh1_0.tenkhoahoc,
        kh1_0.trangthai 
    from
        khoa_hoc kh1_0
2026-07-22 11:01:10 [http-nio-8081-exec-1] DEBUG org.hibernate.SQL - 
    select
        cth1_0.macth,
        cth1_0.hangbang,
        cth1_0.hocphi,
        cth1_0.sobuoilythuyet,
        cth1_0.sobuoithuchanh,
        cth1_0.tenchuongtrinh 
    from
        chuong_trinh_hoc cth1_0 
    where
        cth1_0.macth=?
2026-07-22 11:01:10 [http-nio-8081-exec-1] TRACE org.hibernate.orm.jdbc.bind - binding parameter (1:INTEGER) <- [2]
2026-07-22 11:01:10 [http-nio-8081-exec-1] DEBUG org.hibernate.SQL - 
    select
        count_big(dkkh1_0.madk) 
    from
        dang_ky_khoa_hoc dkkh1_0 
    where
        dkkh1_0.makh=?
2026-07-22 11:01:10 [http-nio-8081-exec-1] TRACE org.hibernate.orm.jdbc.bind - binding parameter (1:INTEGER) <- [1]
2026-07-22 11:01:10 [http-nio-8081-exec-1] DEBUG org.hibernate.SQL - 
    select
        count_big(dkkh1_0.madk) 
    from
        dang_ky_khoa_hoc dkkh1_0 
    where
        dkkh1_0.makh=?
2026-07-22 11:01:10 [http-nio-8081-exec-1] TRACE org.hibernate.orm.jdbc.bind - binding parameter (1:INTEGER) <- [2]
2026-07-22 11:01:10 [http-nio-8081-exec-2] DEBUG org.hibernate.SQL - 
    select
        dkkh1_0.madk,
        dkkh1_0.mahv,
        dkkh1_0.makh,
        dkkh1_0.ngaydangky,
        dkkh1_0.trangthai 
    from
        dang_ky_khoa_hoc dkkh1_0
2026-07-22 11:01:10 [http-nio-8081-exec-2] DEBUG org.hibernate.SQL - 
    select
        hv1_0.mahv,
        hv1_0.cccd,
        hv1_0.diachi,
        hv1_0.email,
        hv1_0.gioitinh,
        hv1_0.hoten,
        hv1_0.ngaydangky,
        hv1_0.ngaysinh,
        hv1_0.sodienthoai 
    from
        hoc_vien hv1_0 
    where
        hv1_0.mahv=?
2026-07-22 11:01:10 [http-nio-8081-exec-2] TRACE org.hibernate.orm.jdbc.bind - binding parameter (1:INTEGER) <- [1]
2026-07-22 11:01:10 [http-nio-8081-exec-2] DEBUG org.hibernate.SQL - 
    select
        kh1_0.makh,
        cth1_0.macth,
        cth1_0.hangbang,
        cth1_0.hocphi,
        cth1_0.sobuoilythuyet,
        cth1_0.sobuoithuchanh,
        cth1_0.tenchuongtrinh,
        kh1_0.ngaybatdau,
        kh1_0.ngayketthuc,
        kh1_0.tenkhoahoc,
        kh1_0.trangthai 
    from
        khoa_hoc kh1_0 
    left join
        chuong_trinh_hoc cth1_0 
            on cth1_0.macth=kh1_0.macth 
    where
        kh1_0.makh=?
2026-07-22 11:01:10 [http-nio-8081-exec-2] TRACE org.hibernate.orm.jdbc.bind - binding parameter (1:INTEGER) <- [1]
2026-07-22 11:01:10 [http-nio-8081-exec-2] DEBUG org.hibernate.SQL - 
    select
        hv1_0.mahv,
        hv1_0.cccd,
        hv1_0.diachi,
        hv1_0.email,
        hv1_0.gioitinh,
        hv1_0.hoten,
        hv1_0.ngaydangky,
        hv1_0.ngaysinh,
        hv1_0.sodienthoai 
    from
        hoc_vien hv1_0 
    where
        hv1_0.mahv=?
2026-07-22 11:01:10 [http-nio-8081-exec-2] TRACE org.hibernate.orm.jdbc.bind - binding parameter (1:INTEGER) <- [2]
2026-07-22 11:01:10 [http-nio-8081-exec-2] DEBUG org.hibernate.SQL - 
    select
        hv1_0.mahv,
        hv1_0.cccd,
        hv1_0.diachi,
        hv1_0.email,
        hv1_0.gioitinh,
        hv1_0.hoten,
        hv1_0.ngaydangky,
        hv1_0.ngaysinh,
        hv1_0.sodienthoai 
    from
        hoc_vien hv1_0 
    where
        hv1_0.mahv=?
2026-07-22 11:01:10 [http-nio-8081-exec-2] TRACE org.hibernate.orm.jdbc.bind - binding parameter (1:INTEGER) <- [3]
2026-07-22 11:01:10 [http-nio-8081-exec-2] DEBUG org.hibernate.SQL - 
    select
        kh1_0.makh,
        cth1_0.macth,
        cth1_0.hangbang,
        cth1_0.hocphi,
        cth1_0.sobuoilythuyet,
        cth1_0.sobuoithuchanh,
        cth1_0.tenchuongtrinh,
        kh1_0.ngaybatdau,
        kh1_0.ngayketthuc,
        kh1_0.tenkhoahoc,
        kh1_0.trangthai 
    from
        khoa_hoc kh1_0 
    left join
        chuong_trinh_hoc cth1_0 
            on cth1_0.macth=kh1_0.macth 
    where
        kh1_0.makh=?
2026-07-22 11:01:10 [http-nio-8081-exec-2] TRACE org.hibernate.orm.jdbc.bind - binding parameter (1:INTEGER) <- [2]
2026-07-22 11:01:14 [http-nio-8081-exec-4] DEBUG org.hibernate.SQL - 
    select
        kh1_0.makh,
        kh1_0.macth,
        kh1_0.ngaybatdau,
        kh1_0.ngayketthuc,
        kh1_0.tenkhoahoc,
        kh1_0.trangthai 
    from
        khoa_hoc kh1_0
2026-07-22 11:01:14 [http-nio-8081-exec-4] DEBUG org.hibernate.SQL - 
    select
        cth1_0.macth,
        cth1_0.hangbang,
        cth1_0.hocphi,
        cth1_0.sobuoilythuyet,
        cth1_0.sobuoithuchanh,
        cth1_0.tenchuongtrinh 
    from
        chuong_trinh_hoc cth1_0 
    where
        cth1_0.macth=?
2026-07-22 11:01:14 [http-nio-8081-exec-4] TRACE org.hibernate.orm.jdbc.bind - binding parameter (1:INTEGER) <- [2]
2026-07-22 11:01:14 [http-nio-8081-exec-4] DEBUG org.hibernate.SQL - 
    select
        count_big(dkkh1_0.madk) 
    from
        dang_ky_khoa_hoc dkkh1_0 
    where
        dkkh1_0.makh=?
2026-07-22 11:01:14 [http-nio-8081-exec-4] TRACE org.hibernate.orm.jdbc.bind - binding parameter (1:INTEGER) <- [1]
2026-07-22 11:01:14 [http-nio-8081-exec-4] DEBUG org.hibernate.SQL - 
    select
        count_big(dkkh1_0.madk) 
    from
        dang_ky_khoa_hoc dkkh1_0 
    where
        dkkh1_0.makh=?
2026-07-22 11:01:14 [http-nio-8081-exec-4] TRACE org.hibernate.orm.jdbc.bind - binding parameter (1:INTEGER) <- [2]
2026-07-22 11:01:14 [http-nio-8081-exec-3] DEBUG org.hibernate.SQL - 
    select
        gv1_0.magv,
        gv1_0.cccd,
        gv1_0.diachi,
        gv1_0.email,
        gv1_0.gioitinh,
        gv1_0.hangday,
        gv1_0.hoten,
        gv1_0.ngaysinh,
        gv1_0.sodienthoai 
    from
        giao_vien gv1_0
2026-07-22 11:01:14 [http-nio-8081-exec-5] DEBUG org.hibernate.SQL - 
    select
        lh1_0.malop,
        lh1_0.magv,
        lh1_0.makh,
        lh1_0.soluong,
        lh1_0.tenlop,
        lh1_0.trangthai 
    from
        lop_hoc lh1_0
2026-07-22 11:01:14 [http-nio-8081-exec-5] DEBUG org.hibernate.SQL - 
    select
        gv1_0.magv,
        gv1_0.cccd,
        gv1_0.diachi,
        gv1_0.email,
        gv1_0.gioitinh,
        gv1_0.hangday,
        gv1_0.hoten,
        gv1_0.ngaysinh,
        gv1_0.sodienthoai 
    from
        giao_vien gv1_0 
    where
        gv1_0.magv=?
2026-07-22 11:01:14 [http-nio-8081-exec-5] TRACE org.hibernate.orm.jdbc.bind - binding parameter (1:INTEGER) <- [1]
2026-07-22 11:01:14 [http-nio-8081-exec-5] DEBUG org.hibernate.SQL - 
    select
        kh1_0.makh,
        cth1_0.macth,
        cth1_0.hangbang,
        cth1_0.hocphi,
        cth1_0.sobuoilythuyet,
        cth1_0.sobuoithuchanh,
        cth1_0.tenchuongtrinh,
        kh1_0.ngaybatdau,
        kh1_0.ngayketthuc,
        kh1_0.tenkhoahoc,
        kh1_0.trangthai 
    from
        khoa_hoc kh1_0 
    left join
        chuong_trinh_hoc cth1_0 
            on cth1_0.macth=kh1_0.macth 
    where
        kh1_0.makh=?
2026-07-22 11:01:14 [http-nio-8081-exec-5] TRACE org.hibernate.orm.jdbc.bind - binding parameter (1:INTEGER) <- [1]
2026-07-22 11:01:14 [http-nio-8081-exec-5] DEBUG org.hibernate.SQL - 
    select
        kh1_0.makh,
        cth1_0.macth,
        cth1_0.hangbang,
        cth1_0.hocphi,
        cth1_0.sobuoilythuyet,
        cth1_0.sobuoithuchanh,
        cth1_0.tenchuongtrinh,
        kh1_0.ngaybatdau,
        kh1_0.ngayketthuc,
        kh1_0.tenkhoahoc,
        kh1_0.trangthai 
    from
        khoa_hoc kh1_0 
    left join
        chuong_trinh_hoc cth1_0 
            on cth1_0.macth=kh1_0.macth 
    where
        kh1_0.makh=?
2026-07-22 11:01:14 [http-nio-8081-exec-5] TRACE org.hibernate.orm.jdbc.bind - binding parameter (1:INTEGER) <- [2]
2026-07-22 11:04:35 [http-nio-8081-exec-9] DEBUG org.hibernate.SQL - 
    select
        kh1_0.makh,
        kh1_0.macth,
        kh1_0.ngaybatdau,
        kh1_0.ngayketthuc,
        kh1_0.tenkhoahoc,
        kh1_0.trangthai 
    from
        khoa_hoc kh1_0
2026-07-22 11:04:35 [http-nio-8081-exec-7] DEBUG org.hibernate.SQL - 
    select
        gv1_0.magv,
        gv1_0.cccd,
        gv1_0.diachi,
        gv1_0.email,
        gv1_0.gioitinh,
        gv1_0.hangday,
        gv1_0.hoten,
        gv1_0.ngaysinh,
        gv1_0.sodienthoai 
    from
        giao_vien gv1_0
2026-07-22 11:04:35 [http-nio-8081-exec-9] DEBUG org.hibernate.SQL - 
    select
        cth1_0.macth,
        cth1_0.hangbang,
        cth1_0.hocphi,
        cth1_0.sobuoilythuyet,
        cth1_0.sobuoithuchanh,
        cth1_0.tenchuongtrinh 
    from
        chuong_trinh_hoc cth1_0 
    where
        cth1_0.macth=?
2026-07-22 11:04:35 [http-nio-8081-exec-9] TRACE org.hibernate.orm.jdbc.bind - binding parameter (1:INTEGER) <- [2]
2026-07-22 11:04:35 [http-nio-8081-exec-9] DEBUG org.hibernate.SQL - 
    select
        count_big(dkkh1_0.madk) 
    from
        dang_ky_khoa_hoc dkkh1_0 
    where
        dkkh1_0.makh=?
2026-07-22 11:04:35 [http-nio-8081-exec-9] TRACE org.hibernate.orm.jdbc.bind - binding parameter (1:INTEGER) <- [1]
2026-07-22 11:04:35 [http-nio-8081-exec-9] DEBUG org.hibernate.SQL - 
    select
        count_big(dkkh1_0.madk) 
    from
        dang_ky_khoa_hoc dkkh1_0 
    where
        dkkh1_0.makh=?
2026-07-22 11:04:35 [http-nio-8081-exec-9] TRACE org.hibernate.orm.jdbc.bind - binding parameter (1:INTEGER) <- [2]
2026-07-22 11:04:35 [http-nio-8081-exec-8] DEBUG org.hibernate.SQL - 
    select
        lh1_0.malop,
        lh1_0.magv,
        lh1_0.makh,
        lh1_0.soluong,
        lh1_0.tenlop,
        lh1_0.trangthai 
    from
        lop_hoc lh1_0
2026-07-22 11:04:35 [http-nio-8081-exec-8] DEBUG org.hibernate.SQL - 
    select
        gv1_0.magv,
        gv1_0.cccd,
        gv1_0.diachi,
        gv1_0.email,
        gv1_0.gioitinh,
        gv1_0.hangday,
        gv1_0.hoten,
        gv1_0.ngaysinh,
        gv1_0.sodienthoai 
    from
        giao_vien gv1_0 
    where
        gv1_0.magv=?
2026-07-22 11:04:35 [http-nio-8081-exec-8] TRACE org.hibernate.orm.jdbc.bind - binding parameter (1:INTEGER) <- [1]
2026-07-22 11:04:35 [http-nio-8081-exec-8] DEBUG org.hibernate.SQL - 
    select
        kh1_0.makh,
        cth1_0.macth,
        cth1_0.hangbang,
        cth1_0.hocphi,
        cth1_0.sobuoilythuyet,
        cth1_0.sobuoithuchanh,
        cth1_0.tenchuongtrinh,
        kh1_0.ngaybatdau,
        kh1_0.ngayketthuc,
        kh1_0.tenkhoahoc,
        kh1_0.trangthai 
    from
        khoa_hoc kh1_0 
    left join
        chuong_trinh_hoc cth1_0 
            on cth1_0.macth=kh1_0.macth 
    where
        kh1_0.makh=?
2026-07-22 11:04:35 [http-nio-8081-exec-8] TRACE org.hibernate.orm.jdbc.bind - binding parameter (1:INTEGER) <- [1]
2026-07-22 11:04:35 [http-nio-8081-exec-8] DEBUG org.hibernate.SQL - 
    select
        kh1_0.makh,
        cth1_0.macth,
        cth1_0.hangbang,
        cth1_0.hocphi,
        cth1_0.sobuoilythuyet,
        cth1_0.sobuoithuchanh,
        cth1_0.tenchuongtrinh,
        kh1_0.ngaybatdau,
        kh1_0.ngayketthuc,
        kh1_0.tenkhoahoc,
        kh1_0.trangthai 
    from
        khoa_hoc kh1_0 
    left join
        chuong_trinh_hoc cth1_0 
            on cth1_0.macth=kh1_0.macth 
    where
        kh1_0.makh=?
2026-07-22 11:04:35 [http-nio-8081-exec-8] TRACE org.hibernate.orm.jdbc.bind - binding parameter (1:INTEGER) <- [2]
2026-07-22 11:07:51 [MessageBroker-1] INFO  o.s.w.s.c.WebSocketMessageBrokerStats - WebSocketSession[0 current WS(0)-HttpStream(0)-HttpPoll(0), 0 total, 0 closed abnormally (0 connect failure, 0 send limit, 0 transport error)], stompSubProtocol[processed CONNECT(0)-CONNECTED(0)-DISCONNECT(0)], stompBrokerRelay[null], inboundChannel[pool size = 0, active threads = 0, queued tasks = 0, completed tasks = 0], outboundChannel[pool size = 0, active threads = 0, queued tasks = 0, completed tasks = 0], sockJsScheduler[pool size = 2, active threads = 1, queued tasks = 0, completed tasks = 1]
2026-07-22 11:13:57 [http-nio-8081-exec-4] DEBUG org.hibernate.SQL - 
    select
        kh1_0.makh,
        kh1_0.macth,
        kh1_0.ngaybatdau,
        kh1_0.ngayketthuc,
        kh1_0.tenkhoahoc,
        kh1_0.trangthai 
    from
        khoa_hoc kh1_0
2026-07-22 11:13:57 [http-nio-8081-exec-3] DEBUG org.hibernate.SQL - 
    select
        gv1_0.magv,
        gv1_0.cccd,
        gv1_0.diachi,
        gv1_0.email,
        gv1_0.gioitinh,
        gv1_0.hangday,
        gv1_0.hoten,
        gv1_0.ngaysinh,
        gv1_0.sodienthoai 
    from
        giao_vien gv1_0
2026-07-22 11:13:57 [http-nio-8081-exec-4] DEBUG org.hibernate.SQL - 
    select
        cth1_0.macth,
        cth1_0.hangbang,
        cth1_0.hocphi,
        cth1_0.sobuoilythuyet,
        cth1_0.sobuoithuchanh,
        cth1_0.tenchuongtrinh 
    from
        chuong_trinh_hoc cth1_0 
    where
        cth1_0.macth=?
2026-07-22 11:13:57 [http-nio-8081-exec-4] TRACE org.hibernate.orm.jdbc.bind - binding parameter (1:INTEGER) <- [2]
2026-07-22 11:13:57 [http-nio-8081-exec-4] DEBUG org.hibernate.SQL - 
    select
        count_big(dkkh1_0.madk) 
    from
        dang_ky_khoa_hoc dkkh1_0 
    where
        dkkh1_0.makh=?
2026-07-22 11:13:57 [http-nio-8081-exec-4] TRACE org.hibernate.orm.jdbc.bind - binding parameter (1:INTEGER) <- [1]
2026-07-22 11:13:57 [http-nio-8081-exec-4] DEBUG org.hibernate.SQL - 
    select
        count_big(dkkh1_0.madk) 
    from
        dang_ky_khoa_hoc dkkh1_0 
    where
        dkkh1_0.makh=?
2026-07-22 11:13:57 [http-nio-8081-exec-4] TRACE org.hibernate.orm.jdbc.bind - binding parameter (1:INTEGER) <- [2]
2026-07-22 11:13:57 [http-nio-8081-exec-5] DEBUG org.hibernate.SQL - 
    select
        lh1_0.malop,
        lh1_0.magv,
        lh1_0.makh,
        lh1_0.soluong,
        lh1_0.tenlop,
        lh1_0.trangthai 
    from
        lop_hoc lh1_0
2026-07-22 11:13:57 [http-nio-8081-exec-5] DEBUG org.hibernate.SQL - 
    select
        gv1_0.magv,
        gv1_0.cccd,
        gv1_0.diachi,
        gv1_0.email,
        gv1_0.gioitinh,
        gv1_0.hangday,
        gv1_0.hoten,
        gv1_0.ngaysinh,
        gv1_0.sodienthoai 
    from
        giao_vien gv1_0 
    where
        gv1_0.magv=?
2026-07-22 11:13:57 [http-nio-8081-exec-5] TRACE org.hibernate.orm.jdbc.bind - binding parameter (1:INTEGER) <- [1]
2026-07-22 11:13:57 [http-nio-8081-exec-5] DEBUG org.hibernate.SQL - 
    select
        kh1_0.makh,
        cth1_0.macth,
        cth1_0.hangbang,
        cth1_0.hocphi,
        cth1_0.sobuoilythuyet,
        cth1_0.sobuoithuchanh,
        cth1_0.tenchuongtrinh,
        kh1_0.ngaybatdau,
        kh1_0.ngayketthuc,
        kh1_0.tenkhoahoc,
        kh1_0.trangthai 
    from
        khoa_hoc kh1_0 
    left join
        chuong_trinh_hoc cth1_0 
            on cth1_0.macth=kh1_0.macth 
    where
        kh1_0.makh=?
2026-07-22 11:13:57 [http-nio-8081-exec-5] TRACE org.hibernate.orm.jdbc.bind - binding parameter (1:INTEGER) <- [1]
2026-07-22 11:13:57 [http-nio-8081-exec-5] DEBUG org.hibernate.SQL - 
    select
        kh1_0.makh,
        cth1_0.macth,
        cth1_0.hangbang,
        cth1_0.hocphi,
        cth1_0.sobuoilythuyet,
        cth1_0.sobuoithuchanh,
        cth1_0.tenchuongtrinh,
        kh1_0.ngaybatdau,
        kh1_0.ngayketthuc,
        kh1_0.tenkhoahoc,
        kh1_0.trangthai 
    from
        khoa_hoc kh1_0 
    left join
        chuong_trinh_hoc cth1_0 
            on cth1_0.macth=kh1_0.macth 
    where
        kh1_0.makh=?
2026-07-22 11:13:57 [http-nio-8081-exec-5] TRACE org.hibernate.orm.jdbc.bind - binding parameter (1:INTEGER) <- [2]
2026-07-22 11:15:40 [http-nio-8081-exec-7] DEBUG org.hibernate.SQL - 
    select
        lh1_0.malop,
        gv1_0.magv,
        gv1_0.cccd,
        gv1_0.diachi,
        gv1_0.email,
        gv1_0.gioitinh,
        gv1_0.hangday,
        gv1_0.hoten,
        gv1_0.ngaysinh,
        gv1_0.sodienthoai,
        kh1_0.makh,
        cth1_0.macth,
        cth1_0.hangbang,
        cth1_0.hocphi,
        cth1_0.sobuoilythuyet,
        cth1_0.sobuoithuchanh,
        cth1_0.tenchuongtrinh,
        kh1_0.ngaybatdau,
        kh1_0.ngayketthuc,
        kh1_0.tenkhoahoc,
        kh1_0.trangthai,
        lh1_0.soluong,
        lh1_0.tenlop,
        lh1_0.trangthai 
    from
        lop_hoc lh1_0 
    left join
        giao_vien gv1_0 
            on gv1_0.magv=lh1_0.magv 
    left join
        khoa_hoc kh1_0 
            on kh1_0.makh=lh1_0.makh 
    left join
        chuong_trinh_hoc cth1_0 
            on cth1_0.macth=kh1_0.macth 
    where
        lh1_0.malop=?
2026-07-22 11:15:40 [http-nio-8081-exec-7] TRACE org.hibernate.orm.jdbc.bind - binding parameter (1:INTEGER) <- [1]
2026-07-22 11:15:41 [http-nio-8081-exec-7] DEBUG org.hibernate.SQL - 
    update
        lop_hoc 
    set
        magv=?,
        makh=?,
        soluong=?,
        tenlop=?,
        trangthai=? 
    where
        malop=?
2026-07-22 11:15:41 [http-nio-8081-exec-7] TRACE org.hibernate.orm.jdbc.bind - binding parameter (1:INTEGER) <- [1]
2026-07-22 11:15:41 [http-nio-8081-exec-7] TRACE org.hibernate.orm.jdbc.bind - binding parameter (2:INTEGER) <- [1]
2026-07-22 11:15:41 [http-nio-8081-exec-7] TRACE org.hibernate.orm.jdbc.bind - binding parameter (3:INTEGER) <- [null]
2026-07-22 11:15:41 [http-nio-8081-exec-7] TRACE org.hibernate.orm.jdbc.bind - binding parameter (4:VARCHAR) <- [L?p B2_01]
2026-07-22 11:15:41 [http-nio-8081-exec-7] TRACE org.hibernate.orm.jdbc.bind - binding parameter (5:VARCHAR) <- [Đang học]
2026-07-22 11:15:41 [http-nio-8081-exec-7] TRACE org.hibernate.orm.jdbc.bind - binding parameter (6:INTEGER) <- [1]
2026-07-22 11:15:41 [http-nio-8081-exec-9] DEBUG org.hibernate.SQL - 
    select
        lh1_0.malop,
        lh1_0.magv,
        lh1_0.makh,
        lh1_0.soluong,
        lh1_0.tenlop,
        lh1_0.trangthai 
    from
        lop_hoc lh1_0
2026-07-22 11:15:41 [http-nio-8081-exec-9] DEBUG org.hibernate.SQL - 
    select
        gv1_0.magv,
        gv1_0.cccd,
        gv1_0.diachi,
        gv1_0.email,
        gv1_0.gioitinh,
        gv1_0.hangday,
        gv1_0.hoten,
        gv1_0.ngaysinh,
        gv1_0.sodienthoai 
    from
        giao_vien gv1_0 
    where
        gv1_0.magv=?
2026-07-22 11:15:41 [http-nio-8081-exec-9] TRACE org.hibernate.orm.jdbc.bind - binding parameter (1:INTEGER) <- [1]
2026-07-22 11:15:41 [http-nio-8081-exec-9] DEBUG org.hibernate.SQL - 
    select
        kh1_0.makh,
        cth1_0.macth,
        cth1_0.hangbang,
        cth1_0.hocphi,
        cth1_0.sobuoilythuyet,
        cth1_0.sobuoithuchanh,
        cth1_0.tenchuongtrinh,
        kh1_0.ngaybatdau,
        kh1_0.ngayketthuc,
        kh1_0.tenkhoahoc,
        kh1_0.trangthai 
    from
        khoa_hoc kh1_0 
    left join
        chuong_trinh_hoc cth1_0 
            on cth1_0.macth=kh1_0.macth 
    where
        kh1_0.makh=?
2026-07-22 11:15:41 [http-nio-8081-exec-9] TRACE org.hibernate.orm.jdbc.bind - binding parameter (1:INTEGER) <- [1]
2026-07-22 11:15:41 [http-nio-8081-exec-9] DEBUG org.hibernate.SQL - 
    select
        kh1_0.makh,
        cth1_0.macth,
        cth1_0.hangbang,
        cth1_0.hocphi,
        cth1_0.sobuoilythuyet,
        cth1_0.sobuoithuchanh,
        cth1_0.tenchuongtrinh,
        kh1_0.ngaybatdau,
        kh1_0.ngayketthuc,
        kh1_0.tenkhoahoc,
        kh1_0.trangthai 
    from
        khoa_hoc kh1_0 
    left join
        chuong_trinh_hoc cth1_0 
            on cth1_0.macth=kh1_0.macth 
    where
        kh1_0.makh=?
2026-07-22 11:15:41 [http-nio-8081-exec-9] TRACE org.hibernate.orm.jdbc.bind - binding parameter (1:INTEGER) <- [2]
2026-07-22 11:15:44 [http-nio-8081-exec-2] DEBUG org.hibernate.SQL - 
    select
        gv1_0.magv,
        gv1_0.cccd,
        gv1_0.diachi,
        gv1_0.email,
        gv1_0.gioitinh,
        gv1_0.hangday,
        gv1_0.hoten,
        gv1_0.ngaysinh,
        gv1_0.sodienthoai 
    from
        giao_vien gv1_0
2026-07-22 11:15:44 [http-nio-8081-exec-8] DEBUG org.hibernate.SQL - 
    select
        kh1_0.makh,
        kh1_0.macth,
        kh1_0.ngaybatdau,
        kh1_0.ngayketthuc,
        kh1_0.tenkhoahoc,
        kh1_0.trangthai 
    from
        khoa_hoc kh1_0
2026-07-22 11:15:44 [http-nio-8081-exec-8] DEBUG org.hibernate.SQL - 
    select
        cth1_0.macth,
        cth1_0.hangbang,
        cth1_0.hocphi,
        cth1_0.sobuoilythuyet,
        cth1_0.sobuoithuchanh,
        cth1_0.tenchuongtrinh 
    from
        chuong_trinh_hoc cth1_0 
    where
        cth1_0.macth=?
2026-07-22 11:15:44 [http-nio-8081-exec-8] TRACE org.hibernate.orm.jdbc.bind - binding parameter (1:INTEGER) <- [2]
2026-07-22 11:15:44 [http-nio-8081-exec-8] DEBUG org.hibernate.SQL - 
    select
        count_big(dkkh1_0.madk) 
    from
        dang_ky_khoa_hoc dkkh1_0 
    where
        dkkh1_0.makh=?
2026-07-22 11:15:44 [http-nio-8081-exec-8] TRACE org.hibernate.orm.jdbc.bind - binding parameter (1:INTEGER) <- [1]
2026-07-22 11:15:44 [http-nio-8081-exec-8] DEBUG org.hibernate.SQL - 
    select
        count_big(dkkh1_0.madk) 
    from
        dang_ky_khoa_hoc dkkh1_0 
    where
        dkkh1_0.makh=?
2026-07-22 11:15:44 [http-nio-8081-exec-8] TRACE org.hibernate.orm.jdbc.bind - binding parameter (1:INTEGER) <- [2]
2026-07-22 11:15:44 [http-nio-8081-exec-1] DEBUG org.hibernate.SQL - 
    select
        lh1_0.malop,
        lh1_0.magv,
        lh1_0.makh,
        lh1_0.soluong,
        lh1_0.tenlop,
        lh1_0.trangthai 
    from
        lop_hoc lh1_0
2026-07-22 11:15:44 [http-nio-8081-exec-1] DEBUG org.hibernate.SQL - 
    select
        gv1_0.magv,
        gv1_0.cccd,
        gv1_0.diachi,
        gv1_0.email,
        gv1_0.gioitinh,
        gv1_0.hangday,
        gv1_0.hoten,
        gv1_0.ngaysinh,
        gv1_0.sodienthoai 
    from
        giao_vien gv1_0 
    where
        gv1_0.magv=?
2026-07-22 11:15:44 [http-nio-8081-exec-1] TRACE org.hibernate.orm.jdbc.bind - binding parameter (1:INTEGER) <- [1]
2026-07-22 11:15:44 [http-nio-8081-exec-1] DEBUG org.hibernate.SQL - 
    select
        kh1_0.makh,
        cth1_0.macth,
        cth1_0.hangbang,
        cth1_0.hocphi,
        cth1_0.sobuoilythuyet,
        cth1_0.sobuoithuchanh,
        cth1_0.tenchuongtrinh,
        kh1_0.ngaybatdau,
        kh1_0.ngayketthuc,
        kh1_0.tenkhoahoc,
        kh1_0.trangthai 
    from
        khoa_hoc kh1_0 
    left join
        chuong_trinh_hoc cth1_0 
            on cth1_0.macth=kh1_0.macth 
    where
        kh1_0.makh=?
2026-07-22 11:15:44 [http-nio-8081-exec-1] TRACE org.hibernate.orm.jdbc.bind - binding parameter (1:INTEGER) <- [1]
2026-07-22 11:15:44 [http-nio-8081-exec-1] DEBUG org.hibernate.SQL - 
    select
        kh1_0.makh,
        cth1_0.macth,
        cth1_0.hangbang,
        cth1_0.hocphi,
        cth1_0.sobuoilythuyet,
        cth1_0.sobuoithuchanh,
        cth1_0.tenchuongtrinh,
        kh1_0.ngaybatdau,
        kh1_0.ngayketthuc,
        kh1_0.tenkhoahoc,
        kh1_0.trangthai 
    from
        khoa_hoc kh1_0 
    left join
        chuong_trinh_hoc cth1_0 
            on cth1_0.macth=kh1_0.macth 
    where
        kh1_0.makh=?
2026-07-22 11:15:44 [http-nio-8081-exec-1] TRACE org.hibernate.orm.jdbc.bind - binding parameter (1:INTEGER) <- [2]
2026-07-22 11:15:51 [http-nio-8081-exec-3] DEBUG org.hibernate.SQL - 
    select
        mh1_0.mamh,
        mh1_0.so_tiet,
        mh1_0.tenmonhoc 
    from
        mon_hoc mh1_0
2026-07-22 11:23:18 [http-nio-8081-exec-10] DEBUG org.hibernate.SQL - 
    select
        mh1_0.mamh,
        mh1_0.so_tiet,
        mh1_0.tenmonhoc 
    from
        mon_hoc mh1_0
2026-07-22 11:28:27 [http-nio-8081-exec-9] DEBUG org.hibernate.SQL - 
    select
        x1_0.maxe,
        x1_0.bienso,
        x1_0.hangxe,
        x1_0.loaixe,
        x1_0.namsanxuat,
        x1_0.trangthai 
    from
        xe x1_0
2026-07-22 11:28:27 [http-nio-8081-exec-7] DEBUG org.hibernate.SQL - 
    select
        ph1_0.maphong,
        ph1_0.succhua,
        ph1_0.tenphong,
        ph1_0.trangthai 
    from
        phong_hoc ph1_0
2026-07-22 11:28:27 [http-nio-8081-exec-2] DEBUG org.hibernate.SQL - 
    select
        ph1_0.maphong,
        ph1_0.succhua,
        ph1_0.tenphong,
        ph1_0.trangthai 
    from
        phong_hoc ph1_0
2026-07-22 11:31:09 [http-nio-8081-exec-3] DEBUG org.hibernate.SQL - 
    select
        ph1_0.maphong,
        ph1_0.succhua,
        ph1_0.tenphong,
        ph1_0.trangthai 
    from
        phong_hoc ph1_0
2026-07-22 11:33:53 [http-nio-8081-exec-5] DEBUG org.hibernate.SQL - 
    select
        x1_0.maxe,
        x1_0.bienso,
        x1_0.hangxe,
        x1_0.loaixe,
        x1_0.namsanxuat,
        x1_0.trangthai 
    from
        xe x1_0
2026-07-22 11:33:53 [http-nio-8081-exec-6] DEBUG org.hibernate.SQL - 
    select
        xtl1_0.maxetl,
        xtl1_0.ghichu,
        xtl1_0.handangkiem,
        xtl1_0.hangbang,
        xtl1_0.ngay_cap_nhat,
        xtl1_0.ngaydangkiem,
        xtl1_0.ngay_tao,
        xtl1_0.maxe 
    from
        xe_tap_lai xtl1_0
2026-07-22 11:33:53 [http-nio-8081-exec-6] DEBUG org.hibernate.SQL - 
    select
        x1_0.maxe,
        x1_0.bienso,
        x1_0.hangxe,
        x1_0.loaixe,
        x1_0.namsanxuat,
        x1_0.trangthai 
    from
        xe x1_0 
    where
        x1_0.maxe=?
2026-07-22 11:33:53 [http-nio-8081-exec-6] TRACE org.hibernate.orm.jdbc.bind - binding parameter (1:INTEGER) <- [1]
2026-07-22 11:33:54 [http-nio-8081-exec-7] DEBUG org.hibernate.SQL - 
    select
        x1_0.maxe,
        x1_0.bienso,
        x1_0.hangxe,
        x1_0.loaixe,
        x1_0.namsanxuat,
        x1_0.trangthai 
    from
        xe x1_0
2026-07-22 11:35:14 [http-nio-8081-exec-2] DEBUG org.hibernate.SQL - 
    select
        x1_0.maxe,
        x1_0.bienso,
        x1_0.hangxe,
        x1_0.loaixe,
        x1_0.namsanxuat,
        x1_0.trangthai 
    from
        xe x1_0
2026-07-22 11:37:35 [http-nio-8081-exec-4] DEBUG org.hibernate.SQL - 
    select
        x1_0.maxe,
        x1_0.bienso,
        x1_0.hangxe,
        x1_0.loaixe,
        x1_0.namsanxuat,
        x1_0.trangthai 
    from
        xe x1_0
2026-07-22 11:37:39 [http-nio-8081-exec-10] DEBUG org.hibernate.SQL - 
    select
        x1_0.maxe,
        x1_0.bienso,
        x1_0.hangxe,
        x1_0.loaixe,
        x1_0.namsanxuat,
        x1_0.trangthai 
    from
        xe x1_0
2026-07-22 11:37:39 [http-nio-8081-exec-5] DEBUG org.hibernate.SQL - 
    select
        lsbtx1_0.id,
        lsbtx1_0.chi_phi,
        lsbtx1_0.don_vi_bao_tri,
        lsbtx1_0.loai_bao_tri,
        lsbtx1_0.mo_ta,
        lsbtx1_0.ngay_bao_tri,
        lsbtx1_0.ngay_bao_tri_tiep_theo,
        lsbtx1_0.ngay_tao,
        lsbtx1_0.nguoi_tao,
        lsbtx1_0.so_km_hien_tai,
        lsbtx1_0.trang_thai,
        lsbtx1_0.maxe 
    from
        lich_su_bao_tri_xe lsbtx1_0
2026-07-22 11:37:42 [http-nio-8081-exec-6] DEBUG org.hibernate.SQL - 
    select
        x1_0.maxe,
        x1_0.bienso,
        x1_0.hangxe,
        x1_0.loaixe,
        x1_0.namsanxuat,
        x1_0.trangthai 
    from
        xe x1_0
2026-07-22 11:37:43 [http-nio-8081-exec-9] DEBUG org.hibernate.SQL - 
    select
        hv1_0.mahv,
        hv1_0.cccd,
        hv1_0.diachi,
        hv1_0.email,
        hv1_0.gioitinh,
        hv1_0.hoten,
        hv1_0.ngaydangky,
        hv1_0.ngaysinh,
        hv1_0.sodienthoai 
    from
        hoc_vien hv1_0
2026-07-22 11:37:43 [http-nio-8081-exec-1] DEBUG org.hibernate.SQL - 
    select
        gv1_0.magv,
        gv1_0.cccd,
        gv1_0.diachi,
        gv1_0.email,
        gv1_0.gioitinh,
        gv1_0.hangday,
        gv1_0.hoten,
        gv1_0.ngaysinh,
        gv1_0.sodienthoai 
    from
        giao_vien gv1_0
2026-07-22 11:37:43 [http-nio-8081-exec-8] DEBUG org.hibernate.SQL - 
    select
        xtl1_0.maxetl,
        xtl1_0.ghichu,
        xtl1_0.handangkiem,
        xtl1_0.hangbang,
        xtl1_0.ngay_cap_nhat,
        xtl1_0.ngaydangkiem,
        xtl1_0.ngay_tao,
        xtl1_0.maxe 
    from
        xe_tap_lai xtl1_0
2026-07-22 11:37:43 [http-nio-8081-exec-8] DEBUG org.hibernate.SQL - 
    select
        x1_0.maxe,
        x1_0.bienso,
        x1_0.hangxe,
        x1_0.loaixe,
        x1_0.namsanxuat,
        x1_0.trangthai 
    from
        xe x1_0 
    where
        x1_0.maxe=?
2026-07-22 11:37:43 [http-nio-8081-exec-8] TRACE org.hibernate.orm.jdbc.bind - binding parameter (1:INTEGER) <- [1]
2026-07-22 11:37:43 [http-nio-8081-exec-3] DEBUG org.hibernate.SQL - 
    select
        pc1_0.id,
        pc1_0.ghichu,
        pc1_0.magv,
        pc1_0.mahv,
        pc1_0.ngay_phan_cong,
        pc1_0.maxetl 
    from
        phan_cong pc1_0
2026-07-22 11:37:43 [http-nio-8081-exec-3] DEBUG org.hibernate.SQL - 
    select
        hv1_0.mahv,
        hv1_0.cccd,
        hv1_0.diachi,
        hv1_0.email,
        hv1_0.gioitinh,
        hv1_0.hoten,
        hv1_0.ngaydangky,
        hv1_0.ngaysinh,
        hv1_0.sodienthoai 
    from
        hoc_vien hv1_0 
    where
        hv1_0.mahv=?
2026-07-22 11:37:43 [http-nio-8081-exec-3] TRACE org.hibernate.orm.jdbc.bind - binding parameter (1:INTEGER) <- [1]
2026-07-22 11:37:43 [http-nio-8081-exec-3] DEBUG org.hibernate.SQL - 
    select
        xtl1_0.maxetl,
        xtl1_0.ghichu,
        xtl1_0.handangkiem,
        xtl1_0.hangbang,
        xtl1_0.ngay_cap_nhat,
        xtl1_0.ngaydangkiem,
        xtl1_0.ngay_tao,
        x1_0.maxe,
        x1_0.bienso,
        x1_0.hangxe,
        x1_0.loaixe,
        x1_0.namsanxuat,
        x1_0.trangthai 
    from
        xe_tap_lai xtl1_0 
    left join
        xe x1_0 
            on x1_0.maxe=xtl1_0.maxe 
    where
        xtl1_0.maxetl=?
2026-07-22 11:37:43 [http-nio-8081-exec-3] TRACE org.hibernate.orm.jdbc.bind - binding parameter (1:INTEGER) <- [1]
2026-07-22 11:37:43 [http-nio-8081-exec-3] DEBUG org.hibernate.SQL - 
    select
        hv1_0.mahv,
        hv1_0.cccd,
        hv1_0.diachi,
        hv1_0.email,
        hv1_0.gioitinh,
        hv1_0.hoten,
        hv1_0.ngaydangky,
        hv1_0.ngaysinh,
        hv1_0.sodienthoai 
    from
        hoc_vien hv1_0 
    where
        hv1_0.mahv=?
2026-07-22 11:37:43 [http-nio-8081-exec-3] TRACE org.hibernate.orm.jdbc.bind - binding parameter (1:INTEGER) <- [3]
2026-07-22 11:37:51 [MessageBroker-2] INFO  o.s.w.s.c.WebSocketMessageBrokerStats - WebSocketSession[0 current WS(0)-HttpStream(0)-HttpPoll(0), 0 total, 0 closed abnormally (0 connect failure, 0 send limit, 0 transport error)], stompSubProtocol[processed CONNECT(0)-CONNECTED(0)-DISCONNECT(0)], stompBrokerRelay[null], inboundChannel[pool size = 0, active threads = 0, queued tasks = 0, completed tasks = 0], outboundChannel[pool size = 0, active threads = 0, queued tasks = 0, completed tasks = 0], sockJsScheduler[pool size = 3, active threads = 1, queued tasks = 0, completed tasks = 2]
2026-07-22 11:38:56 [http-nio-8081-exec-5] DEBUG org.hibernate.SQL - 
    select
        hv1_0.mahv,
        hv1_0.cccd,
        hv1_0.diachi,
        hv1_0.email,
        hv1_0.gioitinh,
        hv1_0.hoten,
        hv1_0.ngaydangky,
        hv1_0.ngaysinh,
        hv1_0.sodienthoai 
    from
        hoc_vien hv1_0
2026-07-22 11:38:56 [http-nio-8081-exec-6] DEBUG org.hibernate.SQL - 
    select
        gv1_0.magv,
        gv1_0.cccd,
        gv1_0.diachi,
        gv1_0.email,
        gv1_0.gioitinh,
        gv1_0.hangday,
        gv1_0.hoten,
        gv1_0.ngaysinh,
        gv1_0.sodienthoai 
    from
        giao_vien gv1_0
2026-07-22 11:38:56 [http-nio-8081-exec-7] DEBUG org.hibernate.SQL - 
    select
        xtl1_0.maxetl,
        xtl1_0.ghichu,
        xtl1_0.handangkiem,
        xtl1_0.hangbang,
        xtl1_0.ngay_cap_nhat,
        xtl1_0.ngaydangkiem,
        xtl1_0.ngay_tao,
        xtl1_0.maxe 
    from
        xe_tap_lai xtl1_0
2026-07-22 11:38:56 [http-nio-8081-exec-7] DEBUG org.hibernate.SQL - 
    select
        x1_0.maxe,
        x1_0.bienso,
        x1_0.hangxe,
        x1_0.loaixe,
        x1_0.namsanxuat,
        x1_0.trangthai 
    from
        xe x1_0 
    where
        x1_0.maxe=?
2026-07-22 11:38:56 [http-nio-8081-exec-7] TRACE org.hibernate.orm.jdbc.bind - binding parameter (1:INTEGER) <- [1]
2026-07-22 11:38:56 [http-nio-8081-exec-9] DEBUG org.hibernate.SQL - 
    select
        pc1_0.id,
        pc1_0.ghichu,
        pc1_0.magv,
        pc1_0.mahv,
        pc1_0.ngay_phan_cong,
        pc1_0.maxetl 
    from
        phan_cong pc1_0
2026-07-22 11:38:56 [http-nio-8081-exec-9] DEBUG org.hibernate.SQL - 
    select
        hv1_0.mahv,
        hv1_0.cccd,
        hv1_0.diachi,
        hv1_0.email,
        hv1_0.gioitinh,
        hv1_0.hoten,
        hv1_0.ngaydangky,
        hv1_0.ngaysinh,
        hv1_0.sodienthoai 
    from
        hoc_vien hv1_0 
    where
        hv1_0.mahv=?
2026-07-22 11:38:56 [http-nio-8081-exec-9] TRACE org.hibernate.orm.jdbc.bind - binding parameter (1:INTEGER) <- [1]
2026-07-22 11:38:56 [http-nio-8081-exec-9] DEBUG org.hibernate.SQL - 
    select
        xtl1_0.maxetl,
        xtl1_0.ghichu,
        xtl1_0.handangkiem,
        xtl1_0.hangbang,
        xtl1_0.ngay_cap_nhat,
        xtl1_0.ngaydangkiem,
        xtl1_0.ngay_tao,
        x1_0.maxe,
        x1_0.bienso,
        x1_0.hangxe,
        x1_0.loaixe,
        x1_0.namsanxuat,
        x1_0.trangthai 
    from
        xe_tap_lai xtl1_0 
    left join
        xe x1_0 
            on x1_0.maxe=xtl1_0.maxe 
    where
        xtl1_0.maxetl=?
2026-07-22 11:38:56 [http-nio-8081-exec-9] TRACE org.hibernate.orm.jdbc.bind - binding parameter (1:INTEGER) <- [1]
2026-07-22 11:38:56 [http-nio-8081-exec-9] DEBUG org.hibernate.SQL - 
    select
        hv1_0.mahv,
        hv1_0.cccd,
        hv1_0.diachi,
        hv1_0.email,
        hv1_0.gioitinh,
        hv1_0.hoten,
        hv1_0.ngaydangky,
        hv1_0.ngaysinh,
        hv1_0.sodienthoai 
    from
        hoc_vien hv1_0 
    where
        hv1_0.mahv=?
2026-07-22 11:38:56 [http-nio-8081-exec-9] TRACE org.hibernate.orm.jdbc.bind - binding parameter (1:INTEGER) <- [3]
2026-07-22 11:39:17 [http-nio-8081-exec-2] DEBUG org.hibernate.SQL - 
    select
        tk1_0.id,
        tk1_0.anh,
        tk1_0.cccd,
        tk1_0.email,
        tk1_0.ho_ten,
        tk1_0.khoa_den,
        tk1_0.lan_dang_nhap_cuoi,
        tk1_0.mat_khau,
        tk1_0.ngay_cap_nhat,
        tk1_0.ngay_tao,
        tk1_0.nguoi_tao_id,
        tk1_0.so_dien_thoai,
        tk1_0.so_lan_dang_nhap_sai,
        tk1_0.ten_dang_nhap,
        tk1_0.trang_thai,
        tk1_0.vai_tro_id 
    from
        tai_khoan tk1_0 
    where
        tk1_0.ten_dang_nhap=?
2026-07-22 11:39:17 [http-nio-8081-exec-2] TRACE org.hibernate.orm.jdbc.bind - binding parameter (1:VARCHAR) <- [admin]
2026-07-22 11:39:17 [http-nio-8081-exec-2] DEBUG org.hibernate.SQL - 
    select
        vt1_0.id,
        vt1_0.ma_vai_tro,
        vt1_0.mo_ta,
        vt1_0.ngay_cap_nhat,
        vt1_0.ngay_tao,
        vt1_0.ten_vai_tro,
        vt1_0.trang_thai 
    from
        vai_tro vt1_0 
    where
        vt1_0.id=?
2026-07-22 11:39:17 [http-nio-8081-exec-2] TRACE org.hibernate.orm.jdbc.bind - binding parameter (1:INTEGER) <- [4]
2026-07-22 11:39:17 [http-nio-8081-exec-2] DEBUG org.hibernate.SQL - 
    select
        tk1_0.id,
        tk1_0.anh,
        tk1_0.cccd,
        tk1_0.email,
        tk1_0.ho_ten,
        tk1_0.khoa_den,
        tk1_0.lan_dang_nhap_cuoi,
        tk1_0.mat_khau,
        tk1_0.ngay_cap_nhat,
        tk1_0.ngay_tao,
        tk1_0.nguoi_tao_id,
        tk1_0.so_dien_thoai,
        tk1_0.so_lan_dang_nhap_sai,
        tk1_0.ten_dang_nhap,
        tk1_0.trang_thai,
        tk1_0.vai_tro_id 
    from
        tai_khoan tk1_0 
    where
        tk1_0.ten_dang_nhap=?
2026-07-22 11:39:17 [http-nio-8081-exec-2] TRACE org.hibernate.orm.jdbc.bind - binding parameter (1:VARCHAR) <- [admin]
2026-07-22 11:39:17 [http-nio-8081-exec-2] DEBUG org.hibernate.SQL - 
    select
        vt1_0.id,
        vt1_0.ma_vai_tro,
        vt1_0.mo_ta,
        vt1_0.ngay_cap_nhat,
        vt1_0.ngay_tao,
        vt1_0.ten_vai_tro,
        vt1_0.trang_thai 
    from
        vai_tro vt1_0 
    where
        vt1_0.id=?
2026-07-22 11:39:17 [http-nio-8081-exec-2] TRACE org.hibernate.orm.jdbc.bind - binding parameter (1:INTEGER) <- [4]
2026-07-22 11:39:38 [http-nio-8081-exec-3] DEBUG org.hibernate.SQL - 
    select
        gv1_0.magv,
        gv1_0.cccd,
        gv1_0.diachi,
        gv1_0.email,
        gv1_0.gioitinh,
        gv1_0.hangday,
        gv1_0.hoten,
        gv1_0.ngaysinh,
        gv1_0.sodienthoai 
    from
        giao_vien gv1_0
2026-07-22 11:39:38 [http-nio-8081-exec-4] DEBUG org.hibernate.SQL - 
    select
        xtl1_0.maxetl,
        xtl1_0.ghichu,
        xtl1_0.handangkiem,
        xtl1_0.hangbang,
        xtl1_0.ngay_cap_nhat,
        xtl1_0.ngaydangkiem,
        xtl1_0.ngay_tao,
        xtl1_0.maxe 
    from
        xe_tap_lai xtl1_0
2026-07-22 11:39:38 [http-nio-8081-exec-8] DEBUG org.hibernate.SQL - 
    select
        hv1_0.mahv,
        hv1_0.cccd,
        hv1_0.diachi,
        hv1_0.email,
        hv1_0.gioitinh,
        hv1_0.hoten,
        hv1_0.ngaydangky,
        hv1_0.ngaysinh,
        hv1_0.sodienthoai 
    from
        hoc_vien hv1_0
2026-07-22 11:39:38 [http-nio-8081-exec-4] DEBUG org.hibernate.SQL - 
    select
        x1_0.maxe,
        x1_0.bienso,
        x1_0.hangxe,
        x1_0.loaixe,
        x1_0.namsanxuat,
        x1_0.trangthai 
    from
        xe x1_0 
    where
        x1_0.maxe=?
2026-07-22 11:39:38 [http-nio-8081-exec-4] TRACE org.hibernate.orm.jdbc.bind - binding parameter (1:INTEGER) <- [1]
2026-07-22 11:39:38 [http-nio-8081-exec-10] DEBUG org.hibernate.SQL - 
    select
        pc1_0.id,
        pc1_0.ghichu,
        pc1_0.magv,
        pc1_0.mahv,
        pc1_0.ngay_phan_cong,
        pc1_0.maxetl 
    from
        phan_cong pc1_0
2026-07-22 11:39:38 [http-nio-8081-exec-10] DEBUG org.hibernate.SQL - 
    select
        hv1_0.mahv,
        hv1_0.cccd,
        hv1_0.diachi,
        hv1_0.email,
        hv1_0.gioitinh,
        hv1_0.hoten,
        hv1_0.ngaydangky,
        hv1_0.ngaysinh,
        hv1_0.sodienthoai 
    from
        hoc_vien hv1_0 
    where
        hv1_0.mahv=?
2026-07-22 11:39:38 [http-nio-8081-exec-10] TRACE org.hibernate.orm.jdbc.bind - binding parameter (1:INTEGER) <- [1]
2026-07-22 11:39:38 [http-nio-8081-exec-10] DEBUG org.hibernate.SQL - 
    select
        xtl1_0.maxetl,
        xtl1_0.ghichu,
        xtl1_0.handangkiem,
        xtl1_0.hangbang,
        xtl1_0.ngay_cap_nhat,
        xtl1_0.ngaydangkiem,
        xtl1_0.ngay_tao,
        x1_0.maxe,
        x1_0.bienso,
        x1_0.hangxe,
        x1_0.loaixe,
        x1_0.namsanxuat,
        x1_0.trangthai 
    from
        xe_tap_lai xtl1_0 
    left join
        xe x1_0 
            on x1_0.maxe=xtl1_0.maxe 
    where
        xtl1_0.maxetl=?
2026-07-22 11:39:38 [http-nio-8081-exec-10] TRACE org.hibernate.orm.jdbc.bind - binding parameter (1:INTEGER) <- [1]
2026-07-22 11:39:38 [http-nio-8081-exec-10] DEBUG org.hibernate.SQL - 
    select
        hv1_0.mahv,
        hv1_0.cccd,
        hv1_0.diachi,
        hv1_0.email,
        hv1_0.gioitinh,
        hv1_0.hoten,
        hv1_0.ngaydangky,
        hv1_0.ngaysinh,
        hv1_0.sodienthoai 
    from
        hoc_vien hv1_0 
    where
        hv1_0.mahv=?
2026-07-22 11:39:38 [http-nio-8081-exec-10] TRACE org.hibernate.orm.jdbc.bind - binding parameter (1:INTEGER) <- [3]
2026-07-22 11:39:58 [http-nio-8081-exec-6] DEBUG org.hibernate.SQL - 
    select
        ch1_0.macahoc,
        ch1_0.giobatdau,
        ch1_0.gioketthuc,
        ch1_0.tencahoc 
    from
        ca_hoc ch1_0
2026-07-22 11:41:06 [http-nio-8081-exec-1] DEBUG org.hibernate.SQL - 
    select
        ch1_0.macahoc,
        ch1_0.giobatdau,
        ch1_0.gioketthuc,
        ch1_0.tencahoc 
    from
        ca_hoc ch1_0
2026-07-22 11:41:45 [http-nio-8081-exec-8] DEBUG org.hibernate.SQL - 
    select
        lh1_0.malop,
        lh1_0.magv,
        lh1_0.makh,
        lh1_0.soluong,
        lh1_0.tenlop,
        lh1_0.trangthai 
    from
        lop_hoc lh1_0
2026-07-22 11:41:45 [http-nio-8081-exec-8] DEBUG org.hibernate.SQL - 
    select
        gv1_0.magv,
        gv1_0.cccd,
        gv1_0.diachi,
        gv1_0.email,
        gv1_0.gioitinh,
        gv1_0.hangday,
        gv1_0.hoten,
        gv1_0.ngaysinh,
        gv1_0.sodienthoai 
    from
        giao_vien gv1_0 
    where
        gv1_0.magv=?
2026-07-22 11:41:45 [http-nio-8081-exec-8] TRACE org.hibernate.orm.jdbc.bind - binding parameter (1:INTEGER) <- [1]
2026-07-22 11:41:45 [http-nio-8081-exec-8] DEBUG org.hibernate.SQL - 
    select
        kh1_0.makh,
        cth1_0.macth,
        cth1_0.hangbang,
        cth1_0.hocphi,
        cth1_0.sobuoilythuyet,
        cth1_0.sobuoithuchanh,
        cth1_0.tenchuongtrinh,
        kh1_0.ngaybatdau,
        kh1_0.ngayketthuc,
        kh1_0.tenkhoahoc,
        kh1_0.trangthai 
    from
        khoa_hoc kh1_0 
    left join
        chuong_trinh_hoc cth1_0 
            on cth1_0.macth=kh1_0.macth 
    where
        kh1_0.makh=?
2026-07-22 11:41:45 [http-nio-8081-exec-8] TRACE org.hibernate.orm.jdbc.bind - binding parameter (1:INTEGER) <- [1]
2026-07-22 11:41:45 [http-nio-8081-exec-8] DEBUG org.hibernate.SQL - 
    select
        kh1_0.makh,
        cth1_0.macth,
        cth1_0.hangbang,
        cth1_0.hocphi,
        cth1_0.sobuoilythuyet,
        cth1_0.sobuoithuchanh,
        cth1_0.tenchuongtrinh,
        kh1_0.ngaybatdau,
        kh1_0.ngayketthuc,
        kh1_0.tenkhoahoc,
        kh1_0.trangthai 
    from
        khoa_hoc kh1_0 
    left join
        chuong_trinh_hoc cth1_0 
            on cth1_0.macth=kh1_0.macth 
    where
        kh1_0.makh=?
2026-07-22 11:41:45 [http-nio-8081-exec-8] TRACE org.hibernate.orm.jdbc.bind - binding parameter (1:INTEGER) <- [2]
2026-07-22 11:41:45 [http-nio-8081-exec-10] DEBUG org.hibernate.SQL - 
    select
        mh1_0.mamh,
        mh1_0.so_tiet,
        mh1_0.tenmonhoc 
    from
        mon_hoc mh1_0
2026-07-22 11:41:45 [http-nio-8081-exec-5] DEBUG org.hibernate.SQL - 
    select
        gv1_0.magv,
        gv1_0.cccd,
        gv1_0.diachi,
        gv1_0.email,
        gv1_0.gioitinh,
        gv1_0.hangday,
        gv1_0.hoten,
        gv1_0.ngaysinh,
        gv1_0.sodienthoai 
    from
        giao_vien gv1_0
2026-07-22 11:41:45 [http-nio-8081-exec-7] DEBUG org.hibernate.SQL - 
    select
        ph1_0.maphong,
        ph1_0.succhua,
        ph1_0.tenphong,
        ph1_0.trangthai 
    from
        phong_hoc ph1_0
2026-07-22 11:41:45 [http-nio-8081-exec-9] DEBUG org.hibernate.SQL - 
    select
        ch1_0.macahoc,
        ch1_0.giobatdau,
        ch1_0.gioketthuc,
        ch1_0.tencahoc 
    from
        ca_hoc ch1_0
2026-07-22 11:41:45 [http-nio-8081-exec-1] DEBUG org.hibernate.SQL - 
    select
        lh1_0.malich,
        lh1_0.macahoc,
        lh1_0.ghichu,
        lh1_0.magv,
        lh1_0.malop,
        lh1_0.mamh,
        lh1_0.ngayhoc,
        lh1_0.maphong 
    from
        lich_hoc lh1_0
2026-07-22 11:41:45 [http-nio-8081-exec-1] DEBUG org.hibernate.SQL - 
    select
        ch1_0.macahoc,
        ch1_0.giobatdau,
        ch1_0.gioketthuc,
        ch1_0.tencahoc 
    from
        ca_hoc ch1_0 
    where
        ch1_0.macahoc=?
2026-07-22 11:41:45 [http-nio-8081-exec-1] TRACE org.hibernate.orm.jdbc.bind - binding parameter (1:INTEGER) <- [1]
2026-07-22 11:43:23 [http-nio-8081-exec-8] DEBUG org.hibernate.SQL - 
    select
        lh1_0.malop,
        lh1_0.magv,
        lh1_0.makh,
        lh1_0.soluong,
        lh1_0.tenlop,
        lh1_0.trangthai 
    from
        lop_hoc lh1_0
2026-07-22 11:43:23 [http-nio-8081-exec-8] DEBUG org.hibernate.SQL - 
    select
        gv1_0.magv,
        gv1_0.cccd,
        gv1_0.diachi,
        gv1_0.email,
        gv1_0.gioitinh,
        gv1_0.hangday,
        gv1_0.hoten,
        gv1_0.ngaysinh,
        gv1_0.sodienthoai 
    from
        giao_vien gv1_0 
    where
        gv1_0.magv=?
2026-07-22 11:43:23 [http-nio-8081-exec-8] TRACE org.hibernate.orm.jdbc.bind - binding parameter (1:INTEGER) <- [1]
2026-07-22 11:43:23 [http-nio-8081-exec-8] DEBUG org.hibernate.SQL - 
    select
        kh1_0.makh,
        cth1_0.macth,
        cth1_0.hangbang,
        cth1_0.hocphi,
        cth1_0.sobuoilythuyet,
        cth1_0.sobuoithuchanh,
        cth1_0.tenchuongtrinh,
        kh1_0.ngaybatdau,
        kh1_0.ngayketthuc,
        kh1_0.tenkhoahoc,
        kh1_0.trangthai 
    from
        khoa_hoc kh1_0 
    left join
        chuong_trinh_hoc cth1_0 
            on cth1_0.macth=kh1_0.macth 
    where
        kh1_0.makh=?
2026-07-22 11:43:23 [http-nio-8081-exec-8] TRACE org.hibernate.orm.jdbc.bind - binding parameter (1:INTEGER) <- [1]
2026-07-22 11:43:23 [http-nio-8081-exec-8] DEBUG org.hibernate.SQL - 
    select
        kh1_0.makh,
        cth1_0.macth,
        cth1_0.hangbang,
        cth1_0.hocphi,
        cth1_0.sobuoilythuyet,
        cth1_0.sobuoithuchanh,
        cth1_0.tenchuongtrinh,
        kh1_0.ngaybatdau,
        kh1_0.ngayketthuc,
        kh1_0.tenkhoahoc,
        kh1_0.trangthai 
    from
        khoa_hoc kh1_0 
    left join
        chuong_trinh_hoc cth1_0 
            on cth1_0.macth=kh1_0.macth 
    where
        kh1_0.makh=?
2026-07-22 11:43:24 [http-nio-8081-exec-8] TRACE org.hibernate.orm.jdbc.bind - binding parameter (1:INTEGER) <- [2]
2026-07-22 11:43:24 [http-nio-8081-exec-10] DEBUG org.hibernate.SQL - 
    select
        gv1_0.magv,
        gv1_0.cccd,
        gv1_0.diachi,
        gv1_0.email,
        gv1_0.gioitinh,
        gv1_0.hangday,
        gv1_0.hoten,
        gv1_0.ngaysinh,
        gv1_0.sodienthoai 
    from
        giao_vien gv1_0
2026-07-22 11:43:24 [http-nio-8081-exec-4] DEBUG org.hibernate.SQL - 
    select
        mh1_0.mamh,
        mh1_0.so_tiet,
        mh1_0.tenmonhoc 
    from
        mon_hoc mh1_0
2026-07-22 11:43:24 [http-nio-8081-exec-6] DEBUG org.hibernate.SQL - 
    select
        ch1_0.macahoc,
        ch1_0.giobatdau,
        ch1_0.gioketthuc,
        ch1_0.tencahoc 
    from
        ca_hoc ch1_0
2026-07-22 11:43:24 [http-nio-8081-exec-5] DEBUG org.hibernate.SQL - 
    select
        ph1_0.maphong,
        ph1_0.succhua,
        ph1_0.tenphong,
        ph1_0.trangthai 
    from
        phong_hoc ph1_0
2026-07-22 11:43:24 [http-nio-8081-exec-7] DEBUG org.hibernate.SQL - 
    select
        lh1_0.malich,
        lh1_0.macahoc,
        lh1_0.ghichu,
        lh1_0.magv,
        lh1_0.malop,
        lh1_0.mamh,
        lh1_0.ngayhoc,
        lh1_0.maphong 
    from
        lich_hoc lh1_0
2026-07-22 11:43:24 [http-nio-8081-exec-7] DEBUG org.hibernate.SQL - 
    select
        ch1_0.macahoc,
        ch1_0.giobatdau,
        ch1_0.gioketthuc,
        ch1_0.tencahoc 
    from
        ca_hoc ch1_0 
    where
        ch1_0.macahoc=?
2026-07-22 11:43:24 [http-nio-8081-exec-7] TRACE org.hibernate.orm.jdbc.bind - binding parameter (1:INTEGER) <- [1]
2026-07-22 11:48:07 [http-nio-8081-exec-5] DEBUG org.hibernate.SQL - 
    select
        lh1_0.malich,
        lh1_0.macahoc,
        lh1_0.ghichu,
        lh1_0.magv,
        lh1_0.malop,
        lh1_0.mamh,
        lh1_0.ngayhoc,
        lh1_0.maphong 
    from
        lich_hoc lh1_0
2026-07-22 11:48:07 [http-nio-8081-exec-10] DEBUG org.hibernate.SQL - 
    select
        lh1_0.malop,
        lh1_0.magv,
        lh1_0.makh,
        lh1_0.soluong,
        lh1_0.tenlop,
        lh1_0.trangthai 
    from
        lop_hoc lh1_0
2026-07-22 11:48:07 [http-nio-8081-exec-10] DEBUG org.hibernate.SQL - 
    select
        gv1_0.magv,
        gv1_0.cccd,
        gv1_0.diachi,
        gv1_0.email,
        gv1_0.gioitinh,
        gv1_0.hangday,
        gv1_0.hoten,
        gv1_0.ngaysinh,
        gv1_0.sodienthoai 
    from
        giao_vien gv1_0 
    where
        gv1_0.magv=?
2026-07-22 11:48:07 [http-nio-8081-exec-5] DEBUG org.hibernate.SQL - 
    select
        ch1_0.macahoc,
        ch1_0.giobatdau,
        ch1_0.gioketthuc,
        ch1_0.tencahoc 
    from
        ca_hoc ch1_0 
    where
        ch1_0.macahoc=?
2026-07-22 11:48:07 [http-nio-8081-exec-10] TRACE org.hibernate.orm.jdbc.bind - binding parameter (1:INTEGER) <- [1]
2026-07-22 11:48:07 [http-nio-8081-exec-5] TRACE org.hibernate.orm.jdbc.bind - binding parameter (1:INTEGER) <- [1]
2026-07-22 11:48:07 [http-nio-8081-exec-10] DEBUG org.hibernate.SQL - 
    select
        kh1_0.makh,
        cth1_0.macth,
        cth1_0.hangbang,
        cth1_0.hocphi,
        cth1_0.sobuoilythuyet,
        cth1_0.sobuoithuchanh,
        cth1_0.tenchuongtrinh,
        kh1_0.ngaybatdau,
        kh1_0.ngayketthuc,
        kh1_0.tenkhoahoc,
        kh1_0.trangthai 
    from
        khoa_hoc kh1_0 
    left join
        chuong_trinh_hoc cth1_0 
            on cth1_0.macth=kh1_0.macth 
    where
        kh1_0.makh=?
2026-07-22 11:48:07 [http-nio-8081-exec-10] TRACE org.hibernate.orm.jdbc.bind - binding parameter (1:INTEGER) <- [1]
2026-07-22 11:48:07 [http-nio-8081-exec-10] DEBUG org.hibernate.SQL - 
    select
        kh1_0.makh,
        cth1_0.macth,
        cth1_0.hangbang,
        cth1_0.hocphi,
        cth1_0.sobuoilythuyet,
        cth1_0.sobuoithuchanh,
        cth1_0.tenchuongtrinh,
        kh1_0.ngaybatdau,
        kh1_0.ngayketthuc,
        kh1_0.tenkhoahoc,
        kh1_0.trangthai 
    from
        khoa_hoc kh1_0 
    left join
        chuong_trinh_hoc cth1_0 
            on cth1_0.macth=kh1_0.macth 
    where
        kh1_0.makh=?
2026-07-22 11:48:07 [http-nio-8081-exec-10] TRACE org.hibernate.orm.jdbc.bind - binding parameter (1:INTEGER) <- [2]
2026-07-22 11:51:10 [http-nio-8081-exec-3] DEBUG org.hibernate.SQL - 
    select
        lh1_0.malich,
        lh1_0.macahoc,
        lh1_0.ghichu,
        lh1_0.magv,
        lh1_0.malop,
        lh1_0.mamh,
        lh1_0.ngayhoc,
        lh1_0.maphong 
    from
        lich_hoc lh1_0
2026-07-22 11:51:10 [http-nio-8081-exec-7] DEBUG org.hibernate.SQL - 
    select
        lh1_0.malop,
        lh1_0.magv,
        lh1_0.makh,
        lh1_0.soluong,
        lh1_0.tenlop,
        lh1_0.trangthai 
    from
        lop_hoc lh1_0
2026-07-22 11:51:10 [http-nio-8081-exec-3] DEBUG org.hibernate.SQL - 
    select
        ch1_0.macahoc,
        ch1_0.giobatdau,
        ch1_0.gioketthuc,
        ch1_0.tencahoc 
    from
        ca_hoc ch1_0 
    where
        ch1_0.macahoc=?
2026-07-22 11:51:10 [http-nio-8081-exec-7] DEBUG org.hibernate.SQL - 
    select
        gv1_0.magv,
        gv1_0.cccd,
        gv1_0.diachi,
        gv1_0.email,
        gv1_0.gioitinh,
        gv1_0.hangday,
        gv1_0.hoten,
        gv1_0.ngaysinh,
        gv1_0.sodienthoai 
    from
        giao_vien gv1_0 
    where
        gv1_0.magv=?
2026-07-22 11:51:10 [http-nio-8081-exec-3] TRACE org.hibernate.orm.jdbc.bind - binding parameter (1:INTEGER) <- [1]
2026-07-22 11:51:10 [http-nio-8081-exec-7] TRACE org.hibernate.orm.jdbc.bind - binding parameter (1:INTEGER) <- [1]
2026-07-22 11:51:10 [http-nio-8081-exec-7] DEBUG org.hibernate.SQL - 
    select
        kh1_0.makh,
        cth1_0.macth,
        cth1_0.hangbang,
        cth1_0.hocphi,
        cth1_0.sobuoilythuyet,
        cth1_0.sobuoithuchanh,
        cth1_0.tenchuongtrinh,
        kh1_0.ngaybatdau,
        kh1_0.ngayketthuc,
        kh1_0.tenkhoahoc,
        kh1_0.trangthai 
    from
        khoa_hoc kh1_0 
    left join
        chuong_trinh_hoc cth1_0 
            on cth1_0.macth=kh1_0.macth 
    where
        kh1_0.makh=?
2026-07-22 11:51:10 [http-nio-8081-exec-7] TRACE org.hibernate.orm.jdbc.bind - binding parameter (1:INTEGER) <- [1]
2026-07-22 11:51:10 [http-nio-8081-exec-7] DEBUG org.hibernate.SQL - 
    select
        kh1_0.makh,
        cth1_0.macth,
        cth1_0.hangbang,
        cth1_0.hocphi,
        cth1_0.sobuoilythuyet,
        cth1_0.sobuoithuchanh,
        cth1_0.tenchuongtrinh,
        kh1_0.ngaybatdau,
        kh1_0.ngayketthuc,
        kh1_0.tenkhoahoc,
        kh1_0.trangthai 
    from
        khoa_hoc kh1_0 
    left join
        chuong_trinh_hoc cth1_0 
            on cth1_0.macth=kh1_0.macth 
    where
        kh1_0.makh=?
2026-07-22 11:51:10 [http-nio-8081-exec-7] TRACE org.hibernate.orm.jdbc.bind - binding parameter (1:INTEGER) <- [2]
2026-07-22 11:51:26 [http-nio-8081-exec-9] DEBUG org.hibernate.SQL - 
    select
        lh1_0.malop,
        lh1_0.magv,
        lh1_0.makh,
        lh1_0.soluong,
        lh1_0.tenlop,
        lh1_0.trangthai 
    from
        lop_hoc lh1_0
2026-07-22 11:51:26 [http-nio-8081-exec-9] DEBUG org.hibernate.SQL - 
    select
        gv1_0.magv,
        gv1_0.cccd,
        gv1_0.diachi,
        gv1_0.email,
        gv1_0.gioitinh,
        gv1_0.hangday,
        gv1_0.hoten,
        gv1_0.ngaysinh,
        gv1_0.sodienthoai 
    from
        giao_vien gv1_0 
    where
        gv1_0.magv=?
2026-07-22 11:51:26 [http-nio-8081-exec-9] TRACE org.hibernate.orm.jdbc.bind - binding parameter (1:INTEGER) <- [1]
2026-07-22 11:51:26 [http-nio-8081-exec-9] DEBUG org.hibernate.SQL - 
    select
        kh1_0.makh,
        cth1_0.macth,
        cth1_0.hangbang,
        cth1_0.hocphi,
        cth1_0.sobuoilythuyet,
        cth1_0.sobuoithuchanh,
        cth1_0.tenchuongtrinh,
        kh1_0.ngaybatdau,
        kh1_0.ngayketthuc,
        kh1_0.tenkhoahoc,
        kh1_0.trangthai 
    from
        khoa_hoc kh1_0 
    left join
        chuong_trinh_hoc cth1_0 
            on cth1_0.macth=kh1_0.macth 
    where
        kh1_0.makh=?
2026-07-22 11:51:26 [http-nio-8081-exec-9] TRACE org.hibernate.orm.jdbc.bind - binding parameter (1:INTEGER) <- [1]
2026-07-22 11:51:26 [http-nio-8081-exec-9] DEBUG org.hibernate.SQL - 
    select
        kh1_0.makh,
        cth1_0.macth,
        cth1_0.hangbang,
        cth1_0.hocphi,
        cth1_0.sobuoilythuyet,
        cth1_0.sobuoithuchanh,
        cth1_0.tenchuongtrinh,
        kh1_0.ngaybatdau,
        kh1_0.ngayketthuc,
        kh1_0.tenkhoahoc,
        kh1_0.trangthai 
    from
        khoa_hoc kh1_0 
    left join
        chuong_trinh_hoc cth1_0 
            on cth1_0.macth=kh1_0.macth 
    where
        kh1_0.makh=?
2026-07-22 11:51:26 [http-nio-8081-exec-9] TRACE org.hibernate.orm.jdbc.bind - binding parameter (1:INTEGER) <- [2]
2026-07-22 11:51:26 [http-nio-8081-exec-8] DEBUG org.hibernate.SQL - 
    select
        mh1_0.mamh,
        mh1_0.so_tiet,
        mh1_0.tenmonhoc 
    from
        mon_hoc mh1_0
2026-07-22 11:51:27 [http-nio-8081-exec-2] DEBUG org.hibernate.SQL - 
    select
        hv1_0.mahv,
        hv1_0.cccd,
        hv1_0.diachi,
        hv1_0.email,
        hv1_0.gioitinh,
        hv1_0.hoten,
        hv1_0.ngaydangky,
        hv1_0.ngaysinh,
        hv1_0.sodienthoai 
    from
        hoc_vien hv1_0
2026-07-22 11:51:27 [http-nio-8081-exec-5] DEBUG org.hibernate.SQL - 
    select
        dkkh1_0.madk,
        dkkh1_0.mahv,
        dkkh1_0.makh,
        dkkh1_0.ngaydangky,
        dkkh1_0.trangthai 
    from
        dang_ky_khoa_hoc dkkh1_0
2026-07-22 11:51:27 [http-nio-8081-exec-5] DEBUG org.hibernate.SQL - 
    select
        hv1_0.mahv,
        hv1_0.cccd,
        hv1_0.diachi,
        hv1_0.email,
        hv1_0.gioitinh,
        hv1_0.hoten,
        hv1_0.ngaydangky,
        hv1_0.ngaysinh,
        hv1_0.sodienthoai 
    from
        hoc_vien hv1_0 
    where
        hv1_0.mahv=?
2026-07-22 11:51:27 [http-nio-8081-exec-5] TRACE org.hibernate.orm.jdbc.bind - binding parameter (1:INTEGER) <- [1]
2026-07-22 11:51:27 [http-nio-8081-exec-5] DEBUG org.hibernate.SQL - 
    select
        kh1_0.makh,
        cth1_0.macth,
        cth1_0.hangbang,
        cth1_0.hocphi,
        cth1_0.sobuoilythuyet,
        cth1_0.sobuoithuchanh,
        cth1_0.tenchuongtrinh,
        kh1_0.ngaybatdau,
        kh1_0.ngayketthuc,
        kh1_0.tenkhoahoc,
        kh1_0.trangthai 
    from
        khoa_hoc kh1_0 
    left join
        chuong_trinh_hoc cth1_0 
            on cth1_0.macth=kh1_0.macth 
    where
        kh1_0.makh=?
2026-07-22 11:51:27 [http-nio-8081-exec-5] TRACE org.hibernate.orm.jdbc.bind - binding parameter (1:INTEGER) <- [1]
2026-07-22 11:51:27 [http-nio-8081-exec-5] DEBUG org.hibernate.SQL - 
    select
        hv1_0.mahv,
        hv1_0.cccd,
        hv1_0.diachi,
        hv1_0.email,
        hv1_0.gioitinh,
        hv1_0.hoten,
        hv1_0.ngaydangky,
        hv1_0.ngaysinh,
        hv1_0.sodienthoai 
    from
        hoc_vien hv1_0 
    where
        hv1_0.mahv=?
2026-07-22 11:51:27 [http-nio-8081-exec-5] TRACE org.hibernate.orm.jdbc.bind - binding parameter (1:INTEGER) <- [2]
2026-07-22 11:51:27 [http-nio-8081-exec-5] DEBUG org.hibernate.SQL - 
    select
        hv1_0.mahv,
        hv1_0.cccd,
        hv1_0.diachi,
        hv1_0.email,
        hv1_0.gioitinh,
        hv1_0.hoten,
        hv1_0.ngaydangky,
        hv1_0.ngaysinh,
        hv1_0.sodienthoai 
    from
        hoc_vien hv1_0 
    where
        hv1_0.mahv=?
2026-07-22 11:51:27 [http-nio-8081-exec-5] TRACE org.hibernate.orm.jdbc.bind - binding parameter (1:INTEGER) <- [3]
2026-07-22 11:51:27 [http-nio-8081-exec-5] DEBUG org.hibernate.SQL - 
    select
        kh1_0.makh,
        cth1_0.macth,
        cth1_0.hangbang,
        cth1_0.hocphi,
        cth1_0.sobuoilythuyet,
        cth1_0.sobuoithuchanh,
        cth1_0.tenchuongtrinh,
        kh1_0.ngaybatdau,
        kh1_0.ngayketthuc,
        kh1_0.tenkhoahoc,
        kh1_0.trangthai 
    from
        khoa_hoc kh1_0 
    left join
        chuong_trinh_hoc cth1_0 
            on cth1_0.macth=kh1_0.macth 
    where
        kh1_0.makh=?
2026-07-22 11:51:27 [http-nio-8081-exec-5] TRACE org.hibernate.orm.jdbc.bind - binding parameter (1:INTEGER) <- [2]
2026-07-22 11:51:27 [http-nio-8081-exec-4] DEBUG org.hibernate.SQL - 
    select
        tt1_0.matt,
        tt1_0.madk,
        tt1_0.mahv,
        tt1_0.ngaythanhtoan,
        tt1_0.phuongthuc,
        tt1_0.sotien,
        tt1_0.trangthai 
    from
        thanh_toan tt1_0
2026-07-22 11:51:27 [http-nio-8081-exec-4] DEBUG org.hibernate.SQL - 
    select
        dkkh1_0.madk,
        dkkh1_0.mahv,
        hv1_0.mahv,
        hv1_0.cccd,
        hv1_0.diachi,
        hv1_0.email,
        hv1_0.gioitinh,
        hv1_0.hoten,
        hv1_0.ngaydangky,
        hv1_0.ngaysinh,
        hv1_0.sodienthoai,
        dkkh1_0.makh,
        kh1_0.makh,
        cth1_0.macth,
        cth1_0.hangbang,
        cth1_0.hocphi,
        cth1_0.sobuoilythuyet,
        cth1_0.sobuoithuchanh,
        cth1_0.tenchuongtrinh,
        kh1_0.ngaybatdau,
        kh1_0.ngayketthuc,
        kh1_0.tenkhoahoc,
        kh1_0.trangthai,
        dkkh1_0.ngaydangky,
        dkkh1_0.trangthai 
    from
        dang_ky_khoa_hoc dkkh1_0 
    join
        hoc_vien hv1_0 
            on hv1_0.mahv=dkkh1_0.mahv 
    join
        khoa_hoc kh1_0 
            on kh1_0.makh=dkkh1_0.makh 
    left join
        chuong_trinh_hoc cth1_0 
            on cth1_0.macth=kh1_0.macth 
    where
        dkkh1_0.madk=?
2026-07-22 11:51:27 [http-nio-8081-exec-4] TRACE org.hibernate.orm.jdbc.bind - binding parameter (1:INTEGER) <- [1]
2026-07-22 11:51:27 [http-nio-8081-exec-4] DEBUG org.hibernate.SQL - 
    select
        dkkh1_0.madk,
        dkkh1_0.mahv,
        hv1_0.mahv,
        hv1_0.cccd,
        hv1_0.diachi,
        hv1_0.email,
        hv1_0.gioitinh,
        hv1_0.hoten,
        hv1_0.ngaydangky,
        hv1_0.ngaysinh,
        hv1_0.sodienthoai,
        dkkh1_0.makh,
        kh1_0.makh,
        cth1_0.macth,
        cth1_0.hangbang,
        cth1_0.hocphi,
        cth1_0.sobuoilythuyet,
        cth1_0.sobuoithuchanh,
        cth1_0.tenchuongtrinh,
        kh1_0.ngaybatdau,
        kh1_0.ngayketthuc,
        kh1_0.tenkhoahoc,
        kh1_0.trangthai,
        dkkh1_0.ngaydangky,
        dkkh1_0.trangthai 
    from
        dang_ky_khoa_hoc dkkh1_0 
    join
        hoc_vien hv1_0 
            on hv1_0.mahv=dkkh1_0.mahv 
    join
        khoa_hoc kh1_0 
            on kh1_0.makh=dkkh1_0.makh 
    left join
        chuong_trinh_hoc cth1_0 
            on cth1_0.macth=kh1_0.macth 
    where
        dkkh1_0.madk=?
2026-07-22 11:51:27 [http-nio-8081-exec-4] TRACE org.hibernate.orm.jdbc.bind - binding parameter (1:INTEGER) <- [2]
2026-07-22 11:51:27 [http-nio-8081-exec-4] DEBUG org.hibernate.SQL - 
    select
        dkkh1_0.madk,
        dkkh1_0.mahv,
        hv1_0.mahv,
        hv1_0.cccd,
        hv1_0.diachi,
        hv1_0.email,
        hv1_0.gioitinh,
        hv1_0.hoten,
        hv1_0.ngaydangky,
        hv1_0.ngaysinh,
        hv1_0.sodienthoai,
        dkkh1_0.makh,
        kh1_0.makh,
        cth1_0.macth,
        cth1_0.hangbang,
        cth1_0.hocphi,
        cth1_0.sobuoilythuyet,
        cth1_0.sobuoithuchanh,
        cth1_0.tenchuongtrinh,
        kh1_0.ngaybatdau,
        kh1_0.ngayketthuc,
        kh1_0.tenkhoahoc,
        kh1_0.trangthai,
        dkkh1_0.ngaydangky,
        dkkh1_0.trangthai 
    from
        dang_ky_khoa_hoc dkkh1_0 
    join
        hoc_vien hv1_0 
            on hv1_0.mahv=dkkh1_0.mahv 
    join
        khoa_hoc kh1_0 
            on kh1_0.makh=dkkh1_0.makh 
    left join
        chuong_trinh_hoc cth1_0 
            on cth1_0.macth=kh1_0.macth 
    where
        dkkh1_0.madk=?
2026-07-22 11:51:27 [http-nio-8081-exec-4] TRACE org.hibernate.orm.jdbc.bind - binding parameter (1:INTEGER) <- [3]
2026-07-22 11:54:21 [http-nio-8081-exec-9] DEBUG org.hibernate.SQL - 
    select
        dkkh1_0.madk,
        dkkh1_0.mahv,
        dkkh1_0.makh,
        dkkh1_0.ngaydangky,
        dkkh1_0.trangthai 
    from
        dang_ky_khoa_hoc dkkh1_0
2026-07-22 11:54:21 [http-nio-8081-exec-7] DEBUG org.hibernate.SQL - 
    select
        hv1_0.mahv,
        hv1_0.cccd,
        hv1_0.diachi,
        hv1_0.email,
        hv1_0.gioitinh,
        hv1_0.hoten,
        hv1_0.ngaydangky,
        hv1_0.ngaysinh,
        hv1_0.sodienthoai 
    from
        hoc_vien hv1_0
2026-07-22 11:54:21 [http-nio-8081-exec-9] DEBUG org.hibernate.SQL - 
    select
        hv1_0.mahv,
        hv1_0.cccd,
        hv1_0.diachi,
        hv1_0.email,
        hv1_0.gioitinh,
        hv1_0.hoten,
        hv1_0.ngaydangky,
        hv1_0.ngaysinh,
        hv1_0.sodienthoai 
    from
        hoc_vien hv1_0 
    where
        hv1_0.mahv=?
2026-07-22 11:54:21 [http-nio-8081-exec-9] TRACE org.hibernate.orm.jdbc.bind - binding parameter (1:INTEGER) <- [1]
2026-07-22 11:54:21 [http-nio-8081-exec-9] DEBUG org.hibernate.SQL - 
    select
        kh1_0.makh,
        cth1_0.macth,
        cth1_0.hangbang,
        cth1_0.hocphi,
        cth1_0.sobuoilythuyet,
        cth1_0.sobuoithuchanh,
        cth1_0.tenchuongtrinh,
        kh1_0.ngaybatdau,
        kh1_0.ngayketthuc,
        kh1_0.tenkhoahoc,
        kh1_0.trangthai 
    from
        khoa_hoc kh1_0 
    left join
        chuong_trinh_hoc cth1_0 
            on cth1_0.macth=kh1_0.macth 
    where
        kh1_0.makh=?
2026-07-22 11:54:21 [http-nio-8081-exec-9] TRACE org.hibernate.orm.jdbc.bind - binding parameter (1:INTEGER) <- [1]
2026-07-22 11:54:21 [http-nio-8081-exec-9] DEBUG org.hibernate.SQL - 
    select
        hv1_0.mahv,
        hv1_0.cccd,
        hv1_0.diachi,
        hv1_0.email,
        hv1_0.gioitinh,
        hv1_0.hoten,
        hv1_0.ngaydangky,
        hv1_0.ngaysinh,
        hv1_0.sodienthoai 
    from
        hoc_vien hv1_0 
    where
        hv1_0.mahv=?
2026-07-22 11:54:21 [http-nio-8081-exec-9] TRACE org.hibernate.orm.jdbc.bind - binding parameter (1:INTEGER) <- [2]
2026-07-22 11:54:21 [http-nio-8081-exec-9] DEBUG org.hibernate.SQL - 
    select
        hv1_0.mahv,
        hv1_0.cccd,
        hv1_0.diachi,
        hv1_0.email,
        hv1_0.gioitinh,
        hv1_0.hoten,
        hv1_0.ngaydangky,
        hv1_0.ngaysinh,
        hv1_0.sodienthoai 
    from
        hoc_vien hv1_0 
    where
        hv1_0.mahv=?
2026-07-22 11:54:21 [http-nio-8081-exec-9] TRACE org.hibernate.orm.jdbc.bind - binding parameter (1:INTEGER) <- [3]
2026-07-22 11:54:21 [http-nio-8081-exec-9] DEBUG org.hibernate.SQL - 
    select
        kh1_0.makh,
        cth1_0.macth,
        cth1_0.hangbang,
        cth1_0.hocphi,
        cth1_0.sobuoilythuyet,
        cth1_0.sobuoithuchanh,
        cth1_0.tenchuongtrinh,
        kh1_0.ngaybatdau,
        kh1_0.ngayketthuc,
        kh1_0.tenkhoahoc,
        kh1_0.trangthai 
    from
        khoa_hoc kh1_0 
    left join
        chuong_trinh_hoc cth1_0 
            on cth1_0.macth=kh1_0.macth 
    where
        kh1_0.makh=?
2026-07-22 11:54:21 [http-nio-8081-exec-9] TRACE org.hibernate.orm.jdbc.bind - binding parameter (1:INTEGER) <- [2]
2026-07-22 11:54:21 [http-nio-8081-exec-8] DEBUG org.hibernate.SQL - 
    select
        tt1_0.matt,
        tt1_0.madk,
        tt1_0.mahv,
        tt1_0.ngaythanhtoan,
        tt1_0.phuongthuc,
        tt1_0.sotien,
        tt1_0.trangthai 
    from
        thanh_toan tt1_0
2026-07-22 11:54:21 [http-nio-8081-exec-8] DEBUG org.hibernate.SQL - 
    select
        dkkh1_0.madk,
        dkkh1_0.mahv,
        hv1_0.mahv,
        hv1_0.cccd,
        hv1_0.diachi,
        hv1_0.email,
        hv1_0.gioitinh,
        hv1_0.hoten,
        hv1_0.ngaydangky,
        hv1_0.ngaysinh,
        hv1_0.sodienthoai,
        dkkh1_0.makh,
        kh1_0.makh,
        cth1_0.macth,
        cth1_0.hangbang,
        cth1_0.hocphi,
        cth1_0.sobuoilythuyet,
        cth1_0.sobuoithuchanh,
        cth1_0.tenchuongtrinh,
        kh1_0.ngaybatdau,
        kh1_0.ngayketthuc,
        kh1_0.tenkhoahoc,
        kh1_0.trangthai,
        dkkh1_0.ngaydangky,
        dkkh1_0.trangthai 
    from
        dang_ky_khoa_hoc dkkh1_0 
    join
        hoc_vien hv1_0 
            on hv1_0.mahv=dkkh1_0.mahv 
    join
        khoa_hoc kh1_0 
            on kh1_0.makh=dkkh1_0.makh 
    left join
        chuong_trinh_hoc cth1_0 
            on cth1_0.macth=kh1_0.macth 
    where
        dkkh1_0.madk=?
2026-07-22 11:54:21 [http-nio-8081-exec-8] TRACE org.hibernate.orm.jdbc.bind - binding parameter (1:INTEGER) <- [1]
2026-07-22 11:54:21 [http-nio-8081-exec-8] DEBUG org.hibernate.SQL - 
    select
        dkkh1_0.madk,
        dkkh1_0.mahv,
        hv1_0.mahv,
        hv1_0.cccd,
        hv1_0.diachi,
        hv1_0.email,
        hv1_0.gioitinh,
        hv1_0.hoten,
        hv1_0.ngaydangky,
        hv1_0.ngaysinh,
        hv1_0.sodienthoai,
        dkkh1_0.makh,
        kh1_0.makh,
        cth1_0.macth,
        cth1_0.hangbang,
        cth1_0.hocphi,
        cth1_0.sobuoilythuyet,
        cth1_0.sobuoithuchanh,
        cth1_0.tenchuongtrinh,
        kh1_0.ngaybatdau,
        kh1_0.ngayketthuc,
        kh1_0.tenkhoahoc,
        kh1_0.trangthai,
        dkkh1_0.ngaydangky,
        dkkh1_0.trangthai 
    from
        dang_ky_khoa_hoc dkkh1_0 
    join
        hoc_vien hv1_0 
            on hv1_0.mahv=dkkh1_0.mahv 
    join
        khoa_hoc kh1_0 
            on kh1_0.makh=dkkh1_0.makh 
    left join
        chuong_trinh_hoc cth1_0 
            on cth1_0.macth=kh1_0.macth 
    where
        dkkh1_0.madk=?
2026-07-22 11:54:21 [http-nio-8081-exec-8] TRACE org.hibernate.orm.jdbc.bind - binding parameter (1:INTEGER) <- [2]
2026-07-22 11:54:21 [http-nio-8081-exec-8] DEBUG org.hibernate.SQL - 
    select
        dkkh1_0.madk,
        dkkh1_0.mahv,
        hv1_0.mahv,
        hv1_0.cccd,
        hv1_0.diachi,
        hv1_0.email,
        hv1_0.gioitinh,
        hv1_0.hoten,
        hv1_0.ngaydangky,
        hv1_0.ngaysinh,
        hv1_0.sodienthoai,
        dkkh1_0.makh,
        kh1_0.makh,
        cth1_0.macth,
        cth1_0.hangbang,
        cth1_0.hocphi,
        cth1_0.sobuoilythuyet,
        cth1_0.sobuoithuchanh,
        cth1_0.tenchuongtrinh,
        kh1_0.ngaybatdau,
        kh1_0.ngayketthuc,
        kh1_0.tenkhoahoc,
        kh1_0.trangthai,
        dkkh1_0.ngaydangky,
        dkkh1_0.trangthai 
    from
        dang_ky_khoa_hoc dkkh1_0 
    join
        hoc_vien hv1_0 
            on hv1_0.mahv=dkkh1_0.mahv 
    join
        khoa_hoc kh1_0 
            on kh1_0.makh=dkkh1_0.makh 
    left join
        chuong_trinh_hoc cth1_0 
            on cth1_0.macth=kh1_0.macth 
    where
        dkkh1_0.madk=?
2026-07-22 11:54:21 [http-nio-8081-exec-8] TRACE org.hibernate.orm.jdbc.bind - binding parameter (1:INTEGER) <- [3]
2026-07-22 11:56:42 [http-nio-8081-exec-10] DEBUG org.hibernate.SQL - 
    select
        pt1_0.maphongthi,
        pt1_0.diadiem,
        pt1_0.succhua,
        pt1_0.tenphong,
        pt1_0.trangthai 
    from
        phong_thi pt1_0
2026-07-22 11:58:00 [http-nio-8081-exec-6] DEBUG org.hibernate.SQL - 
    select
        pt1_0.maphongthi,
        pt1_0.diadiem,
        pt1_0.succhua,
        pt1_0.tenphong,
        pt1_0.trangthai 
    from
        phong_thi pt1_0
2026-07-22 11:59:01 [http-nio-8081-exec-9] DEBUG org.hibernate.SQL - 
    select
        pt1_0.maphongthi,
        pt1_0.diadiem,
        pt1_0.succhua,
        pt1_0.tenphong,
        pt1_0.trangthai 
    from
        phong_thi pt1_0 
    where
        pt1_0.maphongthi=?
2026-07-22 11:59:01 [http-nio-8081-exec-9] TRACE org.hibernate.orm.jdbc.bind - binding parameter (1:INTEGER) <- [1]
2026-07-22 11:59:02 [http-nio-8081-exec-9] DEBUG org.hibernate.SQL - 
    delete 
    from
        phong_thi 
    where
        maphongthi=?
2026-07-22 11:59:02 [http-nio-8081-exec-9] TRACE org.hibernate.orm.jdbc.bind - binding parameter (1:INTEGER) <- [1]
2026-07-22 11:59:02 [http-nio-8081-exec-9] INFO  org.hibernate.orm.jdbc.batch - HHH100503: On release of batch it still contained JDBC statements
2026-07-22 11:59:02 [http-nio-8081-exec-9] ERROR org.hibernate.orm.jdbc.batch - HHH100501: Exception executing batch [java.sql.BatchUpdateException: The DELETE statement conflicted with the REFERENCE constraint "FKi6f95f7rgg425a670mob7bjb4". The conflict occurred in database "duantotnghiep01", table "dbo.lich_thi", column 'maphongthi'.], SQL: delete from phong_thi where maphongthi=?
2026-07-22 11:59:02 [http-nio-8081-exec-9] WARN  o.h.e.jdbc.spi.SqlExceptionHelper - SQL Error: 547, SQLState: 23000
2026-07-22 11:59:02 [http-nio-8081-exec-9] ERROR o.h.e.jdbc.spi.SqlExceptionHelper - The DELETE statement conflicted with the REFERENCE constraint "FKi6f95f7rgg425a670mob7bjb4". The conflict occurred in database "duantotnghiep01", table "dbo.lich_thi", column 'maphongthi'.
2026-07-22 11:59:13 [http-nio-8081-exec-2] DEBUG org.hibernate.SQL - 
    select
        ct1_0.macathi,
        ct1_0.gio_bat_dau,
        ct1_0.gio_ket_thuc,
        ct1_0.ten_ca 
    from
        ca_thi ct1_0
2026-07-22 12:00:30 [http-nio-8081-exec-5] DEBUG org.hibernate.SQL - 
    select
        ct1_0.macathi,
        ct1_0.gio_bat_dau,
        ct1_0.gio_ket_thuc,
        ct1_0.ten_ca 
    from
        ca_thi ct1_0
2026-07-22 12:02:12 [http-nio-8081-exec-6] DEBUG org.hibernate.SQL - 
    select
        kh1_0.makh,
        kh1_0.macth,
        kh1_0.ngaybatdau,
        kh1_0.ngayketthuc,
        kh1_0.tenkhoahoc,
        kh1_0.trangthai 
    from
        khoa_hoc kh1_0
2026-07-22 12:02:12 [http-nio-8081-exec-6] DEBUG org.hibernate.SQL - 
    select
        cth1_0.macth,
        cth1_0.hangbang,
        cth1_0.hocphi,
        cth1_0.sobuoilythuyet,
        cth1_0.sobuoithuchanh,
        cth1_0.tenchuongtrinh 
    from
        chuong_trinh_hoc cth1_0 
    where
        cth1_0.macth=?
2026-07-22 12:02:12 [http-nio-8081-exec-6] TRACE org.hibernate.orm.jdbc.bind - binding parameter (1:INTEGER) <- [2]
2026-07-22 12:02:12 [http-nio-8081-exec-6] DEBUG org.hibernate.SQL - 
    select
        count_big(dkkh1_0.madk) 
    from
        dang_ky_khoa_hoc dkkh1_0 
    where
        dkkh1_0.makh=?
2026-07-22 12:02:12 [http-nio-8081-exec-6] TRACE org.hibernate.orm.jdbc.bind - binding parameter (1:INTEGER) <- [1]
2026-07-22 12:02:12 [http-nio-8081-exec-6] DEBUG org.hibernate.SQL - 
    select
        count_big(dkkh1_0.madk) 
    from
        dang_ky_khoa_hoc dkkh1_0 
    where
        dkkh1_0.makh=?
2026-07-22 12:02:12 [http-nio-8081-exec-6] TRACE org.hibernate.orm.jdbc.bind - binding parameter (1:INTEGER) <- [2]
2026-07-22 12:02:12 [http-nio-8081-exec-3] DEBUG org.hibernate.SQL - 
    select
        pt1_0.maphongthi,
        pt1_0.diadiem,
        pt1_0.succhua,
        pt1_0.tenphong,
        pt1_0.trangthai 
    from
        phong_thi pt1_0
2026-07-22 12:02:12 [http-nio-8081-exec-7] DEBUG org.hibernate.SQL - 
    select
        ct1_0.macathi,
        ct1_0.gio_bat_dau,
        ct1_0.gio_ket_thuc,
        ct1_0.ten_ca 
    from
        ca_thi ct1_0
2026-07-22 12:02:12 [http-nio-8081-exec-8] DEBUG org.hibernate.SQL - 
    select
        lt1_0.malichthi,
        lt1_0.macathi,
        lt1_0.ghichu,
        lt1_0.ngaythi,
        lt1_0.maphongthi 
    from
        lich_thi lt1_0
2026-07-22 12:02:12 [http-nio-8081-exec-8] DEBUG org.hibernate.SQL - 
    select
        ct1_0.macathi,
        ct1_0.gio_bat_dau,
        ct1_0.gio_ket_thuc,
        ct1_0.ten_ca 
    from
        ca_thi ct1_0 
    where
        ct1_0.macathi=?
2026-07-22 12:02:12 [http-nio-8081-exec-8] TRACE org.hibernate.orm.jdbc.bind - binding parameter (1:INTEGER) <- [1]
2026-07-22 12:02:12 [http-nio-8081-exec-8] DEBUG org.hibernate.SQL - 
    select
        pt1_0.maphongthi,
        pt1_0.diadiem,
        pt1_0.succhua,
        pt1_0.tenphong,
        pt1_0.trangthai 
    from
        phong_thi pt1_0 
    where
        pt1_0.maphongthi=?
2026-07-22 12:02:12 [http-nio-8081-exec-8] TRACE org.hibernate.orm.jdbc.bind - binding parameter (1:INTEGER) <- [1]
2026-07-22 12:02:12 [http-nio-8081-exec-8] DEBUG org.hibernate.SQL - 
    select
        pt1_0.maphongthi,
        pt1_0.diadiem,
        pt1_0.succhua,
        pt1_0.tenphong,
        pt1_0.trangthai 
    from
        phong_thi pt1_0 
    where
        pt1_0.maphongthi=?
2026-07-22 12:02:12 [http-nio-8081-exec-8] TRACE org.hibernate.orm.jdbc.bind - binding parameter (1:INTEGER) <- [2]
2026-07-22 12:04:01 [http-nio-8081-exec-5] DEBUG org.hibernate.SQL - 
    select
        pt1_0.maphongthi,
        pt1_0.diadiem,
        pt1_0.succhua,
        pt1_0.tenphong,
        pt1_0.trangthai 
    from
        phong_thi pt1_0
2026-07-22 12:04:01 [http-nio-8081-exec-10] DEBUG org.hibernate.SQL - 
    select
        ct1_0.macathi,
        ct1_0.gio_bat_dau,
        ct1_0.gio_ket_thuc,
        ct1_0.ten_ca 
    from
        ca_thi ct1_0
2026-07-22 12:04:01 [http-nio-8081-exec-1] DEBUG org.hibernate.SQL - 
    select
        kh1_0.makh,
        kh1_0.macth,
        kh1_0.ngaybatdau,
        kh1_0.ngayketthuc,
        kh1_0.tenkhoahoc,
        kh1_0.trangthai 
    from
        khoa_hoc kh1_0
2026-07-22 12:04:01 [http-nio-8081-exec-1] DEBUG org.hibernate.SQL - 
    select
        cth1_0.macth,
        cth1_0.hangbang,
        cth1_0.hocphi,
        cth1_0.sobuoilythuyet,
        cth1_0.sobuoithuchanh,
        cth1_0.tenchuongtrinh 
    from
        chuong_trinh_hoc cth1_0 
    where
        cth1_0.macth=?
2026-07-22 12:04:01 [http-nio-8081-exec-1] TRACE org.hibernate.orm.jdbc.bind - binding parameter (1:INTEGER) <- [2]
2026-07-22 12:04:01 [http-nio-8081-exec-1] DEBUG org.hibernate.SQL - 
    select
        count_big(dkkh1_0.madk) 
    from
        dang_ky_khoa_hoc dkkh1_0 
    where
        dkkh1_0.makh=?
2026-07-22 12:04:01 [http-nio-8081-exec-1] TRACE org.hibernate.orm.jdbc.bind - binding parameter (1:INTEGER) <- [1]
2026-07-22 12:04:01 [http-nio-8081-exec-1] DEBUG org.hibernate.SQL - 
    select
        count_big(dkkh1_0.madk) 
    from
        dang_ky_khoa_hoc dkkh1_0 
    where
        dkkh1_0.makh=?
2026-07-22 12:04:01 [http-nio-8081-exec-1] TRACE org.hibernate.orm.jdbc.bind - binding parameter (1:INTEGER) <- [2]
2026-07-22 12:04:01 [http-nio-8081-exec-4] DEBUG org.hibernate.SQL - 
    select
        lt1_0.malichthi,
        lt1_0.macathi,
        lt1_0.ghichu,
        lt1_0.ngaythi,
        lt1_0.maphongthi 
    from
        lich_thi lt1_0
2026-07-22 12:04:01 [http-nio-8081-exec-4] DEBUG org.hibernate.SQL - 
    select
        ct1_0.macathi,
        ct1_0.gio_bat_dau,
        ct1_0.gio_ket_thuc,
        ct1_0.ten_ca 
    from
        ca_thi ct1_0 
    where
        ct1_0.macathi=?
2026-07-22 12:04:01 [http-nio-8081-exec-4] TRACE org.hibernate.orm.jdbc.bind - binding parameter (1:INTEGER) <- [1]
2026-07-22 12:04:01 [http-nio-8081-exec-4] DEBUG org.hibernate.SQL - 
    select
        pt1_0.maphongthi,
        pt1_0.diadiem,
        pt1_0.succhua,
        pt1_0.tenphong,
        pt1_0.trangthai 
    from
        phong_thi pt1_0 
    where
        pt1_0.maphongthi=?
2026-07-22 12:04:01 [http-nio-8081-exec-4] TRACE org.hibernate.orm.jdbc.bind - binding parameter (1:INTEGER) <- [1]
2026-07-22 12:04:01 [http-nio-8081-exec-4] DEBUG org.hibernate.SQL - 
    select
        pt1_0.maphongthi,
        pt1_0.diadiem,
        pt1_0.succhua,
        pt1_0.tenphong,
        pt1_0.trangthai 
    from
        phong_thi pt1_0 
    where
        pt1_0.maphongthi=?
2026-07-22 12:04:01 [http-nio-8081-exec-4] TRACE org.hibernate.orm.jdbc.bind - binding parameter (1:INTEGER) <- [2]
2026-07-22 12:04:33 [http-nio-8081-exec-6] DEBUG org.hibernate.SQL - 
    select
        hv1_0.mahv,
        hv1_0.cccd,
        hv1_0.diachi,
        hv1_0.email,
        hv1_0.gioitinh,
        hv1_0.hoten,
        hv1_0.ngaydangky,
        hv1_0.ngaysinh,
        hv1_0.sodienthoai 
    from
        hoc_vien hv1_0
2026-07-22 12:04:33 [http-nio-8081-exec-3] DEBUG org.hibernate.SQL - 
    select
        lt1_0.malichthi,
        lt1_0.macathi,
        lt1_0.ghichu,
        lt1_0.ngaythi,
        lt1_0.maphongthi 
    from
        lich_thi lt1_0
2026-07-22 12:04:33 [http-nio-8081-exec-3] DEBUG org.hibernate.SQL - 
    select
        ct1_0.macathi,
        ct1_0.gio_bat_dau,
        ct1_0.gio_ket_thuc,
        ct1_0.ten_ca 
    from
        ca_thi ct1_0 
    where
        ct1_0.macathi=?
2026-07-22 12:04:33 [http-nio-8081-exec-3] TRACE org.hibernate.orm.jdbc.bind - binding parameter (1:INTEGER) <- [1]
2026-07-22 12:04:33 [http-nio-8081-exec-3] DEBUG org.hibernate.SQL - 
    select
        pt1_0.maphongthi,
        pt1_0.diadiem,
        pt1_0.succhua,
        pt1_0.tenphong,
        pt1_0.trangthai 
    from
        phong_thi pt1_0 
    where
        pt1_0.maphongthi=?
2026-07-22 12:04:33 [http-nio-8081-exec-3] TRACE org.hibernate.orm.jdbc.bind - binding parameter (1:INTEGER) <- [1]
2026-07-22 12:04:33 [http-nio-8081-exec-3] DEBUG org.hibernate.SQL - 
    select
        pt1_0.maphongthi,
        pt1_0.diadiem,
        pt1_0.succhua,
        pt1_0.tenphong,
        pt1_0.trangthai 
    from
        phong_thi pt1_0 
    where
        pt1_0.maphongthi=?
2026-07-22 12:04:33 [http-nio-8081-exec-3] TRACE org.hibernate.orm.jdbc.bind - binding parameter (1:INTEGER) <- [2]
2026-07-22 12:04:33 [http-nio-8081-exec-9] DEBUG org.hibernate.SQL - 
    select
        kqt1_0.id,
        kqt1_0.diem,
        kqt1_0.ghichu,
        kqt1_0.ketqua,
        kqt1_0.mathi 
    from
        ket_qua_thi kqt1_0
2026-07-22 12:04:33 [http-nio-8081-exec-9] DEBUG org.hibernate.SQL - 
    select
        tsh1_0.mathi,
        tsh1_0.ghichu,
        hv1_0.mahv,
        hv1_0.cccd,
        hv1_0.diachi,
        hv1_0.email,
        hv1_0.gioitinh,
        hv1_0.hoten,
        hv1_0.ngaydangky,
        hv1_0.ngaysinh,
        hv1_0.sodienthoai,
        tsh1_0.ketqua,
        lt1_0.malichthi,
        ct1_0.macathi,
        ct1_0.gio_bat_dau,
        ct1_0.gio_ket_thuc,
        ct1_0.ten_ca,
        lt1_0.ghichu,
        lt1_0.ngaythi,
        pt1_0.maphongthi,
        pt1_0.diadiem,
        pt1_0.succhua,
        pt1_0.tenphong,
        pt1_0.trangthai,
        tsh1_0.ngaythi 
    from
        thi_sat_hach tsh1_0 
    left join
        hoc_vien hv1_0 
            on hv1_0.mahv=tsh1_0.mahv 
    left join
        lich_thi lt1_0 
            on lt1_0.malichthi=tsh1_0.malichthi 
    left join
        ca_thi ct1_0 
            on ct1_0.macathi=lt1_0.macathi 
    left join
        phong_thi pt1_0 
            on pt1_0.maphongthi=lt1_0.maphongthi 
    where
        tsh1_0.mathi=?
2026-07-22 12:04:33 [http-nio-8081-exec-9] TRACE org.hibernate.orm.jdbc.bind - binding parameter (1:INTEGER) <- [1]
2026-07-22 12:07:45 [http-nio-8081-exec-1] DEBUG org.hibernate.SQL - 
    select
        lt1_0.malichthi,
        lt1_0.macathi,
        lt1_0.ghichu,
        lt1_0.ngaythi,
        lt1_0.maphongthi 
    from
        lich_thi lt1_0
2026-07-22 12:07:45 [http-nio-8081-exec-5] DEBUG org.hibernate.SQL - 
    select
        hv1_0.mahv,
        hv1_0.cccd,
        hv1_0.diachi,
        hv1_0.email,
        hv1_0.gioitinh,
        hv1_0.hoten,
        hv1_0.ngaydangky,
        hv1_0.ngaysinh,
        hv1_0.sodienthoai 
    from
        hoc_vien hv1_0
2026-07-22 12:07:45 [http-nio-8081-exec-1] DEBUG org.hibernate.SQL - 
    select
        ct1_0.macathi,
        ct1_0.gio_bat_dau,
        ct1_0.gio_ket_thuc,
        ct1_0.ten_ca 
    from
        ca_thi ct1_0 
    where
        ct1_0.macathi=?
2026-07-22 12:07:45 [http-nio-8081-exec-1] TRACE org.hibernate.orm.jdbc.bind - binding parameter (1:INTEGER) <- [1]
2026-07-22 12:07:45 [http-nio-8081-exec-1] DEBUG org.hibernate.SQL - 
    select
        pt1_0.maphongthi,
        pt1_0.diadiem,
        pt1_0.succhua,
        pt1_0.tenphong,
        pt1_0.trangthai 
    from
        phong_thi pt1_0 
    where
        pt1_0.maphongthi=?
2026-07-22 12:07:45 [http-nio-8081-exec-1] TRACE org.hibernate.orm.jdbc.bind - binding parameter (1:INTEGER) <- [1]
2026-07-22 12:07:45 [http-nio-8081-exec-1] DEBUG org.hibernate.SQL - 
    select
        pt1_0.maphongthi,
        pt1_0.diadiem,
        pt1_0.succhua,
        pt1_0.tenphong,
        pt1_0.trangthai 
    from
        phong_thi pt1_0 
    where
        pt1_0.maphongthi=?
2026-07-22 12:07:45 [http-nio-8081-exec-1] TRACE org.hibernate.orm.jdbc.bind - binding parameter (1:INTEGER) <- [2]
2026-07-22 12:07:45 [http-nio-8081-exec-4] DEBUG org.hibernate.SQL - 
    select
        kqt1_0.id,
        kqt1_0.diem,
        kqt1_0.ghichu,
        kqt1_0.ketqua,
        kqt1_0.mathi 
    from
        ket_qua_thi kqt1_0
2026-07-22 12:07:45 [http-nio-8081-exec-4] DEBUG org.hibernate.SQL - 
    select
        tsh1_0.mathi,
        tsh1_0.ghichu,
        hv1_0.mahv,
        hv1_0.cccd,
        hv1_0.diachi,
        hv1_0.email,
        hv1_0.gioitinh,
        hv1_0.hoten,
        hv1_0.ngaydangky,
        hv1_0.ngaysinh,
        hv1_0.sodienthoai,
        tsh1_0.ketqua,
        lt1_0.malichthi,
        ct1_0.macathi,
        ct1_0.gio_bat_dau,
        ct1_0.gio_ket_thuc,
        ct1_0.ten_ca,
        lt1_0.ghichu,
        lt1_0.ngaythi,
        pt1_0.maphongthi,
        pt1_0.diadiem,
        pt1_0.succhua,
        pt1_0.tenphong,
        pt1_0.trangthai,
        tsh1_0.ngaythi 
    from
        thi_sat_hach tsh1_0 
    left join
        hoc_vien hv1_0 
            on hv1_0.mahv=tsh1_0.mahv 
    left join
        lich_thi lt1_0 
            on lt1_0.malichthi=tsh1_0.malichthi 
    left join
        ca_thi ct1_0 
            on ct1_0.macathi=lt1_0.macathi 
    left join
        phong_thi pt1_0 
            on pt1_0.maphongthi=lt1_0.maphongthi 
    where
        tsh1_0.mathi=?
2026-07-22 12:07:45 [http-nio-8081-exec-4] TRACE org.hibernate.orm.jdbc.bind - binding parameter (1:INTEGER) <- [1]
2026-07-22 12:07:51 [MessageBroker-2] INFO  o.s.w.s.c.WebSocketMessageBrokerStats - WebSocketSession[0 current WS(0)-HttpStream(0)-HttpPoll(0), 0 total, 0 closed abnormally (0 connect failure, 0 send limit, 0 transport error)], stompSubProtocol[processed CONNECT(0)-CONNECTED(0)-DISCONNECT(0)], stompBrokerRelay[null], inboundChannel[pool size = 0, active threads = 0, queued tasks = 0, completed tasks = 0], outboundChannel[pool size = 0, active threads = 0, queued tasks = 0, completed tasks = 0], sockJsScheduler[pool size = 4, active threads = 1, queued tasks = 0, completed tasks = 3]
2026-07-22 12:09:09 [http-nio-8081-exec-9] DEBUG org.hibernate.SQL - 
    select
        tsh1_0.mathi,
        tsh1_0.ghichu,
        tsh1_0.mahv,
        tsh1_0.ketqua,
        tsh1_0.malichthi,
        tsh1_0.ngaythi 
    from
        thi_sat_hach tsh1_0
2026-07-22 12:09:09 [http-nio-8081-exec-9] DEBUG org.hibernate.SQL - 
    select
        hv1_0.mahv,
        hv1_0.cccd,
        hv1_0.diachi,
        hv1_0.email,
        hv1_0.gioitinh,
        hv1_0.hoten,
        hv1_0.ngaydangky,
        hv1_0.ngaysinh,
        hv1_0.sodienthoai 
    from
        hoc_vien hv1_0 
    where
        hv1_0.mahv=?
2026-07-22 12:09:09 [http-nio-8081-exec-9] TRACE org.hibernate.orm.jdbc.bind - binding parameter (1:INTEGER) <- [1]
2026-07-22 12:10:16 [http-nio-8081-exec-8] DEBUG org.hibernate.SQL - 
    select
        tsh1_0.mathi,
        tsh1_0.ghichu,
        tsh1_0.mahv,
        tsh1_0.ketqua,
        tsh1_0.malichthi,
        tsh1_0.ngaythi 
    from
        thi_sat_hach tsh1_0
2026-07-22 12:10:16 [http-nio-8081-exec-8] DEBUG org.hibernate.SQL - 
    select
        hv1_0.mahv,
        hv1_0.cccd,
        hv1_0.diachi,
        hv1_0.email,
        hv1_0.gioitinh,
        hv1_0.hoten,
        hv1_0.ngaydangky,
        hv1_0.ngaysinh,
        hv1_0.sodienthoai 
    from
        hoc_vien hv1_0 
    where
        hv1_0.mahv=?
2026-07-22 12:10:16 [http-nio-8081-exec-8] TRACE org.hibernate.orm.jdbc.bind - binding parameter (1:INTEGER) <- [1]
2026-07-22 12:12:17 [http-nio-8081-exec-1] DEBUG org.hibernate.SQL - 
    select
        tg1_0.id,
        tg1_0.hanggplx,
        tg1_0.mahv,
        tg1_0.ngaycap,
        tg1_0.ngayhethan,
        tg1_0.sogplx,
        tg1_0.mathi,
        tg1_0.trangthai 
    from
        tra_gplx tg1_0
2026-07-22 12:12:17 [http-nio-8081-exec-1] DEBUG org.hibernate.SQL - 
    select
        hv1_0.mahv,
        hv1_0.cccd,
        hv1_0.diachi,
        hv1_0.email,
        hv1_0.gioitinh,
        hv1_0.hoten,
        hv1_0.ngaydangky,
        hv1_0.ngaysinh,
        hv1_0.sodienthoai 
    from
        hoc_vien hv1_0 
    where
        hv1_0.mahv=?
2026-07-22 12:12:17 [http-nio-8081-exec-1] TRACE org.hibernate.orm.jdbc.bind - binding parameter (1:INTEGER) <- [1]
2026-07-22 12:12:17 [http-nio-8081-exec-1] DEBUG org.hibernate.SQL - 
    select
        tsh1_0.mathi,
        tsh1_0.ghichu,
        hv1_0.mahv,
        hv1_0.cccd,
        hv1_0.diachi,
        hv1_0.email,
        hv1_0.gioitinh,
        hv1_0.hoten,
        hv1_0.ngaydangky,
        hv1_0.ngaysinh,
        hv1_0.sodienthoai,
        tsh1_0.ketqua,
        lt1_0.malichthi,
        ct1_0.macathi,
        ct1_0.gio_bat_dau,
        ct1_0.gio_ket_thuc,
        ct1_0.ten_ca,
        lt1_0.ghichu,
        lt1_0.ngaythi,
        pt1_0.maphongthi,
        pt1_0.diadiem,
        pt1_0.succhua,
        pt1_0.tenphong,
        pt1_0.trangthai,
        tsh1_0.ngaythi 
    from
        thi_sat_hach tsh1_0 
    left join
        hoc_vien hv1_0 
            on hv1_0.mahv=tsh1_0.mahv 
    left join
        lich_thi lt1_0 
            on lt1_0.malichthi=tsh1_0.malichthi 
    left join
        ca_thi ct1_0 
            on ct1_0.macathi=lt1_0.macathi 
    left join
        phong_thi pt1_0 
            on pt1_0.maphongthi=lt1_0.maphongthi 
    where
        tsh1_0.mathi=?
2026-07-22 12:12:18 [http-nio-8081-exec-1] TRACE org.hibernate.orm.jdbc.bind - binding parameter (1:INTEGER) <- [1]
2026-07-22 12:12:18 [http-nio-8081-exec-4] DEBUG org.hibernate.SQL - 
    select
        tsh1_0.mathi,
        tsh1_0.ghichu,
        tsh1_0.mahv,
        tsh1_0.ketqua,
        tsh1_0.malichthi,
        tsh1_0.ngaythi 
    from
        thi_sat_hach tsh1_0
2026-07-22 12:12:18 [http-nio-8081-exec-4] DEBUG org.hibernate.SQL - 
    select
        hv1_0.mahv,
        hv1_0.cccd,
        hv1_0.diachi,
        hv1_0.email,
        hv1_0.gioitinh,
        hv1_0.hoten,
        hv1_0.ngaydangky,
        hv1_0.ngaysinh,
        hv1_0.sodienthoai 
    from
        hoc_vien hv1_0 
    where
        hv1_0.mahv=?
2026-07-22 12:12:18 [http-nio-8081-exec-4] TRACE org.hibernate.orm.jdbc.bind - binding parameter (1:INTEGER) <- [1]
2026-07-22 12:12:27 [http-nio-8081-exec-3] DEBUG org.hibernate.SQL - 
    select
        tg1_0.id,
        tg1_0.hanggplx,
        tg1_0.mahv,
        tg1_0.ngaycap,
        tg1_0.ngayhethan,
        tg1_0.sogplx,
        tg1_0.mathi,
        tg1_0.trangthai 
    from
        tra_gplx tg1_0
2026-07-22 12:12:27 [http-nio-8081-exec-3] DEBUG org.hibernate.SQL - 
    select
        hv1_0.mahv,
        hv1_0.cccd,
        hv1_0.diachi,
        hv1_0.email,
        hv1_0.gioitinh,
        hv1_0.hoten,
        hv1_0.ngaydangky,
        hv1_0.ngaysinh,
        hv1_0.sodienthoai 
    from
        hoc_vien hv1_0 
    where
        hv1_0.mahv=?
2026-07-22 12:12:27 [http-nio-8081-exec-3] TRACE org.hibernate.orm.jdbc.bind - binding parameter (1:INTEGER) <- [1]
2026-07-22 12:12:27 [http-nio-8081-exec-3] DEBUG org.hibernate.SQL - 
    select
        tsh1_0.mathi,
        tsh1_0.ghichu,
        hv1_0.mahv,
        hv1_0.cccd,
        hv1_0.diachi,
        hv1_0.email,
        hv1_0.gioitinh,
        hv1_0.hoten,
        hv1_0.ngaydangky,
        hv1_0.ngaysinh,
        hv1_0.sodienthoai,
        tsh1_0.ketqua,
        lt1_0.malichthi,
        ct1_0.macathi,
        ct1_0.gio_bat_dau,
        ct1_0.gio_ket_thuc,
        ct1_0.ten_ca,
        lt1_0.ghichu,
        lt1_0.ngaythi,
        pt1_0.maphongthi,
        pt1_0.diadiem,
        pt1_0.succhua,
        pt1_0.tenphong,
        pt1_0.trangthai,
        tsh1_0.ngaythi 
    from
        thi_sat_hach tsh1_0 
    left join
        hoc_vien hv1_0 
            on hv1_0.mahv=tsh1_0.mahv 
    left join
        lich_thi lt1_0 
            on lt1_0.malichthi=tsh1_0.malichthi 
    left join
        ca_thi ct1_0 
            on ct1_0.macathi=lt1_0.macathi 
    left join
        phong_thi pt1_0 
            on pt1_0.maphongthi=lt1_0.maphongthi 
    where
        tsh1_0.mathi=?
2026-07-22 12:12:27 [http-nio-8081-exec-3] TRACE org.hibernate.orm.jdbc.bind - binding parameter (1:INTEGER) <- [1]
2026-07-22 12:13:20 [http-nio-8081-exec-6] DEBUG org.hibernate.SQL - 
    select
        tg1_0.id,
        tg1_0.hanggplx,
        tg1_0.mahv,
        tg1_0.ngaycap,
        tg1_0.ngayhethan,
        tg1_0.sogplx,
        tg1_0.mathi,
        tg1_0.trangthai 
    from
        tra_gplx tg1_0
2026-07-22 12:13:20 [http-nio-8081-exec-6] DEBUG org.hibernate.SQL - 
    select
        hv1_0.mahv,
        hv1_0.cccd,
        hv1_0.diachi,
        hv1_0.email,
        hv1_0.gioitinh,
        hv1_0.hoten,
        hv1_0.ngaydangky,
        hv1_0.ngaysinh,
        hv1_0.sodienthoai 
    from
        hoc_vien hv1_0 
    where
        hv1_0.mahv=?
2026-07-22 12:13:20 [http-nio-8081-exec-6] TRACE org.hibernate.orm.jdbc.bind - binding parameter (1:INTEGER) <- [1]
2026-07-22 12:13:20 [http-nio-8081-exec-6] DEBUG org.hibernate.SQL - 
    select
        tsh1_0.mathi,
        tsh1_0.ghichu,
        hv1_0.mahv,
        hv1_0.cccd,
        hv1_0.diachi,
        hv1_0.email,
        hv1_0.gioitinh,
        hv1_0.hoten,
        hv1_0.ngaydangky,
        hv1_0.ngaysinh,
        hv1_0.sodienthoai,
        tsh1_0.ketqua,
        lt1_0.malichthi,
        ct1_0.macathi,
        ct1_0.gio_bat_dau,
        ct1_0.gio_ket_thuc,
        ct1_0.ten_ca,
        lt1_0.ghichu,
        lt1_0.ngaythi,
        pt1_0.maphongthi,
        pt1_0.diadiem,
        pt1_0.succhua,
        pt1_0.tenphong,
        pt1_0.trangthai,
        tsh1_0.ngaythi 
    from
        thi_sat_hach tsh1_0 
    left join
        hoc_vien hv1_0 
            on hv1_0.mahv=tsh1_0.mahv 
    left join
        lich_thi lt1_0 
            on lt1_0.malichthi=tsh1_0.malichthi 
    left join
        ca_thi ct1_0 
            on ct1_0.macathi=lt1_0.macathi 
    left join
        phong_thi pt1_0 
            on pt1_0.maphongthi=lt1_0.maphongthi 
    where
        tsh1_0.mathi=?
2026-07-22 12:13:20 [http-nio-8081-exec-6] TRACE org.hibernate.orm.jdbc.bind - binding parameter (1:INTEGER) <- [1]
2026-07-22 12:14:19 [http-nio-8081-exec-9] DEBUG org.hibernate.SQL - 
    select
        hg1_0.id,
        hg1_0.mo_ta,
        hg1_0.ten_hang 
    from
        hang_gplx hg1_0
2026-07-22 12:16:33 [http-nio-8081-exec-8] DEBUG org.hibernate.SQL - 
    select
        hg1_0.id,
        hg1_0.mo_ta,
        hg1_0.ten_hang 
    from
        hang_gplx hg1_0
2026-07-22 12:17:21 [http-nio-8081-exec-5] DEBUG org.hibernate.SQL - 
    select
        hg1_0.id,
        hg1_0.mo_ta,
        hg1_0.ten_hang 
    from
        hang_gplx hg1_0
2026-07-22 12:17:59 [http-nio-8081-exec-4] DEBUG org.hibernate.SQL - 
    select
        tb1_0.id,
        tb1_0.doituong,
        tb1_0.ngay_tao,
        tb1_0.noi_dung,
        tb1_0.tieu_de 
    from
        thong_bao tb1_0
2026-07-22 12:19:27 [http-nio-8081-exec-6] DEBUG org.hibernate.SQL - 
    select
        tb1_0.id,
        tb1_0.doituong,
        tb1_0.ngay_tao,
        tb1_0.noi_dung,
        tb1_0.tieu_de 
    from
        thong_bao tb1_0
2026-07-22 12:20:33 [http-nio-8081-exec-2] DEBUG org.hibernate.SQL - 
    select
        tb1_0.id,
        tb1_0.doituong,
        tb1_0.ngay_tao,
        tb1_0.noi_dung,
        tb1_0.tieu_de 
    from
        thong_bao tb1_0 
    where
        tb1_0.id=?
2026-07-22 12:20:33 [http-nio-8081-exec-2] TRACE org.hibernate.orm.jdbc.bind - binding parameter (1:INTEGER) <- [1]
2026-07-22 12:20:33 [http-nio-8081-exec-2] DEBUG org.hibernate.SQL - 
    delete 
    from
        thong_bao 
    where
        id=?
2026-07-22 12:20:33 [http-nio-8081-exec-2] TRACE org.hibernate.orm.jdbc.bind - binding parameter (1:INTEGER) <- [1]
2026-07-22 12:20:33 [http-nio-8081-exec-8] DEBUG org.hibernate.SQL - 
    select
        tb1_0.id,
        tb1_0.doituong,
        tb1_0.ngay_tao,
        tb1_0.noi_dung,
        tb1_0.tieu_de 
    from
        thong_bao tb1_0
2026-07-22 12:20:38 [http-nio-8081-exec-5] DEBUG org.hibernate.SQL - 
    select
        tb1_0.id,
        tb1_0.doituong,
        tb1_0.ngay_tao,
        tb1_0.noi_dung,
        tb1_0.tieu_de 
    from
        thong_bao tb1_0 
    where
        tb1_0.id=?
2026-07-22 12:20:38 [http-nio-8081-exec-5] TRACE org.hibernate.orm.jdbc.bind - binding parameter (1:INTEGER) <- [2]
2026-07-22 12:20:38 [http-nio-8081-exec-5] DEBUG org.hibernate.SQL - 
    delete 
    from
        thong_bao 
    where
        id=?
2026-07-22 12:20:38 [http-nio-8081-exec-5] TRACE org.hibernate.orm.jdbc.bind - binding parameter (1:INTEGER) <- [2]
2026-07-22 12:20:38 [http-nio-8081-exec-1] DEBUG org.hibernate.SQL - 
    select
        tb1_0.id,
        tb1_0.doituong,
        tb1_0.ngay_tao,
        tb1_0.noi_dung,
        tb1_0.tieu_de 
    from
        thong_bao tb1_0
2026-07-22 12:20:42 [http-nio-8081-exec-3] DEBUG org.hibernate.SQL - 
    select
        nkht1_0.id,
        nkht1_0.chi_tiet,
        nkht1_0.hanh_dong,
        nkht1_0.ip,
        nkht1_0.tai_khoan_id,
        nkht1_0.ngay_thuc_hien 
    from
        nhat_ky_he_thong nkht1_0
2026-07-22 12:20:42 [http-nio-8081-exec-3] DEBUG org.hibernate.SQL - 
    select
        tk1_0.id,
        tk1_0.anh,
        tk1_0.cccd,
        tk1_0.email,
        tk1_0.ho_ten,
        tk1_0.khoa_den,
        tk1_0.lan_dang_nhap_cuoi,
        tk1_0.mat_khau,
        tk1_0.ngay_cap_nhat,
        tk1_0.ngay_tao,
        tk1_0.nguoi_tao_id,
        tk1_0.so_dien_thoai,
        tk1_0.so_lan_dang_nhap_sai,
        tk1_0.ten_dang_nhap,
        tk1_0.trang_thai,
        tk1_0.vai_tro_id,
        v1_0.id,
        v1_0.ma_vai_tro,
        v1_0.mo_ta,
        v1_0.ngay_cap_nhat,
        v1_0.ngay_tao,
        v1_0.ten_vai_tro,
        v1_0.trang_thai 
    from
        tai_khoan tk1_0 
    join
        vai_tro v1_0 
            on v1_0.id=tk1_0.vai_tro_id 
    where
        tk1_0.id=?
2026-07-22 12:20:42 [http-nio-8081-exec-3] TRACE org.hibernate.orm.jdbc.bind - binding parameter (1:INTEGER) <- [1]
2026-07-22 12:22:05 [http-nio-8081-exec-7] DEBUG org.hibernate.SQL - 
    select
        nkht1_0.id,
        nkht1_0.chi_tiet,
        nkht1_0.hanh_dong,
        nkht1_0.ip,
        nkht1_0.tai_khoan_id,
        nkht1_0.ngay_thuc_hien 
    from
        nhat_ky_he_thong nkht1_0
2026-07-22 12:22:05 [http-nio-8081-exec-7] DEBUG org.hibernate.SQL - 
    select
        tk1_0.id,
        tk1_0.anh,
        tk1_0.cccd,
        tk1_0.email,
        tk1_0.ho_ten,
        tk1_0.khoa_den,
        tk1_0.lan_dang_nhap_cuoi,
        tk1_0.mat_khau,
        tk1_0.ngay_cap_nhat,
        tk1_0.ngay_tao,
        tk1_0.nguoi_tao_id,
        tk1_0.so_dien_thoai,
        tk1_0.so_lan_dang_nhap_sai,
        tk1_0.ten_dang_nhap,
        tk1_0.trang_thai,
        tk1_0.vai_tro_id,
        v1_0.id,
        v1_0.ma_vai_tro,
        v1_0.mo_ta,
        v1_0.ngay_cap_nhat,
        v1_0.ngay_tao,
        v1_0.ten_vai_tro,
        v1_0.trang_thai 
    from
        tai_khoan tk1_0 
    join
        vai_tro v1_0 
            on v1_0.id=tk1_0.vai_tro_id 
    where
        tk1_0.id=?
2026-07-22 12:22:05 [http-nio-8081-exec-7] TRACE org.hibernate.orm.jdbc.bind - binding parameter (1:INTEGER) <- [1]
2026-07-22 12:22:05 [http-nio-8081-exec-9] DEBUG org.hibernate.SQL - 
    select
        nkht1_0.id,
        nkht1_0.chi_tiet,
        nkht1_0.hanh_dong,
        nkht1_0.ip,
        nkht1_0.tai_khoan_id,
        nkht1_0.ngay_thuc_hien 
    from
        nhat_ky_he_thong nkht1_0
2026-07-22 12:22:05 [http-nio-8081-exec-9] DEBUG org.hibernate.SQL - 
    select
        tk1_0.id,
        tk1_0.anh,
        tk1_0.cccd,
        tk1_0.email,
        tk1_0.ho_ten,
        tk1_0.khoa_den,
        tk1_0.lan_dang_nhap_cuoi,
        tk1_0.mat_khau,
        tk1_0.ngay_cap_nhat,
        tk1_0.ngay_tao,
        tk1_0.nguoi_tao_id,
        tk1_0.so_dien_thoai,
        tk1_0.so_lan_dang_nhap_sai,
        tk1_0.ten_dang_nhap,
        tk1_0.trang_thai,
        tk1_0.vai_tro_id,
        v1_0.id,
        v1_0.ma_vai_tro,
        v1_0.mo_ta,
        v1_0.ngay_cap_nhat,
        v1_0.ngay_tao,
        v1_0.ten_vai_tro,
        v1_0.trang_thai 
    from
        tai_khoan tk1_0 
    join
        vai_tro v1_0 
            on v1_0.id=tk1_0.vai_tro_id 
    where
        tk1_0.id=?
2026-07-22 12:22:05 [http-nio-8081-exec-9] TRACE org.hibernate.orm.jdbc.bind - binding parameter (1:INTEGER) <- [1]
2026-07-22 12:23:25 [http-nio-8081-exec-5] DEBUG org.hibernate.SQL - 
    select
        tk1_0.id,
        tk1_0.anh,
        tk1_0.cccd,
        tk1_0.email,
        tk1_0.ho_ten,
        tk1_0.khoa_den,
        tk1_0.lan_dang_nhap_cuoi,
        tk1_0.mat_khau,
        tk1_0.ngay_cap_nhat,
        tk1_0.ngay_tao,
        tk1_0.nguoi_tao_id,
        tk1_0.so_dien_thoai,
        tk1_0.so_lan_dang_nhap_sai,
        tk1_0.ten_dang_nhap,
        tk1_0.trang_thai,
        tk1_0.vai_tro_id 
    from
        tai_khoan tk1_0 
    where
        tk1_0.ten_dang_nhap=?
2026-07-22 12:23:25 [http-nio-8081-exec-5] TRACE org.hibernate.orm.jdbc.bind - binding parameter (1:VARCHAR) <- [admin]
2026-07-22 12:23:25 [http-nio-8081-exec-5] DEBUG org.hibernate.SQL - 
    select
        vt1_0.id,
        vt1_0.ma_vai_tro,
        vt1_0.mo_ta,
        vt1_0.ngay_cap_nhat,
        vt1_0.ngay_tao,
        vt1_0.ten_vai_tro,
        vt1_0.trang_thai 
    from
        vai_tro vt1_0 
    where
        vt1_0.id=?
2026-07-22 12:23:25 [http-nio-8081-exec-5] TRACE org.hibernate.orm.jdbc.bind - binding parameter (1:INTEGER) <- [4]
2026-07-22 12:23:25 [http-nio-8081-exec-4] DEBUG org.hibernate.SQL - 
    select
        tk1_0.id,
        tk1_0.anh,
        tk1_0.cccd,
        tk1_0.email,
        tk1_0.ho_ten,
        tk1_0.khoa_den,
        tk1_0.lan_dang_nhap_cuoi,
        tk1_0.mat_khau,
        tk1_0.ngay_cap_nhat,
        tk1_0.ngay_tao,
        tk1_0.nguoi_tao_id,
        tk1_0.so_dien_thoai,
        tk1_0.so_lan_dang_nhap_sai,
        tk1_0.ten_dang_nhap,
        tk1_0.trang_thai,
        tk1_0.vai_tro_id 
    from
        tai_khoan tk1_0 
    where
        tk1_0.ten_dang_nhap=?
2026-07-22 12:23:25 [http-nio-8081-exec-4] TRACE org.hibernate.orm.jdbc.bind - binding parameter (1:VARCHAR) <- [admin]
2026-07-22 12:23:25 [http-nio-8081-exec-4] DEBUG org.hibernate.SQL - 
    select
        vt1_0.id,
        vt1_0.ma_vai_tro,
        vt1_0.mo_ta,
        vt1_0.ngay_cap_nhat,
        vt1_0.ngay_tao,
        vt1_0.ten_vai_tro,
        vt1_0.trang_thai 
    from
        vai_tro vt1_0 
    where
        vt1_0.id=?
2026-07-22 12:23:25 [http-nio-8081-exec-4] TRACE org.hibernate.orm.jdbc.bind - binding parameter (1:INTEGER) <- [4]
2026-07-22 12:23:25 [http-nio-8081-exec-4] DEBUG org.hibernate.SQL - 
    select
        acd1_0.id,
        acd1_0.ghichu,
        acd1_0.matk,
        acd1_0.ngaytao,
        acd1_0.trangthai,
        acd1_0.url 
    from
        anh_cho_duyet acd1_0 
    where
        acd1_0.matk=?
2026-07-22 12:23:25 [http-nio-8081-exec-4] TRACE org.hibernate.orm.jdbc.bind - binding parameter (1:INTEGER) <- [1]
2026-07-22 12:24:38 [http-nio-8081-exec-6] DEBUG org.hibernate.SQL - 
    select
        tk1_0.id,
        tk1_0.anh,
        tk1_0.cccd,
        tk1_0.email,
        tk1_0.ho_ten,
        tk1_0.khoa_den,
        tk1_0.lan_dang_nhap_cuoi,
        tk1_0.mat_khau,
        tk1_0.ngay_cap_nhat,
        tk1_0.ngay_tao,
        tk1_0.nguoi_tao_id,
        tk1_0.so_dien_thoai,
        tk1_0.so_lan_dang_nhap_sai,
        tk1_0.ten_dang_nhap,
        tk1_0.trang_thai,
        tk1_0.vai_tro_id 
    from
        tai_khoan tk1_0 
    where
        tk1_0.ten_dang_nhap=?
2026-07-22 12:24:38 [http-nio-8081-exec-6] TRACE org.hibernate.orm.jdbc.bind - binding parameter (1:VARCHAR) <- [admin]
2026-07-22 12:24:38 [http-nio-8081-exec-6] DEBUG org.hibernate.SQL - 
    select
        vt1_0.id,
        vt1_0.ma_vai_tro,
        vt1_0.mo_ta,
        vt1_0.ngay_cap_nhat,
        vt1_0.ngay_tao,
        vt1_0.ten_vai_tro,
        vt1_0.trang_thai 
    from
        vai_tro vt1_0 
    where
        vt1_0.id=?
2026-07-22 12:24:38 [http-nio-8081-exec-6] TRACE org.hibernate.orm.jdbc.bind - binding parameter (1:INTEGER) <- [4]
2026-07-22 12:24:38 [http-nio-8081-exec-7] DEBUG org.hibernate.SQL - 
    select
        tk1_0.id,
        tk1_0.anh,
        tk1_0.cccd,
        tk1_0.email,
        tk1_0.ho_ten,
        tk1_0.khoa_den,
        tk1_0.lan_dang_nhap_cuoi,
        tk1_0.mat_khau,
        tk1_0.ngay_cap_nhat,
        tk1_0.ngay_tao,
        tk1_0.nguoi_tao_id,
        tk1_0.so_dien_thoai,
        tk1_0.so_lan_dang_nhap_sai,
        tk1_0.ten_dang_nhap,
        tk1_0.trang_thai,
        tk1_0.vai_tro_id 
    from
        tai_khoan tk1_0 
    where
        tk1_0.ten_dang_nhap=?
2026-07-22 12:24:38 [http-nio-8081-exec-7] TRACE org.hibernate.orm.jdbc.bind - binding parameter (1:VARCHAR) <- [admin]
2026-07-22 12:24:38 [http-nio-8081-exec-7] DEBUG org.hibernate.SQL - 
    select
        vt1_0.id,
        vt1_0.ma_vai_tro,
        vt1_0.mo_ta,
        vt1_0.ngay_cap_nhat,
        vt1_0.ngay_tao,
        vt1_0.ten_vai_tro,
        vt1_0.trang_thai 
    from
        vai_tro vt1_0 
    where
        vt1_0.id=?
2026-07-22 12:24:38 [http-nio-8081-exec-7] TRACE org.hibernate.orm.jdbc.bind - binding parameter (1:INTEGER) <- [4]
2026-07-22 12:24:38 [http-nio-8081-exec-7] DEBUG org.hibernate.SQL - 
    select
        acd1_0.id,
        acd1_0.ghichu,
        acd1_0.matk,
        acd1_0.ngaytao,
        acd1_0.trangthai,
        acd1_0.url 
    from
        anh_cho_duyet acd1_0 
    where
        acd1_0.matk=?
2026-07-22 12:24:38 [http-nio-8081-exec-7] TRACE org.hibernate.orm.jdbc.bind - binding parameter (1:INTEGER) <- [1]
2026-07-22 12:25:16 [http-nio-8081-exec-8] DEBUG org.hibernate.SQL - 
    select
        acd1_0.id,
        acd1_0.ghichu,
        acd1_0.matk,
        acd1_0.ngaytao,
        acd1_0.trangthai,
        acd1_0.url 
    from
        anh_cho_duyet acd1_0 
    where
        acd1_0.trangthai=?
2026-07-22 12:25:16 [http-nio-8081-exec-8] TRACE org.hibernate.orm.jdbc.bind - binding parameter (1:VARCHAR) <- [CHO_DUYET]
2026-07-22 12:25:56 [http-nio-8081-exec-2] DEBUG org.hibernate.SQL - 
    select
        tk1_0.id,
        tk1_0.anh,
        tk1_0.cccd,
        tk1_0.email,
        tk1_0.ho_ten,
        tk1_0.khoa_den,
        tk1_0.lan_dang_nhap_cuoi,
        tk1_0.mat_khau,
        tk1_0.ngay_cap_nhat,
        tk1_0.ngay_tao,
        tk1_0.nguoi_tao_id,
        tk1_0.so_dien_thoai,
        tk1_0.so_lan_dang_nhap_sai,
        tk1_0.ten_dang_nhap,
        tk1_0.trang_thai,
        tk1_0.vai_tro_id 
    from
        tai_khoan tk1_0 
    where
        tk1_0.ten_dang_nhap=?
2026-07-22 12:25:56 [http-nio-8081-exec-2] TRACE org.hibernate.orm.jdbc.bind - binding parameter (1:VARCHAR) <- [admin]
2026-07-22 12:25:56 [http-nio-8081-exec-2] DEBUG org.hibernate.SQL - 
    select
        vt1_0.id,
        vt1_0.ma_vai_tro,
        vt1_0.mo_ta,
        vt1_0.ngay_cap_nhat,
        vt1_0.ngay_tao,
        vt1_0.ten_vai_tro,
        vt1_0.trang_thai 
    from
        vai_tro vt1_0 
    where
        vt1_0.id=?
2026-07-22 12:25:56 [http-nio-8081-exec-2] TRACE org.hibernate.orm.jdbc.bind - binding parameter (1:INTEGER) <- [4]
2026-07-22 12:25:56 [http-nio-8081-exec-10] DEBUG org.hibernate.SQL - 
    select
        tk1_0.id,
        tk1_0.anh,
        tk1_0.cccd,
        tk1_0.email,
        tk1_0.ho_ten,
        tk1_0.khoa_den,
        tk1_0.lan_dang_nhap_cuoi,
        tk1_0.mat_khau,
        tk1_0.ngay_cap_nhat,
        tk1_0.ngay_tao,
        tk1_0.nguoi_tao_id,
        tk1_0.so_dien_thoai,
        tk1_0.so_lan_dang_nhap_sai,
        tk1_0.ten_dang_nhap,
        tk1_0.trang_thai,
        tk1_0.vai_tro_id 
    from
        tai_khoan tk1_0 
    where
        tk1_0.ten_dang_nhap=?
2026-07-22 12:25:56 [http-nio-8081-exec-10] TRACE org.hibernate.orm.jdbc.bind - binding parameter (1:VARCHAR) <- [admin]
2026-07-22 12:25:56 [http-nio-8081-exec-10] DEBUG org.hibernate.SQL - 
    select
        vt1_0.id,
        vt1_0.ma_vai_tro,
        vt1_0.mo_ta,
        vt1_0.ngay_cap_nhat,
        vt1_0.ngay_tao,
        vt1_0.ten_vai_tro,
        vt1_0.trang_thai 
    from
        vai_tro vt1_0 
    where
        vt1_0.id=?
2026-07-22 12:25:56 [http-nio-8081-exec-10] TRACE org.hibernate.orm.jdbc.bind - binding parameter (1:INTEGER) <- [4]
2026-07-22 12:25:56 [http-nio-8081-exec-10] DEBUG org.hibernate.SQL - 
    select
        acd1_0.id,
        acd1_0.ghichu,
        acd1_0.matk,
        acd1_0.ngaytao,
        acd1_0.trangthai,
        acd1_0.url 
    from
        anh_cho_duyet acd1_0 
    where
        acd1_0.matk=?
2026-07-22 12:25:56 [http-nio-8081-exec-10] TRACE org.hibernate.orm.jdbc.bind - binding parameter (1:INTEGER) <- [1]
2026-07-22 12:25:58 [http-nio-8081-exec-5] DEBUG org.hibernate.SQL - 
    select
        acd1_0.id,
        acd1_0.ghichu,
        acd1_0.matk,
        acd1_0.ngaytao,
        acd1_0.trangthai,
        acd1_0.url 
    from
        anh_cho_duyet acd1_0 
    where
        acd1_0.trangthai=?
2026-07-22 12:25:58 [http-nio-8081-exec-5] TRACE org.hibernate.orm.jdbc.bind - binding parameter (1:VARCHAR) <- [CHO_DUYET]
2026-07-22 12:26:33 [http-nio-8081-exec-4] DEBUG org.hibernate.SQL - 
    select
        tk1_0.id,
        tk1_0.anh,
        tk1_0.cccd,
        tk1_0.email,
        tk1_0.ho_ten,
        tk1_0.khoa_den,
        tk1_0.lan_dang_nhap_cuoi,
        tk1_0.mat_khau,
        tk1_0.ngay_cap_nhat,
        tk1_0.ngay_tao,
        tk1_0.nguoi_tao_id,
        tk1_0.so_dien_thoai,
        tk1_0.so_lan_dang_nhap_sai,
        tk1_0.ten_dang_nhap,
        tk1_0.trang_thai,
        tk1_0.vai_tro_id 
    from
        tai_khoan tk1_0
2026-07-22 12:26:33 [http-nio-8081-exec-4] DEBUG org.hibernate.SQL - 
    select
        vt1_0.id,
        vt1_0.ma_vai_tro,
        vt1_0.mo_ta,
        vt1_0.ngay_cap_nhat,
        vt1_0.ngay_tao,
        vt1_0.ten_vai_tro,
        vt1_0.trang_thai 
    from
        vai_tro vt1_0 
    where
        vt1_0.id=?
2026-07-22 12:26:33 [http-nio-8081-exec-4] TRACE org.hibernate.orm.jdbc.bind - binding parameter (1:INTEGER) <- [4]
2026-07-22 12:26:33 [http-nio-8081-exec-4] DEBUG org.hibernate.SQL - 
    select
        vt1_0.id,
        vt1_0.ma_vai_tro,
        vt1_0.mo_ta,
        vt1_0.ngay_cap_nhat,
        vt1_0.ngay_tao,
        vt1_0.ten_vai_tro,
        vt1_0.trang_thai 
    from
        vai_tro vt1_0 
    where
        vt1_0.id=?
2026-07-22 12:26:33 [http-nio-8081-exec-4] TRACE org.hibernate.orm.jdbc.bind - binding parameter (1:INTEGER) <- [3]
2026-07-22 12:26:33 [http-nio-8081-exec-4] DEBUG org.hibernate.SQL - 
    select
        vt1_0.id,
        vt1_0.ma_vai_tro,
        vt1_0.mo_ta,
        vt1_0.ngay_cap_nhat,
        vt1_0.ngay_tao,
        vt1_0.ten_vai_tro,
        vt1_0.trang_thai 
    from
        vai_tro vt1_0 
    where
        vt1_0.id=?
2026-07-22 12:26:33 [http-nio-8081-exec-4] TRACE org.hibernate.orm.jdbc.bind - binding parameter (1:INTEGER) <- [2]
2026-07-22 12:26:33 [http-nio-8081-exec-4] DEBUG org.hibernate.SQL - 
    select
        vt1_0.id,
        vt1_0.ma_vai_tro,
        vt1_0.mo_ta,
        vt1_0.ngay_cap_nhat,
        vt1_0.ngay_tao,
        vt1_0.ten_vai_tro,
        vt1_0.trang_thai 
    from
        vai_tro vt1_0 
    where
        vt1_0.id=?
2026-07-22 12:26:33 [http-nio-8081-exec-4] TRACE org.hibernate.orm.jdbc.bind - binding parameter (1:INTEGER) <- [1]
2026-07-22 12:26:33 [http-nio-8081-exec-3] DEBUG org.hibernate.SQL - 
    select
        acd1_0.id,
        acd1_0.ghichu,
        acd1_0.matk,
        acd1_0.ngaytao,
        acd1_0.trangthai,
        acd1_0.url 
    from
        anh_cho_duyet acd1_0 
    where
        acd1_0.trangthai=?
2026-07-22 12:26:33 [http-nio-8081-exec-3] TRACE org.hibernate.orm.jdbc.bind - binding parameter (1:VARCHAR) <- [CHO_DUYET]
2026-07-22 12:27:05 [http-nio-8081-exec-7] DEBUG org.hibernate.SQL - 
    select
        tk1_0.id,
        tk1_0.anh,
        tk1_0.cccd,
        tk1_0.email,
        tk1_0.ho_ten,
        tk1_0.khoa_den,
        tk1_0.lan_dang_nhap_cuoi,
        tk1_0.mat_khau,
        tk1_0.ngay_cap_nhat,
        tk1_0.ngay_tao,
        tk1_0.nguoi_tao_id,
        tk1_0.so_dien_thoai,
        tk1_0.so_lan_dang_nhap_sai,
        tk1_0.ten_dang_nhap,
        tk1_0.trang_thai,
        tk1_0.vai_tro_id 
    from
        tai_khoan tk1_0 
    where
        tk1_0.ten_dang_nhap=?
2026-07-22 12:27:05 [http-nio-8081-exec-7] TRACE org.hibernate.orm.jdbc.bind - binding parameter (1:VARCHAR) <- [admin]
2026-07-22 12:27:05 [http-nio-8081-exec-7] DEBUG org.hibernate.SQL - 
    select
        vt1_0.id,
        vt1_0.ma_vai_tro,
        vt1_0.mo_ta,
        vt1_0.ngay_cap_nhat,
        vt1_0.ngay_tao,
        vt1_0.ten_vai_tro,
        vt1_0.trang_thai 
    from
        vai_tro vt1_0 
    where
        vt1_0.id=?
2026-07-22 12:27:05 [http-nio-8081-exec-7] TRACE org.hibernate.orm.jdbc.bind - binding parameter (1:INTEGER) <- [4]
2026-07-22 12:27:05 [http-nio-8081-exec-2] DEBUG org.hibernate.SQL - 
    select
        tk1_0.id,
        tk1_0.anh,
        tk1_0.cccd,
        tk1_0.email,
        tk1_0.ho_ten,
        tk1_0.khoa_den,
        tk1_0.lan_dang_nhap_cuoi,
        tk1_0.mat_khau,
        tk1_0.ngay_cap_nhat,
        tk1_0.ngay_tao,
        tk1_0.nguoi_tao_id,
        tk1_0.so_dien_thoai,
        tk1_0.so_lan_dang_nhap_sai,
        tk1_0.ten_dang_nhap,
        tk1_0.trang_thai,
        tk1_0.vai_tro_id 
    from
        tai_khoan tk1_0 
    where
        tk1_0.ten_dang_nhap=?
2026-07-22 12:27:05 [http-nio-8081-exec-2] TRACE org.hibernate.orm.jdbc.bind - binding parameter (1:VARCHAR) <- [admin]
2026-07-22 12:27:05 [http-nio-8081-exec-2] DEBUG org.hibernate.SQL - 
    select
        vt1_0.id,
        vt1_0.ma_vai_tro,
        vt1_0.mo_ta,
        vt1_0.ngay_cap_nhat,
        vt1_0.ngay_tao,
        vt1_0.ten_vai_tro,
        vt1_0.trang_thai 
    from
        vai_tro vt1_0 
    where
        vt1_0.id=?
2026-07-22 12:27:05 [http-nio-8081-exec-2] TRACE org.hibernate.orm.jdbc.bind - binding parameter (1:INTEGER) <- [4]
2026-07-22 12:27:05 [http-nio-8081-exec-10] DEBUG org.hibernate.SQL - 
    select
        tk1_0.id,
        tk1_0.anh,
        tk1_0.cccd,
        tk1_0.email,
        tk1_0.ho_ten,
        tk1_0.khoa_den,
        tk1_0.lan_dang_nhap_cuoi,
        tk1_0.mat_khau,
        tk1_0.ngay_cap_nhat,
        tk1_0.ngay_tao,
        tk1_0.nguoi_tao_id,
        tk1_0.so_dien_thoai,
        tk1_0.so_lan_dang_nhap_sai,
        tk1_0.ten_dang_nhap,
        tk1_0.trang_thai,
        tk1_0.vai_tro_id 
    from
        tai_khoan tk1_0 
    where
        tk1_0.ten_dang_nhap=?
2026-07-22 12:27:05 [http-nio-8081-exec-10] TRACE org.hibernate.orm.jdbc.bind - binding parameter (1:VARCHAR) <- [admin]
2026-07-22 12:27:05 [http-nio-8081-exec-10] DEBUG org.hibernate.SQL - 
    select
        vt1_0.id,
        vt1_0.ma_vai_tro,
        vt1_0.mo_ta,
        vt1_0.ngay_cap_nhat,
        vt1_0.ngay_tao,
        vt1_0.ten_vai_tro,
        vt1_0.trang_thai 
    from
        vai_tro vt1_0 
    where
        vt1_0.id=?
2026-07-22 12:27:05 [http-nio-8081-exec-10] TRACE org.hibernate.orm.jdbc.bind - binding parameter (1:INTEGER) <- [4]
2026-07-22 12:28:36 [http-nio-8081-exec-4] DEBUG org.hibernate.SQL - 
    select
        tk1_0.id,
        tk1_0.anh,
        tk1_0.cccd,
        tk1_0.email,
        tk1_0.ho_ten,
        tk1_0.khoa_den,
        tk1_0.lan_dang_nhap_cuoi,
        tk1_0.mat_khau,
        tk1_0.ngay_cap_nhat,
        tk1_0.ngay_tao,
        tk1_0.nguoi_tao_id,
        tk1_0.so_dien_thoai,
        tk1_0.so_lan_dang_nhap_sai,
        tk1_0.ten_dang_nhap,
        tk1_0.trang_thai,
        tk1_0.vai_tro_id 
    from
        tai_khoan tk1_0 
    where
        tk1_0.ten_dang_nhap=?
2026-07-22 12:28:36 [http-nio-8081-exec-4] TRACE org.hibernate.orm.jdbc.bind - binding parameter (1:VARCHAR) <- [admin]
2026-07-22 12:28:36 [http-nio-8081-exec-4] DEBUG org.hibernate.SQL - 
    select
        vt1_0.id,
        vt1_0.ma_vai_tro,
        vt1_0.mo_ta,
        vt1_0.ngay_cap_nhat,
        vt1_0.ngay_tao,
        vt1_0.ten_vai_tro,
        vt1_0.trang_thai 
    from
        vai_tro vt1_0 
    where
        vt1_0.id=?
2026-07-22 12:28:36 [http-nio-8081-exec-4] TRACE org.hibernate.orm.jdbc.bind - binding parameter (1:INTEGER) <- [4]
2026-07-22 12:28:36 [http-nio-8081-exec-3] DEBUG org.hibernate.SQL - 
    select
        tk1_0.id,
        tk1_0.anh,
        tk1_0.cccd,
        tk1_0.email,
        tk1_0.ho_ten,
        tk1_0.khoa_den,
        tk1_0.lan_dang_nhap_cuoi,
        tk1_0.mat_khau,
        tk1_0.ngay_cap_nhat,
        tk1_0.ngay_tao,
        tk1_0.nguoi_tao_id,
        tk1_0.so_dien_thoai,
        tk1_0.so_lan_dang_nhap_sai,
        tk1_0.ten_dang_nhap,
        tk1_0.trang_thai,
        tk1_0.vai_tro_id 
    from
        tai_khoan tk1_0 
    where
        tk1_0.ten_dang_nhap=?
2026-07-22 12:28:36 [http-nio-8081-exec-3] TRACE org.hibernate.orm.jdbc.bind - binding parameter (1:VARCHAR) <- [admin]
2026-07-22 12:28:36 [http-nio-8081-exec-3] DEBUG org.hibernate.SQL - 
    select
        vt1_0.id,
        vt1_0.ma_vai_tro,
        vt1_0.mo_ta,
        vt1_0.ngay_cap_nhat,
        vt1_0.ngay_tao,
        vt1_0.ten_vai_tro,
        vt1_0.trang_thai 
    from
        vai_tro vt1_0 
    where
        vt1_0.id=?
2026-07-22 12:28:36 [http-nio-8081-exec-3] TRACE org.hibernate.orm.jdbc.bind - binding parameter (1:INTEGER) <- [4]
2026-07-22 12:28:36 [http-nio-8081-exec-6] DEBUG org.hibernate.SQL - 
    select
        tk1_0.id,
        tk1_0.anh,
        tk1_0.cccd,
        tk1_0.email,
        tk1_0.ho_ten,
        tk1_0.khoa_den,
        tk1_0.lan_dang_nhap_cuoi,
        tk1_0.mat_khau,
        tk1_0.ngay_cap_nhat,
        tk1_0.ngay_tao,
        tk1_0.nguoi_tao_id,
        tk1_0.so_dien_thoai,
        tk1_0.so_lan_dang_nhap_sai,
        tk1_0.ten_dang_nhap,
        tk1_0.trang_thai,
        tk1_0.vai_tro_id 
    from
        tai_khoan tk1_0 
    where
        tk1_0.ten_dang_nhap=?
2026-07-22 12:28:36 [http-nio-8081-exec-6] TRACE org.hibernate.orm.jdbc.bind - binding parameter (1:VARCHAR) <- [admin]
2026-07-22 12:28:36 [http-nio-8081-exec-6] DEBUG org.hibernate.SQL - 
    select
        vt1_0.id,
        vt1_0.ma_vai_tro,
        vt1_0.mo_ta,
        vt1_0.ngay_cap_nhat,
        vt1_0.ngay_tao,
        vt1_0.ten_vai_tro,
        vt1_0.trang_thai 
    from
        vai_tro vt1_0 
    where
        vt1_0.id=?
2026-07-22 12:28:36 [http-nio-8081-exec-6] TRACE org.hibernate.orm.jdbc.bind - binding parameter (1:INTEGER) <- [4]
2026-07-22 12:32:19 [http-nio-8081-exec-8] DEBUG org.hibernate.SQL - 
    select
        tk1_0.id,
        tk1_0.anh,
        tk1_0.cccd,
        tk1_0.email,
        tk1_0.ho_ten,
        tk1_0.khoa_den,
        tk1_0.lan_dang_nhap_cuoi,
        tk1_0.mat_khau,
        tk1_0.ngay_cap_nhat,
        tk1_0.ngay_tao,
        tk1_0.nguoi_tao_id,
        tk1_0.so_dien_thoai,
        tk1_0.so_lan_dang_nhap_sai,
        tk1_0.ten_dang_nhap,
        tk1_0.trang_thai,
        tk1_0.vai_tro_id 
    from
        tai_khoan tk1_0 
    where
        tk1_0.ten_dang_nhap=?
2026-07-22 12:32:19 [http-nio-8081-exec-8] TRACE org.hibernate.orm.jdbc.bind - binding parameter (1:VARCHAR) <- [admin]
2026-07-22 12:32:19 [http-nio-8081-exec-8] DEBUG org.hibernate.SQL - 
    select
        vt1_0.id,
        vt1_0.ma_vai_tro,
        vt1_0.mo_ta,
        vt1_0.ngay_cap_nhat,
        vt1_0.ngay_tao,
        vt1_0.ten_vai_tro,
        vt1_0.trang_thai 
    from
        vai_tro vt1_0 
    where
        vt1_0.id=?
2026-07-22 12:32:19 [http-nio-8081-exec-8] TRACE org.hibernate.orm.jdbc.bind - binding parameter (1:INTEGER) <- [4]
2026-07-22 12:32:19 [http-nio-8081-exec-2] DEBUG org.hibernate.SQL - 
    select
        tk1_0.id,
        tk1_0.anh,
        tk1_0.cccd,
        tk1_0.email,
        tk1_0.ho_ten,
        tk1_0.khoa_den,
        tk1_0.lan_dang_nhap_cuoi,
        tk1_0.mat_khau,
        tk1_0.ngay_cap_nhat,
        tk1_0.ngay_tao,
        tk1_0.nguoi_tao_id,
        tk1_0.so_dien_thoai,
        tk1_0.so_lan_dang_nhap_sai,
        tk1_0.ten_dang_nhap,
        tk1_0.trang_thai,
        tk1_0.vai_tro_id 
    from
        tai_khoan tk1_0 
    where
        tk1_0.ten_dang_nhap=?
2026-07-22 12:32:19 [http-nio-8081-exec-2] TRACE org.hibernate.orm.jdbc.bind - binding parameter (1:VARCHAR) <- [admin]
2026-07-22 12:32:19 [http-nio-8081-exec-2] DEBUG org.hibernate.SQL - 
    select
        vt1_0.id,
        vt1_0.ma_vai_tro,
        vt1_0.mo_ta,
        vt1_0.ngay_cap_nhat,
        vt1_0.ngay_tao,
        vt1_0.ten_vai_tro,
        vt1_0.trang_thai 
    from
        vai_tro vt1_0 
    where
        vt1_0.id=?
2026-07-22 12:32:19 [http-nio-8081-exec-2] TRACE org.hibernate.orm.jdbc.bind - binding parameter (1:INTEGER) <- [4]
2026-07-22 12:32:19 [http-nio-8081-exec-10] DEBUG org.hibernate.SQL - 
    select
        tk1_0.id,
        tk1_0.anh,
        tk1_0.cccd,
        tk1_0.email,
        tk1_0.ho_ten,
        tk1_0.khoa_den,
        tk1_0.lan_dang_nhap_cuoi,
        tk1_0.mat_khau,
        tk1_0.ngay_cap_nhat,
        tk1_0.ngay_tao,
        tk1_0.nguoi_tao_id,
        tk1_0.so_dien_thoai,
        tk1_0.so_lan_dang_nhap_sai,
        tk1_0.ten_dang_nhap,
        tk1_0.trang_thai,
        tk1_0.vai_tro_id 
    from
        tai_khoan tk1_0 
    where
        tk1_0.ten_dang_nhap=?
2026-07-22 12:32:19 [http-nio-8081-exec-10] TRACE org.hibernate.orm.jdbc.bind - binding parameter (1:VARCHAR) <- [admin]
2026-07-22 12:32:19 [http-nio-8081-exec-10] DEBUG org.hibernate.SQL - 
    select
        vt1_0.id,
        vt1_0.ma_vai_tro,
        vt1_0.mo_ta,
        vt1_0.ngay_cap_nhat,
        vt1_0.ngay_tao,
        vt1_0.ten_vai_tro,
        vt1_0.trang_thai 
    from
        vai_tro vt1_0 
    where
        vt1_0.id=?
2026-07-22 12:32:19 [http-nio-8081-exec-10] TRACE org.hibernate.orm.jdbc.bind - binding parameter (1:INTEGER) <- [4]
2026-07-22 12:32:32 [http-nio-8081-exec-1] DEBUG org.hibernate.SQL - 
    select
        x1_0.maxe,
        x1_0.bienso,
        x1_0.hangxe,
        x1_0.loaixe,
        x1_0.namsanxuat,
        x1_0.trangthai 
    from
        xe x1_0
2026-07-22 12:32:32 [http-nio-8081-exec-3] DEBUG org.hibernate.SQL - 
    select
        lsbtx1_0.id,
        lsbtx1_0.chi_phi,
        lsbtx1_0.don_vi_bao_tri,
        lsbtx1_0.loai_bao_tri,
        lsbtx1_0.mo_ta,
        lsbtx1_0.ngay_bao_tri,
        lsbtx1_0.ngay_bao_tri_tiep_theo,
        lsbtx1_0.ngay_tao,
        lsbtx1_0.nguoi_tao,
        lsbtx1_0.so_km_hien_tai,
        lsbtx1_0.trang_thai,
        lsbtx1_0.maxe 
    from
        lich_su_bao_tri_xe lsbtx1_0
2026-07-22 12:37:51 [MessageBroker-3] INFO  o.s.w.s.c.WebSocketMessageBrokerStats - WebSocketSession[0 current WS(0)-HttpStream(0)-HttpPoll(0), 0 total, 0 closed abnormally (0 connect failure, 0 send limit, 0 transport error)], stompSubProtocol[processed CONNECT(0)-CONNECTED(0)-DISCONNECT(0)], stompBrokerRelay[null], inboundChannel[pool size = 0, active threads = 0, queued tasks = 0, completed tasks = 0], outboundChannel[pool size = 0, active threads = 0, queued tasks = 0, completed tasks = 0], sockJsScheduler[pool size = 5, active threads = 1, queued tasks = 0, completed tasks = 4]
2026-07-22 12:56:12 [http-nio-8081-exec-8] DEBUG org.hibernate.SQL - 
    select
        x1_0.maxe,
        x1_0.bienso,
        x1_0.hangxe,
        x1_0.loaixe,
        x1_0.namsanxuat,
        x1_0.trangthai 
    from
        xe x1_0
2026-07-22 12:56:12 [http-nio-8081-exec-7] DEBUG org.hibernate.SQL - 
    select
        lsbtx1_0.id,
        lsbtx1_0.chi_phi,
        lsbtx1_0.don_vi_bao_tri,
        lsbtx1_0.loai_bao_tri,
        lsbtx1_0.mo_ta,
        lsbtx1_0.ngay_bao_tri,
        lsbtx1_0.ngay_bao_tri_tiep_theo,
        lsbtx1_0.ngay_tao,
        lsbtx1_0.nguoi_tao,
        lsbtx1_0.so_km_hien_tai,
        lsbtx1_0.trang_thai,
        lsbtx1_0.maxe 
    from
        lich_su_bao_tri_xe lsbtx1_0
2026-07-22 12:57:06 [http-nio-8081-exec-3] DEBUG org.hibernate.SQL - 
    select
        tk1_0.id,
        tk1_0.anh,
        tk1_0.cccd,
        tk1_0.email,
        tk1_0.ho_ten,
        tk1_0.khoa_den,
        tk1_0.lan_dang_nhap_cuoi,
        tk1_0.mat_khau,
        tk1_0.ngay_cap_nhat,
        tk1_0.ngay_tao,
        tk1_0.nguoi_tao_id,
        tk1_0.so_dien_thoai,
        tk1_0.so_lan_dang_nhap_sai,
        tk1_0.ten_dang_nhap,
        tk1_0.trang_thai,
        tk1_0.vai_tro_id 
    from
        tai_khoan tk1_0 
    where
        tk1_0.ten_dang_nhap=?
2026-07-22 12:57:06 [http-nio-8081-exec-3] TRACE org.hibernate.orm.jdbc.bind - binding parameter (1:VARCHAR) <- [giaovien1]
2026-07-22 12:57:06 [http-nio-8081-exec-3] DEBUG org.hibernate.SQL - 
    select
        vt1_0.id,
        vt1_0.ma_vai_tro,
        vt1_0.mo_ta,
        vt1_0.ngay_cap_nhat,
        vt1_0.ngay_tao,
        vt1_0.ten_vai_tro,
        vt1_0.trang_thai 
    from
        vai_tro vt1_0 
    where
        vt1_0.id=?
2026-07-22 12:57:06 [http-nio-8081-exec-3] TRACE org.hibernate.orm.jdbc.bind - binding parameter (1:INTEGER) <- [3]
2026-07-22 12:57:10 [http-nio-8081-exec-9] DEBUG org.hibernate.SQL - 
    select
        tk1_0.id,
        tk1_0.anh,
        tk1_0.cccd,
        tk1_0.email,
        tk1_0.ho_ten,
        tk1_0.khoa_den,
        tk1_0.lan_dang_nhap_cuoi,
        tk1_0.mat_khau,
        tk1_0.ngay_cap_nhat,
        tk1_0.ngay_tao,
        tk1_0.nguoi_tao_id,
        tk1_0.so_dien_thoai,
        tk1_0.so_lan_dang_nhap_sai,
        tk1_0.ten_dang_nhap,
        tk1_0.trang_thai,
        tk1_0.vai_tro_id 
    from
        tai_khoan tk1_0 
    where
        tk1_0.ten_dang_nhap=?
2026-07-22 12:57:10 [http-nio-8081-exec-9] TRACE org.hibernate.orm.jdbc.bind - binding parameter (1:VARCHAR) <- [giaovien1]
2026-07-22 12:57:10 [http-nio-8081-exec-9] DEBUG org.hibernate.SQL - 
    select
        vt1_0.id,
        vt1_0.ma_vai_tro,
        vt1_0.mo_ta,
        vt1_0.ngay_cap_nhat,
        vt1_0.ngay_tao,
        vt1_0.ten_vai_tro,
        vt1_0.trang_thai 
    from
        vai_tro vt1_0 
    where
        vt1_0.id=?
2026-07-22 12:57:10 [http-nio-8081-exec-9] TRACE org.hibernate.orm.jdbc.bind - binding parameter (1:INTEGER) <- [3]
2026-07-22 12:57:10 [http-nio-8081-exec-9] DEBUG org.hibernate.SQL - 
    select
        tk1_0.id,
        tk1_0.anh,
        tk1_0.cccd,
        tk1_0.email,
        tk1_0.ho_ten,
        tk1_0.khoa_den,
        tk1_0.lan_dang_nhap_cuoi,
        tk1_0.mat_khau,
        tk1_0.ngay_cap_nhat,
        tk1_0.ngay_tao,
        tk1_0.nguoi_tao_id,
        tk1_0.so_dien_thoai,
        tk1_0.so_lan_dang_nhap_sai,
        tk1_0.ten_dang_nhap,
        tk1_0.trang_thai,
        tk1_0.vai_tro_id 
    from
        tai_khoan tk1_0 
    where
        tk1_0.ten_dang_nhap=?
2026-07-22 12:57:10 [http-nio-8081-exec-9] TRACE org.hibernate.orm.jdbc.bind - binding parameter (1:VARCHAR) <- [giaovien1]
2026-07-22 12:57:10 [http-nio-8081-exec-9] DEBUG org.hibernate.SQL - 
    select
        vt1_0.id,
        vt1_0.ma_vai_tro,
        vt1_0.mo_ta,
        vt1_0.ngay_cap_nhat,
        vt1_0.ngay_tao,
        vt1_0.ten_vai_tro,
        vt1_0.trang_thai 
    from
        vai_tro vt1_0 
    where
        vt1_0.id=?
2026-07-22 12:57:10 [http-nio-8081-exec-9] TRACE org.hibernate.orm.jdbc.bind - binding parameter (1:INTEGER) <- [3]
2026-07-22 12:57:10 [http-nio-8081-exec-6] DEBUG org.hibernate.SQL - 
    select
        kh1_0.makh,
        kh1_0.macth,
        kh1_0.ngaybatdau,
        kh1_0.ngayketthuc,
        kh1_0.tenkhoahoc,
        kh1_0.trangthai 
    from
        khoa_hoc kh1_0
2026-07-22 12:57:10 [http-nio-8081-exec-6] DEBUG org.hibernate.SQL - 
    select
        cth1_0.macth,
        cth1_0.hangbang,
        cth1_0.hocphi,
        cth1_0.sobuoilythuyet,
        cth1_0.sobuoithuchanh,
        cth1_0.tenchuongtrinh 
    from
        chuong_trinh_hoc cth1_0 
    where
        cth1_0.macth=?
2026-07-22 12:57:10 [http-nio-8081-exec-6] TRACE org.hibernate.orm.jdbc.bind - binding parameter (1:INTEGER) <- [2]
2026-07-22 12:57:10 [http-nio-8081-exec-10] DEBUG org.hibernate.SQL - 
    select
        tk1_0.id,
        tk1_0.anh,
        tk1_0.cccd,
        tk1_0.email,
        tk1_0.ho_ten,
        tk1_0.khoa_den,
        tk1_0.lan_dang_nhap_cuoi,
        tk1_0.mat_khau,
        tk1_0.ngay_cap_nhat,
        tk1_0.ngay_tao,
        tk1_0.nguoi_tao_id,
        tk1_0.so_dien_thoai,
        tk1_0.so_lan_dang_nhap_sai,
        tk1_0.ten_dang_nhap,
        tk1_0.trang_thai,
        tk1_0.vai_tro_id 
    from
        tai_khoan tk1_0 
    where
        tk1_0.ten_dang_nhap=?
2026-07-22 12:57:10 [http-nio-8081-exec-10] TRACE org.hibernate.orm.jdbc.bind - binding parameter (1:VARCHAR) <- [giaovien1]
2026-07-22 12:57:10 [http-nio-8081-exec-10] DEBUG org.hibernate.SQL - 
    select
        vt1_0.id,
        vt1_0.ma_vai_tro,
        vt1_0.mo_ta,
        vt1_0.ngay_cap_nhat,
        vt1_0.ngay_tao,
        vt1_0.ten_vai_tro,
        vt1_0.trang_thai 
    from
        vai_tro vt1_0 
    where
        vt1_0.id=?
2026-07-22 12:57:10 [http-nio-8081-exec-10] TRACE org.hibernate.orm.jdbc.bind - binding parameter (1:INTEGER) <- [3]
2026-07-22 12:57:10 [http-nio-8081-exec-6] DEBUG org.hibernate.SQL - 
    select
        count_big(dkkh1_0.madk) 
    from
        dang_ky_khoa_hoc dkkh1_0 
    where
        dkkh1_0.makh=?
2026-07-22 12:57:10 [http-nio-8081-exec-6] TRACE org.hibernate.orm.jdbc.bind - binding parameter (1:INTEGER) <- [1]
2026-07-22 12:57:10 [http-nio-8081-exec-6] DEBUG org.hibernate.SQL - 
    select
        count_big(dkkh1_0.madk) 
    from
        dang_ky_khoa_hoc dkkh1_0 
    where
        dkkh1_0.makh=?
2026-07-22 12:57:10 [http-nio-8081-exec-6] TRACE org.hibernate.orm.jdbc.bind - binding parameter (1:INTEGER) <- [2]
2026-07-22 12:57:10 [http-nio-8081-exec-10] DEBUG org.hibernate.SQL - 
    select
        gv1_0.magv,
        gv1_0.cccd,
        gv1_0.diachi,
        gv1_0.email,
        gv1_0.gioitinh,
        gv1_0.hangday,
        gv1_0.hoten,
        gv1_0.ngaysinh,
        gv1_0.sodienthoai 
    from
        giao_vien gv1_0
2026-07-22 12:57:10 [http-nio-8081-exec-5] DEBUG org.hibernate.SQL - 
    select
        kh1_0.makh,
        kh1_0.macth,
        kh1_0.ngaybatdau,
        kh1_0.ngayketthuc,
        kh1_0.tenkhoahoc,
        kh1_0.trangthai 
    from
        khoa_hoc kh1_0
2026-07-22 12:57:10 [http-nio-8081-exec-5] DEBUG org.hibernate.SQL - 
    select
        cth1_0.macth,
        cth1_0.hangbang,
        cth1_0.hocphi,
        cth1_0.sobuoilythuyet,
        cth1_0.sobuoithuchanh,
        cth1_0.tenchuongtrinh 
    from
        chuong_trinh_hoc cth1_0 
    where
        cth1_0.macth=?
2026-07-22 12:57:10 [http-nio-8081-exec-5] TRACE org.hibernate.orm.jdbc.bind - binding parameter (1:INTEGER) <- [2]
2026-07-22 12:57:10 [http-nio-8081-exec-5] DEBUG org.hibernate.SQL - 
    select
        count_big(dkkh1_0.madk) 
    from
        dang_ky_khoa_hoc dkkh1_0 
    where
        dkkh1_0.makh=?
2026-07-22 12:57:10 [http-nio-8081-exec-5] TRACE org.hibernate.orm.jdbc.bind - binding parameter (1:INTEGER) <- [1]
2026-07-22 12:57:10 [http-nio-8081-exec-5] DEBUG org.hibernate.SQL - 
    select
        count_big(dkkh1_0.madk) 
    from
        dang_ky_khoa_hoc dkkh1_0 
    where
        dkkh1_0.makh=?
2026-07-22 12:57:10 [http-nio-8081-exec-5] TRACE org.hibernate.orm.jdbc.bind - binding parameter (1:INTEGER) <- [2]
2026-07-22 12:57:10 [http-nio-8081-exec-2] DEBUG org.hibernate.SQL - 
    select
        tk1_0.id,
        tk1_0.anh,
        tk1_0.cccd,
        tk1_0.email,
        tk1_0.ho_ten,
        tk1_0.khoa_den,
        tk1_0.lan_dang_nhap_cuoi,
        tk1_0.mat_khau,
        tk1_0.ngay_cap_nhat,
        tk1_0.ngay_tao,
        tk1_0.nguoi_tao_id,
        tk1_0.so_dien_thoai,
        tk1_0.so_lan_dang_nhap_sai,
        tk1_0.ten_dang_nhap,
        tk1_0.trang_thai,
        tk1_0.vai_tro_id 
    from
        tai_khoan tk1_0 
    where
        tk1_0.ten_dang_nhap=?
2026-07-22 12:57:10 [http-nio-8081-exec-2] TRACE org.hibernate.orm.jdbc.bind - binding parameter (1:VARCHAR) <- [giaovien1]
2026-07-22 12:57:10 [http-nio-8081-exec-2] DEBUG org.hibernate.SQL - 
    select
        vt1_0.id,
        vt1_0.ma_vai_tro,
        vt1_0.mo_ta,
        vt1_0.ngay_cap_nhat,
        vt1_0.ngay_tao,
        vt1_0.ten_vai_tro,
        vt1_0.trang_thai 
    from
        vai_tro vt1_0 
    where
        vt1_0.id=?
2026-07-22 12:57:10 [http-nio-8081-exec-2] TRACE org.hibernate.orm.jdbc.bind - binding parameter (1:INTEGER) <- [3]
2026-07-22 12:57:10 [http-nio-8081-exec-2] DEBUG org.hibernate.SQL - 
    select
        gv1_0.magv,
        gv1_0.cccd,
        gv1_0.diachi,
        gv1_0.email,
        gv1_0.gioitinh,
        gv1_0.hangday,
        gv1_0.hoten,
        gv1_0.ngaysinh,
        gv1_0.sodienthoai 
    from
        giao_vien gv1_0
2026-07-22 12:57:13 [http-nio-8081-exec-1] DEBUG org.hibernate.SQL - 
    select
        gv1_0.magv,
        gv1_0.cccd,
        gv1_0.diachi,
        gv1_0.email,
        gv1_0.gioitinh,
        gv1_0.hangday,
        gv1_0.hoten,
        gv1_0.ngaysinh,
        gv1_0.sodienthoai 
    from
        giao_vien gv1_0
2026-07-22 12:57:14 [http-nio-8081-exec-9] DEBUG org.hibernate.SQL - 
    select
        cth1_0.macth,
        cth1_0.hangbang,
        cth1_0.hocphi,
        cth1_0.sobuoilythuyet,
        cth1_0.sobuoithuchanh,
        cth1_0.tenchuongtrinh 
    from
        chuong_trinh_hoc cth1_0
2026-07-22 12:57:14 [http-nio-8081-exec-8] DEBUG org.hibernate.SQL - 
    select
        gv1_0.magv,
        gv1_0.cccd,
        gv1_0.diachi,
        gv1_0.email,
        gv1_0.gioitinh,
        gv1_0.hangday,
        gv1_0.hoten,
        gv1_0.ngaysinh,
        gv1_0.sodienthoai 
    from
        giao_vien gv1_0
2026-07-22 12:57:14 [http-nio-8081-exec-7] DEBUG org.hibernate.SQL - 
    select
        kh1_0.makh,
        kh1_0.macth,
        kh1_0.ngaybatdau,
        kh1_0.ngayketthuc,
        kh1_0.tenkhoahoc,
        kh1_0.trangthai 
    from
        khoa_hoc kh1_0
2026-07-22 12:57:14 [http-nio-8081-exec-7] DEBUG org.hibernate.SQL - 
    select
        cth1_0.macth,
        cth1_0.hangbang,
        cth1_0.hocphi,
        cth1_0.sobuoilythuyet,
        cth1_0.sobuoithuchanh,
        cth1_0.tenchuongtrinh 
    from
        chuong_trinh_hoc cth1_0 
    where
        cth1_0.macth=?
2026-07-22 12:57:14 [http-nio-8081-exec-7] TRACE org.hibernate.orm.jdbc.bind - binding parameter (1:INTEGER) <- [2]
2026-07-22 12:57:14 [http-nio-8081-exec-7] DEBUG org.hibernate.SQL - 
    select
        count_big(dkkh1_0.madk) 
    from
        dang_ky_khoa_hoc dkkh1_0 
    where
        dkkh1_0.makh=?
2026-07-22 12:57:14 [http-nio-8081-exec-7] TRACE org.hibernate.orm.jdbc.bind - binding parameter (1:INTEGER) <- [1]
2026-07-22 12:57:14 [http-nio-8081-exec-7] DEBUG org.hibernate.SQL - 
    select
        count_big(dkkh1_0.madk) 
    from
        dang_ky_khoa_hoc dkkh1_0 
    where
        dkkh1_0.makh=?
2026-07-22 12:57:14 [http-nio-8081-exec-7] TRACE org.hibernate.orm.jdbc.bind - binding parameter (1:INTEGER) <- [2]
2026-07-22 12:57:14 [http-nio-8081-exec-5] DEBUG org.hibernate.SQL - 
    select
        lh1_0.malop,
        lh1_0.magv,
        lh1_0.makh,
        lh1_0.soluong,
        lh1_0.tenlop,
        lh1_0.trangthai 
    from
        lop_hoc lh1_0
2026-07-22 12:57:15 [http-nio-8081-exec-5] DEBUG org.hibernate.SQL - 
    select
        gv1_0.magv,
        gv1_0.cccd,
        gv1_0.diachi,
        gv1_0.email,
        gv1_0.gioitinh,
        gv1_0.hangday,
        gv1_0.hoten,
        gv1_0.ngaysinh,
        gv1_0.sodienthoai 
    from
        giao_vien gv1_0 
    where
        gv1_0.magv=?
2026-07-22 12:57:15 [http-nio-8081-exec-5] TRACE org.hibernate.orm.jdbc.bind - binding parameter (1:INTEGER) <- [1]
2026-07-22 12:57:15 [http-nio-8081-exec-5] DEBUG org.hibernate.SQL - 
    select
        kh1_0.makh,
        cth1_0.macth,
        cth1_0.hangbang,
        cth1_0.hocphi,
        cth1_0.sobuoilythuyet,
        cth1_0.sobuoithuchanh,
        cth1_0.tenchuongtrinh,
        kh1_0.ngaybatdau,
        kh1_0.ngayketthuc,
        kh1_0.tenkhoahoc,
        kh1_0.trangthai 
    from
        khoa_hoc kh1_0 
    left join
        chuong_trinh_hoc cth1_0 
            on cth1_0.macth=kh1_0.macth 
    where
        kh1_0.makh=?
2026-07-22 12:57:15 [http-nio-8081-exec-5] TRACE org.hibernate.orm.jdbc.bind - binding parameter (1:INTEGER) <- [1]
2026-07-22 12:57:15 [http-nio-8081-exec-5] DEBUG org.hibernate.SQL - 
    select
        kh1_0.makh,
        cth1_0.macth,
        cth1_0.hangbang,
        cth1_0.hocphi,
        cth1_0.sobuoilythuyet,
        cth1_0.sobuoithuchanh,
        cth1_0.tenchuongtrinh,
        kh1_0.ngaybatdau,
        kh1_0.ngayketthuc,
        kh1_0.tenkhoahoc,
        kh1_0.trangthai 
    from
        khoa_hoc kh1_0 
    left join
        chuong_trinh_hoc cth1_0 
            on cth1_0.macth=kh1_0.macth 
    where
        kh1_0.makh=?
2026-07-22 12:57:15 [http-nio-8081-exec-5] TRACE org.hibernate.orm.jdbc.bind - binding parameter (1:INTEGER) <- [2]
2026-07-22 12:57:15 [http-nio-8081-exec-2] DEBUG org.hibernate.SQL - 
    select
        mh1_0.mamh,
        mh1_0.so_tiet,
        mh1_0.tenmonhoc 
    from
        mon_hoc mh1_0
2026-07-22 12:57:16 [http-nio-8081-exec-1] DEBUG org.hibernate.SQL - 
    select
        ph1_0.maphong,
        ph1_0.succhua,
        ph1_0.tenphong,
        ph1_0.trangthai 
    from
        phong_hoc ph1_0
2026-07-22 12:57:16 [http-nio-8081-exec-3] DEBUG org.hibernate.SQL - 
    select
        x1_0.maxe,
        x1_0.bienso,
        x1_0.hangxe,
        x1_0.loaixe,
        x1_0.namsanxuat,
        x1_0.trangthai 
    from
        xe x1_0
2026-07-22 12:57:17 [http-nio-8081-exec-9] DEBUG org.hibernate.SQL - 
    select
        x1_0.maxe,
        x1_0.bienso,
        x1_0.hangxe,
        x1_0.loaixe,
        x1_0.namsanxuat,
        x1_0.trangthai 
    from
        xe x1_0
2026-07-22 12:57:17 [http-nio-8081-exec-7] DEBUG org.hibernate.SQL - 
    select
        xtl1_0.maxetl,
        xtl1_0.ghichu,
        xtl1_0.handangkiem,
        xtl1_0.hangbang,
        xtl1_0.ngay_cap_nhat,
        xtl1_0.ngaydangkiem,
        xtl1_0.ngay_tao,
        xtl1_0.maxe 
    from
        xe_tap_lai xtl1_0
2026-07-22 12:57:17 [http-nio-8081-exec-7] DEBUG org.hibernate.SQL - 
    select
        x1_0.maxe,
        x1_0.bienso,
        x1_0.hangxe,
        x1_0.loaixe,
        x1_0.namsanxuat,
        x1_0.trangthai 
    from
        xe x1_0 
    where
        x1_0.maxe=?
2026-07-22 12:57:17 [http-nio-8081-exec-7] TRACE org.hibernate.orm.jdbc.bind - binding parameter (1:INTEGER) <- [1]
2026-07-22 12:57:17 [http-nio-8081-exec-6] DEBUG org.hibernate.SQL - 
    select
        x1_0.maxe,
        x1_0.bienso,
        x1_0.hangxe,
        x1_0.loaixe,
        x1_0.namsanxuat,
        x1_0.trangthai 
    from
        xe x1_0
2026-07-22 12:57:18 [http-nio-8081-exec-10] DEBUG org.hibernate.SQL - 
    select
        gv1_0.magv,
        gv1_0.cccd,
        gv1_0.diachi,
        gv1_0.email,
        gv1_0.gioitinh,
        gv1_0.hangday,
        gv1_0.hoten,
        gv1_0.ngaysinh,
        gv1_0.sodienthoai 
    from
        giao_vien gv1_0
2026-07-22 12:57:18 [http-nio-8081-exec-2] DEBUG org.hibernate.SQL - 
    select
        xtl1_0.maxetl,
        xtl1_0.ghichu,
        xtl1_0.handangkiem,
        xtl1_0.hangbang,
        xtl1_0.ngay_cap_nhat,
        xtl1_0.ngaydangkiem,
        xtl1_0.ngay_tao,
        xtl1_0.maxe 
    from
        xe_tap_lai xtl1_0
2026-07-22 12:57:18 [http-nio-8081-exec-2] DEBUG org.hibernate.SQL - 
    select
        x1_0.maxe,
        x1_0.bienso,
        x1_0.hangxe,
        x1_0.loaixe,
        x1_0.namsanxuat,
        x1_0.trangthai 
    from
        xe x1_0 
    where
        x1_0.maxe=?
2026-07-22 12:57:18 [http-nio-8081-exec-2] TRACE org.hibernate.orm.jdbc.bind - binding parameter (1:INTEGER) <- [1]
2026-07-22 12:57:18 [http-nio-8081-exec-4] DEBUG org.hibernate.SQL - 
    select
        hv1_0.mahv,
        hv1_0.cccd,
        hv1_0.diachi,
        hv1_0.email,
        hv1_0.gioitinh,
        hv1_0.hoten,
        hv1_0.ngaydangky,
        hv1_0.ngaysinh,
        hv1_0.sodienthoai 
    from
        hoc_vien hv1_0
2026-07-22 12:57:18 [http-nio-8081-exec-3] DEBUG org.hibernate.SQL - 
    select
        pc1_0.id,
        pc1_0.ghichu,
        pc1_0.magv,
        pc1_0.mahv,
        pc1_0.ngay_phan_cong,
        pc1_0.maxetl 
    from
        phan_cong pc1_0
2026-07-22 12:57:18 [http-nio-8081-exec-3] DEBUG org.hibernate.SQL - 
    select
        hv1_0.mahv,
        hv1_0.cccd,
        hv1_0.diachi,
        hv1_0.email,
        hv1_0.gioitinh,
        hv1_0.hoten,
        hv1_0.ngaydangky,
        hv1_0.ngaysinh,
        hv1_0.sodienthoai 
    from
        hoc_vien hv1_0 
    where
        hv1_0.mahv=?
2026-07-22 12:57:18 [http-nio-8081-exec-3] TRACE org.hibernate.orm.jdbc.bind - binding parameter (1:INTEGER) <- [1]
2026-07-22 12:57:18 [http-nio-8081-exec-3] DEBUG org.hibernate.SQL - 
    select
        xtl1_0.maxetl,
        xtl1_0.ghichu,
        xtl1_0.handangkiem,
        xtl1_0.hangbang,
        xtl1_0.ngay_cap_nhat,
        xtl1_0.ngaydangkiem,
        xtl1_0.ngay_tao,
        x1_0.maxe,
        x1_0.bienso,
        x1_0.hangxe,
        x1_0.loaixe,
        x1_0.namsanxuat,
        x1_0.trangthai 
    from
        xe_tap_lai xtl1_0 
    left join
        xe x1_0 
            on x1_0.maxe=xtl1_0.maxe 
    where
        xtl1_0.maxetl=?
2026-07-22 12:57:18 [http-nio-8081-exec-3] TRACE org.hibernate.orm.jdbc.bind - binding parameter (1:INTEGER) <- [1]
2026-07-22 12:57:18 [http-nio-8081-exec-3] DEBUG org.hibernate.SQL - 
    select
        hv1_0.mahv,
        hv1_0.cccd,
        hv1_0.diachi,
        hv1_0.email,
        hv1_0.gioitinh,
        hv1_0.hoten,
        hv1_0.ngaydangky,
        hv1_0.ngaysinh,
        hv1_0.sodienthoai 
    from
        hoc_vien hv1_0 
    where
        hv1_0.mahv=?
2026-07-22 12:57:18 [http-nio-8081-exec-3] TRACE org.hibernate.orm.jdbc.bind - binding parameter (1:INTEGER) <- [3]
2026-07-22 12:57:19 [http-nio-8081-exec-9] DEBUG org.hibernate.SQL - 
    select
        ct1_0.macathi,
        ct1_0.gio_bat_dau,
        ct1_0.gio_ket_thuc,
        ct1_0.ten_ca 
    from
        ca_thi ct1_0
2026-07-22 12:57:20 [http-nio-8081-exec-8] DEBUG org.hibernate.SQL - 
    select
        tk1_0.id,
        tk1_0.anh,
        tk1_0.cccd,
        tk1_0.email,
        tk1_0.ho_ten,
        tk1_0.khoa_den,
        tk1_0.lan_dang_nhap_cuoi,
        tk1_0.mat_khau,
        tk1_0.ngay_cap_nhat,
        tk1_0.ngay_tao,
        tk1_0.nguoi_tao_id,
        tk1_0.so_dien_thoai,
        tk1_0.so_lan_dang_nhap_sai,
        tk1_0.ten_dang_nhap,
        tk1_0.trang_thai,
        tk1_0.vai_tro_id 
    from
        tai_khoan tk1_0 
    where
        tk1_0.ten_dang_nhap=?
2026-07-22 12:57:20 [http-nio-8081-exec-7] DEBUG org.hibernate.SQL - 
    select
        tk1_0.id,
        tk1_0.anh,
        tk1_0.cccd,
        tk1_0.email,
        tk1_0.ho_ten,
        tk1_0.khoa_den,
        tk1_0.lan_dang_nhap_cuoi,
        tk1_0.mat_khau,
        tk1_0.ngay_cap_nhat,
        tk1_0.ngay_tao,
        tk1_0.nguoi_tao_id,
        tk1_0.so_dien_thoai,
        tk1_0.so_lan_dang_nhap_sai,
        tk1_0.ten_dang_nhap,
        tk1_0.trang_thai,
        tk1_0.vai_tro_id 
    from
        tai_khoan tk1_0 
    where
        tk1_0.ten_dang_nhap=?
2026-07-22 12:57:20 [http-nio-8081-exec-7] TRACE org.hibernate.orm.jdbc.bind - binding parameter (1:VARCHAR) <- [giaovien1]
2026-07-22 12:57:20 [http-nio-8081-exec-8] TRACE org.hibernate.orm.jdbc.bind - binding parameter (1:VARCHAR) <- [giaovien1]
2026-07-22 12:57:20 [http-nio-8081-exec-7] DEBUG org.hibernate.SQL - 
    select
        vt1_0.id,
        vt1_0.ma_vai_tro,
        vt1_0.mo_ta,
        vt1_0.ngay_cap_nhat,
        vt1_0.ngay_tao,
        vt1_0.ten_vai_tro,
        vt1_0.trang_thai 
    from
        vai_tro vt1_0 
    where
        vt1_0.id=?
2026-07-22 12:57:20 [http-nio-8081-exec-7] TRACE org.hibernate.orm.jdbc.bind - binding parameter (1:INTEGER) <- [3]
2026-07-22 12:57:20 [http-nio-8081-exec-7] DEBUG org.hibernate.SQL - 
    select
        gv1_0.magv,
        gv1_0.cccd,
        gv1_0.diachi,
        gv1_0.email,
        gv1_0.gioitinh,
        gv1_0.hangday,
        gv1_0.hoten,
        gv1_0.ngaysinh,
        gv1_0.sodienthoai 
    from
        giao_vien gv1_0
2026-07-22 12:57:20 [http-nio-8081-exec-8] DEBUG org.hibernate.SQL - 
    select
        vt1_0.id,
        vt1_0.ma_vai_tro,
        vt1_0.mo_ta,
        vt1_0.ngay_cap_nhat,
        vt1_0.ngay_tao,
        vt1_0.ten_vai_tro,
        vt1_0.trang_thai 
    from
        vai_tro vt1_0 
    where
        vt1_0.id=?
2026-07-22 12:57:20 [http-nio-8081-exec-8] TRACE org.hibernate.orm.jdbc.bind - binding parameter (1:INTEGER) <- [3]
2026-07-22 12:57:20 [http-nio-8081-exec-8] DEBUG org.hibernate.SQL - 
    select
        gv1_0.magv,
        gv1_0.cccd,
        gv1_0.diachi,
        gv1_0.email,
        gv1_0.gioitinh,
        gv1_0.hangday,
        gv1_0.hoten,
        gv1_0.ngaysinh,
        gv1_0.sodienthoai 
    from
        giao_vien gv1_0
2026-07-22 12:57:35 [http-nio-8081-exec-4] DEBUG org.hibernate.SQL - 
    select
        tk1_0.id,
        tk1_0.anh,
        tk1_0.cccd,
        tk1_0.email,
        tk1_0.ho_ten,
        tk1_0.khoa_den,
        tk1_0.lan_dang_nhap_cuoi,
        tk1_0.mat_khau,
        tk1_0.ngay_cap_nhat,
        tk1_0.ngay_tao,
        tk1_0.nguoi_tao_id,
        tk1_0.so_dien_thoai,
        tk1_0.so_lan_dang_nhap_sai,
        tk1_0.ten_dang_nhap,
        tk1_0.trang_thai,
        tk1_0.vai_tro_id 
    from
        tai_khoan tk1_0 
    where
        tk1_0.ten_dang_nhap=?
2026-07-22 12:57:35 [http-nio-8081-exec-4] TRACE org.hibernate.orm.jdbc.bind - binding parameter (1:VARCHAR) <- [hocvien1]
2026-07-22 12:57:35 [http-nio-8081-exec-4] DEBUG org.hibernate.SQL - 
    select
        vt1_0.id,
        vt1_0.ma_vai_tro,
        vt1_0.mo_ta,
        vt1_0.ngay_cap_nhat,
        vt1_0.ngay_tao,
        vt1_0.ten_vai_tro,
        vt1_0.trang_thai 
    from
        vai_tro vt1_0 
    where
        vt1_0.id=?
2026-07-22 12:57:35 [http-nio-8081-exec-4] TRACE org.hibernate.orm.jdbc.bind - binding parameter (1:INTEGER) <- [1]
2026-07-22 12:57:35 [http-nio-8081-exec-4] DEBUG org.hibernate.SQL - 
    select
        tk1_0.id,
        tk1_0.anh,
        tk1_0.cccd,
        tk1_0.email,
        tk1_0.ho_ten,
        tk1_0.khoa_den,
        tk1_0.lan_dang_nhap_cuoi,
        tk1_0.mat_khau,
        tk1_0.ngay_cap_nhat,
        tk1_0.ngay_tao,
        tk1_0.nguoi_tao_id,
        tk1_0.so_dien_thoai,
        tk1_0.so_lan_dang_nhap_sai,
        tk1_0.ten_dang_nhap,
        tk1_0.trang_thai,
        tk1_0.vai_tro_id 
    from
        tai_khoan tk1_0 
    where
        tk1_0.ten_dang_nhap=?
2026-07-22 12:57:35 [http-nio-8081-exec-4] TRACE org.hibernate.orm.jdbc.bind - binding parameter (1:VARCHAR) <- [hocvien1]
2026-07-22 12:57:35 [http-nio-8081-exec-4] DEBUG org.hibernate.SQL - 
    select
        vt1_0.id,
        vt1_0.ma_vai_tro,
        vt1_0.mo_ta,
        vt1_0.ngay_cap_nhat,
        vt1_0.ngay_tao,
        vt1_0.ten_vai_tro,
        vt1_0.trang_thai 
    from
        vai_tro vt1_0 
    where
        vt1_0.id=?
2026-07-22 12:57:35 [http-nio-8081-exec-4] TRACE org.hibernate.orm.jdbc.bind - binding parameter (1:INTEGER) <- [1]
2026-07-22 12:57:35 [http-nio-8081-exec-1] DEBUG org.hibernate.SQL - 
    select
        kh1_0.makh,
        kh1_0.macth,
        kh1_0.ngaybatdau,
        kh1_0.ngayketthuc,
        kh1_0.tenkhoahoc,
        kh1_0.trangthai 
    from
        khoa_hoc kh1_0
2026-07-22 12:57:35 [http-nio-8081-exec-1] DEBUG org.hibernate.SQL - 
    select
        cth1_0.macth,
        cth1_0.hangbang,
        cth1_0.hocphi,
        cth1_0.sobuoilythuyet,
        cth1_0.sobuoithuchanh,
        cth1_0.tenchuongtrinh 
    from
        chuong_trinh_hoc cth1_0 
    where
        cth1_0.macth=?
2026-07-22 12:57:35 [http-nio-8081-exec-1] TRACE org.hibernate.orm.jdbc.bind - binding parameter (1:INTEGER) <- [2]
2026-07-22 12:57:35 [http-nio-8081-exec-1] DEBUG org.hibernate.SQL - 
    select
        count_big(dkkh1_0.madk) 
    from
        dang_ky_khoa_hoc dkkh1_0 
    where
        dkkh1_0.makh=?
2026-07-22 12:57:35 [http-nio-8081-exec-1] TRACE org.hibernate.orm.jdbc.bind - binding parameter (1:INTEGER) <- [1]
2026-07-22 12:57:35 [http-nio-8081-exec-9] DEBUG org.hibernate.SQL - 
    select
        tk1_0.id,
        tk1_0.anh,
        tk1_0.cccd,
        tk1_0.email,
        tk1_0.ho_ten,
        tk1_0.khoa_den,
        tk1_0.lan_dang_nhap_cuoi,
        tk1_0.mat_khau,
        tk1_0.ngay_cap_nhat,
        tk1_0.ngay_tao,
        tk1_0.nguoi_tao_id,
        tk1_0.so_dien_thoai,
        tk1_0.so_lan_dang_nhap_sai,
        tk1_0.ten_dang_nhap,
        tk1_0.trang_thai,
        tk1_0.vai_tro_id 
    from
        tai_khoan tk1_0 
    where
        tk1_0.ten_dang_nhap=?
2026-07-22 12:57:35 [http-nio-8081-exec-3] DEBUG org.hibernate.SQL - 
    select
        tk1_0.id,
        tk1_0.anh,
        tk1_0.cccd,
        tk1_0.email,
        tk1_0.ho_ten,
        tk1_0.khoa_den,
        tk1_0.lan_dang_nhap_cuoi,
        tk1_0.mat_khau,
        tk1_0.ngay_cap_nhat,
        tk1_0.ngay_tao,
        tk1_0.nguoi_tao_id,
        tk1_0.so_dien_thoai,
        tk1_0.so_lan_dang_nhap_sai,
        tk1_0.ten_dang_nhap,
        tk1_0.trang_thai,
        tk1_0.vai_tro_id 
    from
        tai_khoan tk1_0 
    where
        tk1_0.ten_dang_nhap=?
2026-07-22 12:57:35 [http-nio-8081-exec-1] DEBUG org.hibernate.SQL - 
    select
        count_big(dkkh1_0.madk) 
    from
        dang_ky_khoa_hoc dkkh1_0 
    where
        dkkh1_0.makh=?
2026-07-22 12:57:35 [http-nio-8081-exec-3] TRACE org.hibernate.orm.jdbc.bind - binding parameter (1:VARCHAR) <- [hocvien1]
2026-07-22 12:57:35 [http-nio-8081-exec-1] TRACE org.hibernate.orm.jdbc.bind - binding parameter (1:INTEGER) <- [2]
2026-07-22 12:57:35 [http-nio-8081-exec-7] DEBUG org.hibernate.SQL - 
    select
        tk1_0.id,
        tk1_0.anh,
        tk1_0.cccd,
        tk1_0.email,
        tk1_0.ho_ten,
        tk1_0.khoa_den,
        tk1_0.lan_dang_nhap_cuoi,
        tk1_0.mat_khau,
        tk1_0.ngay_cap_nhat,
        tk1_0.ngay_tao,
        tk1_0.nguoi_tao_id,
        tk1_0.so_dien_thoai,
        tk1_0.so_lan_dang_nhap_sai,
        tk1_0.ten_dang_nhap,
        tk1_0.trang_thai,
        tk1_0.vai_tro_id 
    from
        tai_khoan tk1_0 
    where
        tk1_0.ten_dang_nhap=?
2026-07-22 12:57:35 [http-nio-8081-exec-9] TRACE org.hibernate.orm.jdbc.bind - binding parameter (1:VARCHAR) <- [hocvien1]
2026-07-22 12:57:35 [http-nio-8081-exec-3] DEBUG org.hibernate.SQL - 
    select
        vt1_0.id,
        vt1_0.ma_vai_tro,
        vt1_0.mo_ta,
        vt1_0.ngay_cap_nhat,
        vt1_0.ngay_tao,
        vt1_0.ten_vai_tro,
        vt1_0.trang_thai 
    from
        vai_tro vt1_0 
    where
        vt1_0.id=?
2026-07-22 12:57:35 [http-nio-8081-exec-9] DEBUG org.hibernate.SQL - 
    select
        vt1_0.id,
        vt1_0.ma_vai_tro,
        vt1_0.mo_ta,
        vt1_0.ngay_cap_nhat,
        vt1_0.ngay_tao,
        vt1_0.ten_vai_tro,
        vt1_0.trang_thai 
    from
        vai_tro vt1_0 
    where
        vt1_0.id=?
2026-07-22 12:57:35 [http-nio-8081-exec-3] TRACE org.hibernate.orm.jdbc.bind - binding parameter (1:INTEGER) <- [1]
2026-07-22 12:57:35 [http-nio-8081-exec-9] TRACE org.hibernate.orm.jdbc.bind - binding parameter (1:INTEGER) <- [1]
2026-07-22 12:57:35 [http-nio-8081-exec-10] DEBUG org.hibernate.SQL - 
    select
        kh1_0.makh,
        kh1_0.macth,
        kh1_0.ngaybatdau,
        kh1_0.ngayketthuc,
        kh1_0.tenkhoahoc,
        kh1_0.trangthai 
    from
        khoa_hoc kh1_0
2026-07-22 12:57:35 [http-nio-8081-exec-10] DEBUG org.hibernate.SQL - 
    select
        cth1_0.macth,
        cth1_0.hangbang,
        cth1_0.hocphi,
        cth1_0.sobuoilythuyet,
        cth1_0.sobuoithuchanh,
        cth1_0.tenchuongtrinh 
    from
        chuong_trinh_hoc cth1_0 
    where
        cth1_0.macth=?
2026-07-22 12:57:35 [http-nio-8081-exec-10] TRACE org.hibernate.orm.jdbc.bind - binding parameter (1:INTEGER) <- [2]
2026-07-22 12:57:35 [http-nio-8081-exec-6] DEBUG org.hibernate.SQL - 
    select
        tk1_0.id,
        tk1_0.anh,
        tk1_0.cccd,
        tk1_0.email,
        tk1_0.ho_ten,
        tk1_0.khoa_den,
        tk1_0.lan_dang_nhap_cuoi,
        tk1_0.mat_khau,
        tk1_0.ngay_cap_nhat,
        tk1_0.ngay_tao,
        tk1_0.nguoi_tao_id,
        tk1_0.so_dien_thoai,
        tk1_0.so_lan_dang_nhap_sai,
        tk1_0.ten_dang_nhap,
        tk1_0.trang_thai,
        tk1_0.vai_tro_id 
    from
        tai_khoan tk1_0 
    where
        tk1_0.ten_dang_nhap=?
2026-07-22 12:57:35 [http-nio-8081-exec-6] TRACE org.hibernate.orm.jdbc.bind - binding parameter (1:VARCHAR) <- [hocvien1]
2026-07-22 12:57:35 [http-nio-8081-exec-7] TRACE org.hibernate.orm.jdbc.bind - binding parameter (1:VARCHAR) <- [hocvien1]
2026-07-22 12:57:35 [http-nio-8081-exec-6] DEBUG org.hibernate.SQL - 
    select
        vt1_0.id,
        vt1_0.ma_vai_tro,
        vt1_0.mo_ta,
        vt1_0.ngay_cap_nhat,
        vt1_0.ngay_tao,
        vt1_0.ten_vai_tro,
        vt1_0.trang_thai 
    from
        vai_tro vt1_0 
    where
        vt1_0.id=?
2026-07-22 12:57:35 [http-nio-8081-exec-7] DEBUG org.hibernate.SQL - 
    select
        vt1_0.id,
        vt1_0.ma_vai_tro,
        vt1_0.mo_ta,
        vt1_0.ngay_cap_nhat,
        vt1_0.ngay_tao,
        vt1_0.ten_vai_tro,
        vt1_0.trang_thai 
    from
        vai_tro vt1_0 
    where
        vt1_0.id=?
2026-07-22 12:57:35 [http-nio-8081-exec-10] DEBUG org.hibernate.SQL - 
    select
        count_big(dkkh1_0.madk) 
    from
        dang_ky_khoa_hoc dkkh1_0 
    where
        dkkh1_0.makh=?
2026-07-22 12:57:35 [http-nio-8081-exec-6] TRACE org.hibernate.orm.jdbc.bind - binding parameter (1:INTEGER) <- [1]
2026-07-22 12:57:35 [http-nio-8081-exec-7] TRACE org.hibernate.orm.jdbc.bind - binding parameter (1:INTEGER) <- [1]
2026-07-22 12:57:35 [http-nio-8081-exec-10] TRACE org.hibernate.orm.jdbc.bind - binding parameter (1:INTEGER) <- [1]
2026-07-22 12:57:35 [http-nio-8081-exec-10] DEBUG org.hibernate.SQL - 
    select
        count_big(dkkh1_0.madk) 
    from
        dang_ky_khoa_hoc dkkh1_0 
    where
        dkkh1_0.makh=?
2026-07-22 12:57:35 [http-nio-8081-exec-10] TRACE org.hibernate.orm.jdbc.bind - binding parameter (1:INTEGER) <- [2]
2026-07-22 12:57:41 [http-nio-8081-exec-2] DEBUG org.hibernate.SQL - 
    select
        tk1_0.id,
        tk1_0.anh,
        tk1_0.cccd,
        tk1_0.email,
        tk1_0.ho_ten,
        tk1_0.khoa_den,
        tk1_0.lan_dang_nhap_cuoi,
        tk1_0.mat_khau,
        tk1_0.ngay_cap_nhat,
        tk1_0.ngay_tao,
        tk1_0.nguoi_tao_id,
        tk1_0.so_dien_thoai,
        tk1_0.so_lan_dang_nhap_sai,
        tk1_0.ten_dang_nhap,
        tk1_0.trang_thai,
        tk1_0.vai_tro_id 
    from
        tai_khoan tk1_0 
    where
        tk1_0.ten_dang_nhap=?
2026-07-22 12:57:41 [http-nio-8081-exec-2] TRACE org.hibernate.orm.jdbc.bind - binding parameter (1:VARCHAR) <- [hocvien1]
2026-07-22 12:57:41 [http-nio-8081-exec-2] DEBUG org.hibernate.SQL - 
    select
        vt1_0.id,
        vt1_0.ma_vai_tro,
        vt1_0.mo_ta,
        vt1_0.ngay_cap_nhat,
        vt1_0.ngay_tao,
        vt1_0.ten_vai_tro,
        vt1_0.trang_thai 
    from
        vai_tro vt1_0 
    where
        vt1_0.id=?
2026-07-22 12:57:41 [http-nio-8081-exec-2] TRACE org.hibernate.orm.jdbc.bind - binding parameter (1:INTEGER) <- [1]
2026-07-22 12:57:41 [http-nio-8081-exec-4] DEBUG org.hibernate.SQL - 
    select
        tk1_0.id,
        tk1_0.anh,
        tk1_0.cccd,
        tk1_0.email,
        tk1_0.ho_ten,
        tk1_0.khoa_den,
        tk1_0.lan_dang_nhap_cuoi,
        tk1_0.mat_khau,
        tk1_0.ngay_cap_nhat,
        tk1_0.ngay_tao,
        tk1_0.nguoi_tao_id,
        tk1_0.so_dien_thoai,
        tk1_0.so_lan_dang_nhap_sai,
        tk1_0.ten_dang_nhap,
        tk1_0.trang_thai,
        tk1_0.vai_tro_id 
    from
        tai_khoan tk1_0 
    where
        tk1_0.ten_dang_nhap=?
2026-07-22 12:57:41 [http-nio-8081-exec-4] TRACE org.hibernate.orm.jdbc.bind - binding parameter (1:VARCHAR) <- [hocvien1]
2026-07-22 12:57:41 [http-nio-8081-exec-4] DEBUG org.hibernate.SQL - 
    select
        vt1_0.id,
        vt1_0.ma_vai_tro,
        vt1_0.mo_ta,
        vt1_0.ngay_cap_nhat,
        vt1_0.ngay_tao,
        vt1_0.ten_vai_tro,
        vt1_0.trang_thai 
    from
        vai_tro vt1_0 
    where
        vt1_0.id=?
2026-07-22 12:57:41 [http-nio-8081-exec-4] TRACE org.hibernate.orm.jdbc.bind - binding parameter (1:INTEGER) <- [1]
2026-07-22 12:57:41 [http-nio-8081-exec-4] DEBUG org.hibernate.SQL - 
    select
        acd1_0.id,
        acd1_0.ghichu,
        acd1_0.matk,
        acd1_0.ngaytao,
        acd1_0.trangthai,
        acd1_0.url 
    from
        anh_cho_duyet acd1_0 
    where
        acd1_0.matk=?
2026-07-22 12:57:41 [http-nio-8081-exec-4] TRACE org.hibernate.orm.jdbc.bind - binding parameter (1:INTEGER) <- [6]
2026-07-22 12:57:46 [http-nio-8081-exec-8] DEBUG org.hibernate.SQL - 
    select
        tsh1_0.mathi,
        tsh1_0.ghichu,
        tsh1_0.mahv,
        tsh1_0.ketqua,
        tsh1_0.malichthi,
        tsh1_0.ngaythi 
    from
        thi_sat_hach tsh1_0
2026-07-22 12:57:46 [http-nio-8081-exec-8] DEBUG org.hibernate.SQL - 
    select
        hv1_0.mahv,
        hv1_0.cccd,
        hv1_0.diachi,
        hv1_0.email,
        hv1_0.gioitinh,
        hv1_0.hoten,
        hv1_0.ngaydangky,
        hv1_0.ngaysinh,
        hv1_0.sodienthoai 
    from
        hoc_vien hv1_0 
    where
        hv1_0.mahv=?
2026-07-22 12:57:46 [http-nio-8081-exec-8] TRACE org.hibernate.orm.jdbc.bind - binding parameter (1:INTEGER) <- [1]
2026-07-22 12:57:47 [http-nio-8081-exec-5] DEBUG org.hibernate.SQL - 
    select
        tk1_0.id,
        tk1_0.anh,
        tk1_0.cccd,
        tk1_0.email,
        tk1_0.ho_ten,
        tk1_0.khoa_den,
        tk1_0.lan_dang_nhap_cuoi,
        tk1_0.mat_khau,
        tk1_0.ngay_cap_nhat,
        tk1_0.ngay_tao,
        tk1_0.nguoi_tao_id,
        tk1_0.so_dien_thoai,
        tk1_0.so_lan_dang_nhap_sai,
        tk1_0.ten_dang_nhap,
        tk1_0.trang_thai,
        tk1_0.vai_tro_id 
    from
        tai_khoan tk1_0 
    where
        tk1_0.ten_dang_nhap=?
2026-07-22 12:57:47 [http-nio-8081-exec-5] TRACE org.hibernate.orm.jdbc.bind - binding parameter (1:VARCHAR) <- [hocvien1]
2026-07-22 12:57:47 [http-nio-8081-exec-5] DEBUG org.hibernate.SQL - 
    select
        vt1_0.id,
        vt1_0.ma_vai_tro,
        vt1_0.mo_ta,
        vt1_0.ngay_cap_nhat,
        vt1_0.ngay_tao,
        vt1_0.ten_vai_tro,
        vt1_0.trang_thai 
    from
        vai_tro vt1_0 
    where
        vt1_0.id=?
2026-07-22 12:57:47 [http-nio-8081-exec-5] TRACE org.hibernate.orm.jdbc.bind - binding parameter (1:INTEGER) <- [1]
2026-07-22 12:57:47 [http-nio-8081-exec-1] DEBUG org.hibernate.SQL - 
    select
        tk1_0.id,
        tk1_0.anh,
        tk1_0.cccd,
        tk1_0.email,
        tk1_0.ho_ten,
        tk1_0.khoa_den,
        tk1_0.lan_dang_nhap_cuoi,
        tk1_0.mat_khau,
        tk1_0.ngay_cap_nhat,
        tk1_0.ngay_tao,
        tk1_0.nguoi_tao_id,
        tk1_0.so_dien_thoai,
        tk1_0.so_lan_dang_nhap_sai,
        tk1_0.ten_dang_nhap,
        tk1_0.trang_thai,
        tk1_0.vai_tro_id 
    from
        tai_khoan tk1_0 
    where
        tk1_0.ten_dang_nhap=?
2026-07-22 12:57:47 [http-nio-8081-exec-1] TRACE org.hibernate.orm.jdbc.bind - binding parameter (1:VARCHAR) <- [hocvien1]
2026-07-22 12:57:47 [http-nio-8081-exec-1] DEBUG org.hibernate.SQL - 
    select
        vt1_0.id,
        vt1_0.ma_vai_tro,
        vt1_0.mo_ta,
        vt1_0.ngay_cap_nhat,
        vt1_0.ngay_tao,
        vt1_0.ten_vai_tro,
        vt1_0.trang_thai 
    from
        vai_tro vt1_0 
    where
        vt1_0.id=?
2026-07-22 12:57:47 [http-nio-8081-exec-1] TRACE org.hibernate.orm.jdbc.bind - binding parameter (1:INTEGER) <- [1]
2026-07-22 12:57:47 [http-nio-8081-exec-9] DEBUG org.hibernate.SQL - 
    select
        tk1_0.id,
        tk1_0.anh,
        tk1_0.cccd,
        tk1_0.email,
        tk1_0.ho_ten,
        tk1_0.khoa_den,
        tk1_0.lan_dang_nhap_cuoi,
        tk1_0.mat_khau,
        tk1_0.ngay_cap_nhat,
        tk1_0.ngay_tao,
        tk1_0.nguoi_tao_id,
        tk1_0.so_dien_thoai,
        tk1_0.so_lan_dang_nhap_sai,
        tk1_0.ten_dang_nhap,
        tk1_0.trang_thai,
        tk1_0.vai_tro_id 
    from
        tai_khoan tk1_0 
    where
        tk1_0.ten_dang_nhap=?
2026-07-22 12:57:47 [http-nio-8081-exec-9] TRACE org.hibernate.orm.jdbc.bind - binding parameter (1:VARCHAR) <- [hocvien1]
2026-07-22 12:57:47 [http-nio-8081-exec-9] DEBUG org.hibernate.SQL - 
    select
        vt1_0.id,
        vt1_0.ma_vai_tro,
        vt1_0.mo_ta,
        vt1_0.ngay_cap_nhat,
        vt1_0.ngay_tao,
        vt1_0.ten_vai_tro,
        vt1_0.trang_thai 
    from
        vai_tro vt1_0 
    where
        vt1_0.id=?
2026-07-22 12:57:47 [http-nio-8081-exec-9] TRACE org.hibernate.orm.jdbc.bind - binding parameter (1:INTEGER) <- [1]
2026-07-22 12:57:51 [http-nio-8081-exec-3] DEBUG org.hibernate.SQL - 
    select
        tsh1_0.mathi,
        tsh1_0.ghichu,
        tsh1_0.mahv,
        tsh1_0.ketqua,
        tsh1_0.malichthi,
        tsh1_0.ngaythi 
    from
        thi_sat_hach tsh1_0
2026-07-22 12:57:51 [http-nio-8081-exec-3] DEBUG org.hibernate.SQL - 
    select
        hv1_0.mahv,
        hv1_0.cccd,
        hv1_0.diachi,
        hv1_0.email,
        hv1_0.gioitinh,
        hv1_0.hoten,
        hv1_0.ngaydangky,
        hv1_0.ngaysinh,
        hv1_0.sodienthoai 
    from
        hoc_vien hv1_0 
    where
        hv1_0.mahv=?
2026-07-22 12:57:51 [http-nio-8081-exec-3] TRACE org.hibernate.orm.jdbc.bind - binding parameter (1:INTEGER) <- [1]
2026-07-22 12:57:52 [http-nio-8081-exec-6] DEBUG org.hibernate.SQL - 
    select
        hv1_0.mahv,
        hv1_0.cccd,
        hv1_0.diachi,
        hv1_0.email,
        hv1_0.gioitinh,
        hv1_0.hoten,
        hv1_0.ngaydangky,
        hv1_0.ngaysinh,
        hv1_0.sodienthoai 
    from
        hoc_vien hv1_0
2026-07-22 12:57:52 [http-nio-8081-exec-7] DEBUG org.hibernate.SQL - 
    select
        lt1_0.malichthi,
        lt1_0.macathi,
        lt1_0.ghichu,
        lt1_0.ngaythi,
        lt1_0.maphongthi 
    from
        lich_thi lt1_0
2026-07-22 12:57:52 [http-nio-8081-exec-7] DEBUG org.hibernate.SQL - 
    select
        ct1_0.macathi,
        ct1_0.gio_bat_dau,
        ct1_0.gio_ket_thuc,
        ct1_0.ten_ca 
    from
        ca_thi ct1_0 
    where
        ct1_0.macathi=?
2026-07-22 12:57:52 [http-nio-8081-exec-7] TRACE org.hibernate.orm.jdbc.bind - binding parameter (1:INTEGER) <- [1]
2026-07-22 12:57:52 [http-nio-8081-exec-7] DEBUG org.hibernate.SQL - 
    select
        pt1_0.maphongthi,
        pt1_0.diadiem,
        pt1_0.succhua,
        pt1_0.tenphong,
        pt1_0.trangthai 
    from
        phong_thi pt1_0 
    where
        pt1_0.maphongthi=?
2026-07-22 12:57:52 [http-nio-8081-exec-7] TRACE org.hibernate.orm.jdbc.bind - binding parameter (1:INTEGER) <- [1]
2026-07-22 12:57:52 [http-nio-8081-exec-7] DEBUG org.hibernate.SQL - 
    select
        pt1_0.maphongthi,
        pt1_0.diadiem,
        pt1_0.succhua,
        pt1_0.tenphong,
        pt1_0.trangthai 
    from
        phong_thi pt1_0 
    where
        pt1_0.maphongthi=?
2026-07-22 12:57:52 [http-nio-8081-exec-7] TRACE org.hibernate.orm.jdbc.bind - binding parameter (1:INTEGER) <- [2]
2026-07-22 12:57:52 [http-nio-8081-exec-10] DEBUG org.hibernate.SQL - 
    select
        kqt1_0.id,
        kqt1_0.diem,
        kqt1_0.ghichu,
        kqt1_0.ketqua,
        kqt1_0.mathi 
    from
        ket_qua_thi kqt1_0
2026-07-22 12:57:52 [http-nio-8081-exec-10] DEBUG org.hibernate.SQL - 
    select
        tsh1_0.mathi,
        tsh1_0.ghichu,
        hv1_0.mahv,
        hv1_0.cccd,
        hv1_0.diachi,
        hv1_0.email,
        hv1_0.gioitinh,
        hv1_0.hoten,
        hv1_0.ngaydangky,
        hv1_0.ngaysinh,
        hv1_0.sodienthoai,
        tsh1_0.ketqua,
        lt1_0.malichthi,
        ct1_0.macathi,
        ct1_0.gio_bat_dau,
        ct1_0.gio_ket_thuc,
        ct1_0.ten_ca,
        lt1_0.ghichu,
        lt1_0.ngaythi,
        pt1_0.maphongthi,
        pt1_0.diadiem,
        pt1_0.succhua,
        pt1_0.tenphong,
        pt1_0.trangthai,
        tsh1_0.ngaythi 
    from
        thi_sat_hach tsh1_0 
    left join
        hoc_vien hv1_0 
            on hv1_0.mahv=tsh1_0.mahv 
    left join
        lich_thi lt1_0 
            on lt1_0.malichthi=tsh1_0.malichthi 
    left join
        ca_thi ct1_0 
            on ct1_0.macathi=lt1_0.macathi 
    left join
        phong_thi pt1_0 
            on pt1_0.maphongthi=lt1_0.maphongthi 
    where
        tsh1_0.mathi=?
2026-07-22 12:57:52 [http-nio-8081-exec-10] TRACE org.hibernate.orm.jdbc.bind - binding parameter (1:INTEGER) <- [1]
2026-07-22 12:57:52 [http-nio-8081-exec-5] DEBUG org.hibernate.SQL - 
    select
        pt1_0.maphongthi,
        pt1_0.diadiem,
        pt1_0.succhua,
        pt1_0.tenphong,
        pt1_0.trangthai 
    from
        phong_thi pt1_0
2026-07-22 12:57:52 [http-nio-8081-exec-2] DEBUG org.hibernate.SQL - 
    select
        kh1_0.makh,
        kh1_0.macth,
        kh1_0.ngaybatdau,
        kh1_0.ngayketthuc,
        kh1_0.tenkhoahoc,
        kh1_0.trangthai 
    from
        khoa_hoc kh1_0
2026-07-22 12:57:52 [http-nio-8081-exec-8] DEBUG org.hibernate.SQL - 
    select
        ct1_0.macathi,
        ct1_0.gio_bat_dau,
        ct1_0.gio_ket_thuc,
        ct1_0.ten_ca 
    from
        ca_thi ct1_0
2026-07-22 12:57:52 [http-nio-8081-exec-2] DEBUG org.hibernate.SQL - 
    select
        cth1_0.macth,
        cth1_0.hangbang,
        cth1_0.hocphi,
        cth1_0.sobuoilythuyet,
        cth1_0.sobuoithuchanh,
        cth1_0.tenchuongtrinh 
    from
        chuong_trinh_hoc cth1_0 
    where
        cth1_0.macth=?
2026-07-22 12:57:52 [http-nio-8081-exec-2] TRACE org.hibernate.orm.jdbc.bind - binding parameter (1:INTEGER) <- [2]
2026-07-22 12:57:52 [http-nio-8081-exec-2] DEBUG org.hibernate.SQL - 
    select
        count_big(dkkh1_0.madk) 
    from
        dang_ky_khoa_hoc dkkh1_0 
    where
        dkkh1_0.makh=?
2026-07-22 12:57:52 [http-nio-8081-exec-2] TRACE org.hibernate.orm.jdbc.bind - binding parameter (1:INTEGER) <- [1]
2026-07-22 12:57:52 [http-nio-8081-exec-2] DEBUG org.hibernate.SQL - 
    select
        count_big(dkkh1_0.madk) 
    from
        dang_ky_khoa_hoc dkkh1_0 
    where
        dkkh1_0.makh=?
2026-07-22 12:57:52 [http-nio-8081-exec-2] TRACE org.hibernate.orm.jdbc.bind - binding parameter (1:INTEGER) <- [2]
2026-07-22 12:57:52 [http-nio-8081-exec-1] DEBUG org.hibernate.SQL - 
    select
        lt1_0.malichthi,
        lt1_0.macathi,
        lt1_0.ghichu,
        lt1_0.ngaythi,
        lt1_0.maphongthi 
    from
        lich_thi lt1_0
2026-07-22 12:57:52 [http-nio-8081-exec-1] DEBUG org.hibernate.SQL - 
    select
        ct1_0.macathi,
        ct1_0.gio_bat_dau,
        ct1_0.gio_ket_thuc,
        ct1_0.ten_ca 
    from
        ca_thi ct1_0 
    where
        ct1_0.macathi=?
2026-07-22 12:57:52 [http-nio-8081-exec-1] TRACE org.hibernate.orm.jdbc.bind - binding parameter (1:INTEGER) <- [1]
2026-07-22 12:57:52 [http-nio-8081-exec-1] DEBUG org.hibernate.SQL - 
    select
        pt1_0.maphongthi,
        pt1_0.diadiem,
        pt1_0.succhua,
        pt1_0.tenphong,
        pt1_0.trangthai 
    from
        phong_thi pt1_0 
    where
        pt1_0.maphongthi=?
2026-07-22 12:57:52 [http-nio-8081-exec-1] TRACE org.hibernate.orm.jdbc.bind - binding parameter (1:INTEGER) <- [1]
2026-07-22 12:57:52 [http-nio-8081-exec-1] DEBUG org.hibernate.SQL - 
    select
        pt1_0.maphongthi,
        pt1_0.diadiem,
        pt1_0.succhua,
        pt1_0.tenphong,
        pt1_0.trangthai 
    from
        phong_thi pt1_0 
    where
        pt1_0.maphongthi=?
2026-07-22 12:57:52 [http-nio-8081-exec-1] TRACE org.hibernate.orm.jdbc.bind - binding parameter (1:INTEGER) <- [2]
2026-07-22 12:57:53 [http-nio-8081-exec-9] DEBUG org.hibernate.SQL - 
    select
        ct1_0.macathi,
        ct1_0.gio_bat_dau,
        ct1_0.gio_ket_thuc,
        ct1_0.ten_ca 
    from
        ca_thi ct1_0
2026-07-22 12:57:54 [http-nio-8081-exec-6] DEBUG org.hibernate.SQL - 
    select
        lt1_0.malichthi,
        lt1_0.macathi,
        lt1_0.ghichu,
        lt1_0.ngaythi,
        lt1_0.maphongthi 
    from
        lich_thi lt1_0
2026-07-22 12:57:54 [http-nio-8081-exec-3] DEBUG org.hibernate.SQL - 
    select
        hv1_0.mahv,
        hv1_0.cccd,
        hv1_0.diachi,
        hv1_0.email,
        hv1_0.gioitinh,
        hv1_0.hoten,
        hv1_0.ngaydangky,
        hv1_0.ngaysinh,
        hv1_0.sodienthoai 
    from
        hoc_vien hv1_0
2026-07-22 12:57:54 [http-nio-8081-exec-6] DEBUG org.hibernate.SQL - 
    select
        ct1_0.macathi,
        ct1_0.gio_bat_dau,
        ct1_0.gio_ket_thuc,
        ct1_0.ten_ca 
    from
        ca_thi ct1_0 
    where
        ct1_0.macathi=?
2026-07-22 12:57:54 [http-nio-8081-exec-6] TRACE org.hibernate.orm.jdbc.bind - binding parameter (1:INTEGER) <- [1]
2026-07-22 12:57:54 [http-nio-8081-exec-6] DEBUG org.hibernate.SQL - 
    select
        pt1_0.maphongthi,
        pt1_0.diadiem,
        pt1_0.succhua,
        pt1_0.tenphong,
        pt1_0.trangthai 
    from
        phong_thi pt1_0 
    where
        pt1_0.maphongthi=?
2026-07-22 12:57:54 [http-nio-8081-exec-6] TRACE org.hibernate.orm.jdbc.bind - binding parameter (1:INTEGER) <- [1]
2026-07-22 12:57:54 [http-nio-8081-exec-6] DEBUG org.hibernate.SQL - 
    select
        pt1_0.maphongthi,
        pt1_0.diadiem,
        pt1_0.succhua,
        pt1_0.tenphong,
        pt1_0.trangthai 
    from
        phong_thi pt1_0 
    where
        pt1_0.maphongthi=?
2026-07-22 12:57:54 [http-nio-8081-exec-6] TRACE org.hibernate.orm.jdbc.bind - binding parameter (1:INTEGER) <- [2]
2026-07-22 12:57:54 [http-nio-8081-exec-7] DEBUG org.hibernate.SQL - 
    select
        kqt1_0.id,
        kqt1_0.diem,
        kqt1_0.ghichu,
        kqt1_0.ketqua,
        kqt1_0.mathi 
    from
        ket_qua_thi kqt1_0
2026-07-22 12:57:54 [http-nio-8081-exec-7] DEBUG org.hibernate.SQL - 
    select
        tsh1_0.mathi,
        tsh1_0.ghichu,
        hv1_0.mahv,
        hv1_0.cccd,
        hv1_0.diachi,
        hv1_0.email,
        hv1_0.gioitinh,
        hv1_0.hoten,
        hv1_0.ngaydangky,
        hv1_0.ngaysinh,
        hv1_0.sodienthoai,
        tsh1_0.ketqua,
        lt1_0.malichthi,
        ct1_0.macathi,
        ct1_0.gio_bat_dau,
        ct1_0.gio_ket_thuc,
        ct1_0.ten_ca,
        lt1_0.ghichu,
        lt1_0.ngaythi,
        pt1_0.maphongthi,
        pt1_0.diadiem,
        pt1_0.succhua,
        pt1_0.tenphong,
        pt1_0.trangthai,
        tsh1_0.ngaythi 
    from
        thi_sat_hach tsh1_0 
    left join
        hoc_vien hv1_0 
            on hv1_0.mahv=tsh1_0.mahv 
    left join
        lich_thi lt1_0 
            on lt1_0.malichthi=tsh1_0.malichthi 
    left join
        ca_thi ct1_0 
            on ct1_0.macathi=lt1_0.macathi 
    left join
        phong_thi pt1_0 
            on pt1_0.maphongthi=lt1_0.maphongthi 
    where
        tsh1_0.mathi=?
2026-07-22 12:57:54 [http-nio-8081-exec-7] TRACE org.hibernate.orm.jdbc.bind - binding parameter (1:INTEGER) <- [1]
2026-07-22 12:57:54 [http-nio-8081-exec-10] DEBUG org.hibernate.SQL - 
    select
        kh1_0.makh,
        kh1_0.macth,
        kh1_0.ngaybatdau,
        kh1_0.ngayketthuc,
        kh1_0.tenkhoahoc,
        kh1_0.trangthai 
    from
        khoa_hoc kh1_0
2026-07-22 12:57:54 [http-nio-8081-exec-8] DEBUG org.hibernate.SQL - 
    select
        ct1_0.macathi,
        ct1_0.gio_bat_dau,
        ct1_0.gio_ket_thuc,
        ct1_0.ten_ca 
    from
        ca_thi ct1_0
2026-07-22 12:57:54 [http-nio-8081-exec-4] DEBUG org.hibernate.SQL - 
    select
        pt1_0.maphongthi,
        pt1_0.diadiem,
        pt1_0.succhua,
        pt1_0.tenphong,
        pt1_0.trangthai 
    from
        phong_thi pt1_0
2026-07-22 12:57:54 [http-nio-8081-exec-10] DEBUG org.hibernate.SQL - 
    select
        cth1_0.macth,
        cth1_0.hangbang,
        cth1_0.hocphi,
        cth1_0.sobuoilythuyet,
        cth1_0.sobuoithuchanh,
        cth1_0.tenchuongtrinh 
    from
        chuong_trinh_hoc cth1_0 
    where
        cth1_0.macth=?
2026-07-22 12:57:54 [http-nio-8081-exec-10] TRACE org.hibernate.orm.jdbc.bind - binding parameter (1:INTEGER) <- [2]
2026-07-22 12:57:54 [http-nio-8081-exec-10] DEBUG org.hibernate.SQL - 
    select
        count_big(dkkh1_0.madk) 
    from
        dang_ky_khoa_hoc dkkh1_0 
    where
        dkkh1_0.makh=?
2026-07-22 12:57:54 [http-nio-8081-exec-10] TRACE org.hibernate.orm.jdbc.bind - binding parameter (1:INTEGER) <- [1]
2026-07-22 12:57:54 [http-nio-8081-exec-10] DEBUG org.hibernate.SQL - 
    select
        count_big(dkkh1_0.madk) 
    from
        dang_ky_khoa_hoc dkkh1_0 
    where
        dkkh1_0.makh=?
2026-07-22 12:57:54 [http-nio-8081-exec-10] TRACE org.hibernate.orm.jdbc.bind - binding parameter (1:INTEGER) <- [2]
2026-07-22 12:57:54 [http-nio-8081-exec-5] DEBUG org.hibernate.SQL - 
    select
        lt1_0.malichthi,
        lt1_0.macathi,
        lt1_0.ghichu,
        lt1_0.ngaythi,
        lt1_0.maphongthi 
    from
        lich_thi lt1_0
2026-07-22 12:57:54 [http-nio-8081-exec-5] DEBUG org.hibernate.SQL - 
    select
        ct1_0.macathi,
        ct1_0.gio_bat_dau,
        ct1_0.gio_ket_thuc,
        ct1_0.ten_ca 
    from
        ca_thi ct1_0 
    where
        ct1_0.macathi=?
2026-07-22 12:57:54 [http-nio-8081-exec-5] TRACE org.hibernate.orm.jdbc.bind - binding parameter (1:INTEGER) <- [1]
2026-07-22 12:57:54 [http-nio-8081-exec-5] DEBUG org.hibernate.SQL - 
    select
        pt1_0.maphongthi,
        pt1_0.diadiem,
        pt1_0.succhua,
        pt1_0.tenphong,
        pt1_0.trangthai 
    from
        phong_thi pt1_0 
    where
        pt1_0.maphongthi=?
2026-07-22 12:57:54 [http-nio-8081-exec-5] TRACE org.hibernate.orm.jdbc.bind - binding parameter (1:INTEGER) <- [1]
2026-07-22 12:57:54 [http-nio-8081-exec-5] DEBUG org.hibernate.SQL - 
    select
        pt1_0.maphongthi,
        pt1_0.diadiem,
        pt1_0.succhua,
        pt1_0.tenphong,
        pt1_0.trangthai 
    from
        phong_thi pt1_0 
    where
        pt1_0.maphongthi=?
2026-07-22 12:57:54 [http-nio-8081-exec-5] TRACE org.hibernate.orm.jdbc.bind - binding parameter (1:INTEGER) <- [2]
2026-07-22 12:57:56 [http-nio-8081-exec-9] DEBUG org.hibernate.SQL - 
    select
        tk1_0.id,
        tk1_0.anh,
        tk1_0.cccd,
        tk1_0.email,
        tk1_0.ho_ten,
        tk1_0.khoa_den,
        tk1_0.lan_dang_nhap_cuoi,
        tk1_0.mat_khau,
        tk1_0.ngay_cap_nhat,
        tk1_0.ngay_tao,
        tk1_0.nguoi_tao_id,
        tk1_0.so_dien_thoai,
        tk1_0.so_lan_dang_nhap_sai,
        tk1_0.ten_dang_nhap,
        tk1_0.trang_thai,
        tk1_0.vai_tro_id 
    from
        tai_khoan tk1_0 
    where
        tk1_0.ten_dang_nhap=?
2026-07-22 12:57:56 [http-nio-8081-exec-2] DEBUG org.hibernate.SQL - 
    select
        tk1_0.id,
        tk1_0.anh,
        tk1_0.cccd,
        tk1_0.email,
        tk1_0.ho_ten,
        tk1_0.khoa_den,
        tk1_0.lan_dang_nhap_cuoi,
        tk1_0.mat_khau,
        tk1_0.ngay_cap_nhat,
        tk1_0.ngay_tao,
        tk1_0.nguoi_tao_id,
        tk1_0.so_dien_thoai,
        tk1_0.so_lan_dang_nhap_sai,
        tk1_0.ten_dang_nhap,
        tk1_0.trang_thai,
        tk1_0.vai_tro_id 
    from
        tai_khoan tk1_0 
    where
        tk1_0.ten_dang_nhap=?
2026-07-22 12:57:56 [http-nio-8081-exec-1] DEBUG org.hibernate.SQL - 
    select
        tk1_0.id,
        tk1_0.anh,
        tk1_0.cccd,
        tk1_0.email,
        tk1_0.ho_ten,
        tk1_0.khoa_den,
        tk1_0.lan_dang_nhap_cuoi,
        tk1_0.mat_khau,
        tk1_0.ngay_cap_nhat,
        tk1_0.ngay_tao,
        tk1_0.nguoi_tao_id,
        tk1_0.so_dien_thoai,
        tk1_0.so_lan_dang_nhap_sai,
        tk1_0.ten_dang_nhap,
        tk1_0.trang_thai,
        tk1_0.vai_tro_id 
    from
        tai_khoan tk1_0 
    where
        tk1_0.ten_dang_nhap=?
2026-07-22 12:57:56 [http-nio-8081-exec-3] DEBUG org.hibernate.SQL - 
    select
        tk1_0.id,
        tk1_0.anh,
        tk1_0.cccd,
        tk1_0.email,
        tk1_0.ho_ten,
        tk1_0.khoa_den,
        tk1_0.lan_dang_nhap_cuoi,
        tk1_0.mat_khau,
        tk1_0.ngay_cap_nhat,
        tk1_0.ngay_tao,
        tk1_0.nguoi_tao_id,
        tk1_0.so_dien_thoai,
        tk1_0.so_lan_dang_nhap_sai,
        tk1_0.ten_dang_nhap,
        tk1_0.trang_thai,
        tk1_0.vai_tro_id 
    from
        tai_khoan tk1_0 
    where
        tk1_0.ten_dang_nhap=?
2026-07-22 12:57:56 [http-nio-8081-exec-9] TRACE org.hibernate.orm.jdbc.bind - binding parameter (1:VARCHAR) <- [hocvien1]
2026-07-22 12:57:56 [http-nio-8081-exec-1] TRACE org.hibernate.orm.jdbc.bind - binding parameter (1:VARCHAR) <- [hocvien1]
2026-07-22 12:57:56 [http-nio-8081-exec-2] TRACE org.hibernate.orm.jdbc.bind - binding parameter (1:VARCHAR) <- [hocvien1]
2026-07-22 12:57:56 [http-nio-8081-exec-3] TRACE org.hibernate.orm.jdbc.bind - binding parameter (1:VARCHAR) <- [hocvien1]
2026-07-22 12:57:56 [http-nio-8081-exec-2] DEBUG org.hibernate.SQL - 
    select
        vt1_0.id,
        vt1_0.ma_vai_tro,
        vt1_0.mo_ta,
        vt1_0.ngay_cap_nhat,
        vt1_0.ngay_tao,
        vt1_0.ten_vai_tro,
        vt1_0.trang_thai 
    from
        vai_tro vt1_0 
    where
        vt1_0.id=?
2026-07-22 12:57:56 [http-nio-8081-exec-9] DEBUG org.hibernate.SQL - 
    select
        vt1_0.id,
        vt1_0.ma_vai_tro,
        vt1_0.mo_ta,
        vt1_0.ngay_cap_nhat,
        vt1_0.ngay_tao,
        vt1_0.ten_vai_tro,
        vt1_0.trang_thai 
    from
        vai_tro vt1_0 
    where
        vt1_0.id=?
2026-07-22 12:57:56 [http-nio-8081-exec-1] DEBUG org.hibernate.SQL - 
    select
        vt1_0.id,
        vt1_0.ma_vai_tro,
        vt1_0.mo_ta,
        vt1_0.ngay_cap_nhat,
        vt1_0.ngay_tao,
        vt1_0.ten_vai_tro,
        vt1_0.trang_thai 
    from
        vai_tro vt1_0 
    where
        vt1_0.id=?
2026-07-22 12:57:56 [http-nio-8081-exec-3] DEBUG org.hibernate.SQL - 
    select
        vt1_0.id,
        vt1_0.ma_vai_tro,
        vt1_0.mo_ta,
        vt1_0.ngay_cap_nhat,
        vt1_0.ngay_tao,
        vt1_0.ten_vai_tro,
        vt1_0.trang_thai 
    from
        vai_tro vt1_0 
    where
        vt1_0.id=?
2026-07-22 12:57:56 [http-nio-8081-exec-2] TRACE org.hibernate.orm.jdbc.bind - binding parameter (1:INTEGER) <- [1]
2026-07-22 12:57:56 [http-nio-8081-exec-9] TRACE org.hibernate.orm.jdbc.bind - binding parameter (1:INTEGER) <- [1]
2026-07-22 12:57:56 [http-nio-8081-exec-1] TRACE org.hibernate.orm.jdbc.bind - binding parameter (1:INTEGER) <- [1]
2026-07-22 12:57:56 [http-nio-8081-exec-3] TRACE org.hibernate.orm.jdbc.bind - binding parameter (1:INTEGER) <- [1]
2026-07-22 12:57:56 [http-nio-8081-exec-6] DEBUG org.hibernate.SQL - 
    select
        cth1_0.macth,
        cth1_0.hangbang,
        cth1_0.hocphi,
        cth1_0.sobuoilythuyet,
        cth1_0.sobuoithuchanh,
        cth1_0.tenchuongtrinh 
    from
        chuong_trinh_hoc cth1_0
2026-07-22 12:58:23 [http-nio-8081-exec-10] DEBUG org.hibernate.SQL - 
    select
        tk1_0.id,
        tk1_0.anh,
        tk1_0.cccd,
        tk1_0.email,
        tk1_0.ho_ten,
        tk1_0.khoa_den,
        tk1_0.lan_dang_nhap_cuoi,
        tk1_0.mat_khau,
        tk1_0.ngay_cap_nhat,
        tk1_0.ngay_tao,
        tk1_0.nguoi_tao_id,
        tk1_0.so_dien_thoai,
        tk1_0.so_lan_dang_nhap_sai,
        tk1_0.ten_dang_nhap,
        tk1_0.trang_thai,
        tk1_0.vai_tro_id 
    from
        tai_khoan tk1_0 
    where
        tk1_0.ten_dang_nhap=?
2026-07-22 12:58:23 [http-nio-8081-exec-10] TRACE org.hibernate.orm.jdbc.bind - binding parameter (1:VARCHAR) <- [nhanvien]
2026-07-22 12:58:23 [http-nio-8081-exec-10] DEBUG org.hibernate.SQL - 
    select
        vt1_0.id,
        vt1_0.ma_vai_tro,
        vt1_0.mo_ta,
        vt1_0.ngay_cap_nhat,
        vt1_0.ngay_tao,
        vt1_0.ten_vai_tro,
        vt1_0.trang_thai 
    from
        vai_tro vt1_0 
    where
        vt1_0.id=?
2026-07-22 12:58:23 [http-nio-8081-exec-10] TRACE org.hibernate.orm.jdbc.bind - binding parameter (1:INTEGER) <- [2]
2026-07-22 12:58:26 [http-nio-8081-exec-5] DEBUG org.hibernate.SQL - 
    select
        tk1_0.id,
        tk1_0.anh,
        tk1_0.cccd,
        tk1_0.email,
        tk1_0.ho_ten,
        tk1_0.khoa_den,
        tk1_0.lan_dang_nhap_cuoi,
        tk1_0.mat_khau,
        tk1_0.ngay_cap_nhat,
        tk1_0.ngay_tao,
        tk1_0.nguoi_tao_id,
        tk1_0.so_dien_thoai,
        tk1_0.so_lan_dang_nhap_sai,
        tk1_0.ten_dang_nhap,
        tk1_0.trang_thai,
        tk1_0.vai_tro_id 
    from
        tai_khoan tk1_0 
    where
        tk1_0.ten_dang_nhap=?
2026-07-22 12:58:26 [http-nio-8081-exec-5] TRACE org.hibernate.orm.jdbc.bind - binding parameter (1:VARCHAR) <- [nhanvien1]
2026-07-22 12:58:26 [http-nio-8081-exec-5] DEBUG org.hibernate.SQL - 
    select
        vt1_0.id,
        vt1_0.ma_vai_tro,
        vt1_0.mo_ta,
        vt1_0.ngay_cap_nhat,
        vt1_0.ngay_tao,
        vt1_0.ten_vai_tro,
        vt1_0.trang_thai 
    from
        vai_tro vt1_0 
    where
        vt1_0.id=?
2026-07-22 12:58:26 [http-nio-8081-exec-5] TRACE org.hibernate.orm.jdbc.bind - binding parameter (1:INTEGER) <- [2]
2026-07-22 12:58:26 [http-nio-8081-exec-5] DEBUG org.hibernate.SQL - 
    select
        tk1_0.id,
        tk1_0.anh,
        tk1_0.cccd,
        tk1_0.email,
        tk1_0.ho_ten,
        tk1_0.khoa_den,
        tk1_0.lan_dang_nhap_cuoi,
        tk1_0.mat_khau,
        tk1_0.ngay_cap_nhat,
        tk1_0.ngay_tao,
        tk1_0.nguoi_tao_id,
        tk1_0.so_dien_thoai,
        tk1_0.so_lan_dang_nhap_sai,
        tk1_0.ten_dang_nhap,
        tk1_0.trang_thai,
        tk1_0.vai_tro_id 
    from
        tai_khoan tk1_0 
    where
        tk1_0.ten_dang_nhap=?
2026-07-22 12:58:26 [http-nio-8081-exec-5] TRACE org.hibernate.orm.jdbc.bind - binding parameter (1:VARCHAR) <- [nhanvien1]
2026-07-22 12:58:26 [http-nio-8081-exec-5] DEBUG org.hibernate.SQL - 
    select
        vt1_0.id,
        vt1_0.ma_vai_tro,
        vt1_0.mo_ta,
        vt1_0.ngay_cap_nhat,
        vt1_0.ngay_tao,
        vt1_0.ten_vai_tro,
        vt1_0.trang_thai 
    from
        vai_tro vt1_0 
    where
        vt1_0.id=?
2026-07-22 12:58:26 [http-nio-8081-exec-5] TRACE org.hibernate.orm.jdbc.bind - binding parameter (1:INTEGER) <- [2]
2026-07-22 12:58:26 [http-nio-8081-exec-9] DEBUG org.hibernate.SQL - 
    select
        kh1_0.makh,
        kh1_0.macth,
        kh1_0.ngaybatdau,
        kh1_0.ngayketthuc,
        kh1_0.tenkhoahoc,
        kh1_0.trangthai 
    from
        khoa_hoc kh1_0
2026-07-22 12:58:26 [http-nio-8081-exec-9] DEBUG org.hibernate.SQL - 
    select
        cth1_0.macth,
        cth1_0.hangbang,
        cth1_0.hocphi,
        cth1_0.sobuoilythuyet,
        cth1_0.sobuoithuchanh,
        cth1_0.tenchuongtrinh 
    from
        chuong_trinh_hoc cth1_0 
    where
        cth1_0.macth=?
2026-07-22 12:58:26 [http-nio-8081-exec-9] TRACE org.hibernate.orm.jdbc.bind - binding parameter (1:INTEGER) <- [2]
2026-07-22 12:58:26 [http-nio-8081-exec-9] DEBUG org.hibernate.SQL - 
    select
        count_big(dkkh1_0.madk) 
    from
        dang_ky_khoa_hoc dkkh1_0 
    where
        dkkh1_0.makh=?
2026-07-22 12:58:26 [http-nio-8081-exec-9] TRACE org.hibernate.orm.jdbc.bind - binding parameter (1:INTEGER) <- [1]
2026-07-22 12:58:26 [http-nio-8081-exec-2] DEBUG org.hibernate.SQL - 
    select
        hv1_0.mahv,
        hv1_0.cccd,
        hv1_0.diachi,
        hv1_0.email,
        hv1_0.gioitinh,
        hv1_0.hoten,
        hv1_0.ngaydangky,
        hv1_0.ngaysinh,
        hv1_0.sodienthoai 
    from
        hoc_vien hv1_0
2026-07-22 12:58:26 [http-nio-8081-exec-9] DEBUG org.hibernate.SQL - 
    select
        count_big(dkkh1_0.madk) 
    from
        dang_ky_khoa_hoc dkkh1_0 
    where
        dkkh1_0.makh=?
2026-07-22 12:58:26 [http-nio-8081-exec-9] TRACE org.hibernate.orm.jdbc.bind - binding parameter (1:INTEGER) <- [2]
2026-07-22 12:58:26 [http-nio-8081-exec-3] DEBUG org.hibernate.SQL - 
    select
        kh1_0.makh,
        kh1_0.macth,
        kh1_0.ngaybatdau,
        kh1_0.ngayketthuc,
        kh1_0.tenkhoahoc,
        kh1_0.trangthai 
    from
        khoa_hoc kh1_0
2026-07-22 12:58:26 [http-nio-8081-exec-3] DEBUG org.hibernate.SQL - 
    select
        cth1_0.macth,
        cth1_0.hangbang,
        cth1_0.hocphi,
        cth1_0.sobuoilythuyet,
        cth1_0.sobuoithuchanh,
        cth1_0.tenchuongtrinh 
    from
        chuong_trinh_hoc cth1_0 
    where
        cth1_0.macth=?
2026-07-22 12:58:26 [http-nio-8081-exec-3] TRACE org.hibernate.orm.jdbc.bind - binding parameter (1:INTEGER) <- [2]
2026-07-22 12:58:26 [http-nio-8081-exec-3] DEBUG org.hibernate.SQL - 
    select
        count_big(dkkh1_0.madk) 
    from
        dang_ky_khoa_hoc dkkh1_0 
    where
        dkkh1_0.makh=?
2026-07-22 12:58:26 [http-nio-8081-exec-3] TRACE org.hibernate.orm.jdbc.bind - binding parameter (1:INTEGER) <- [1]
2026-07-22 12:58:26 [http-nio-8081-exec-3] DEBUG org.hibernate.SQL - 
    select
        count_big(dkkh1_0.madk) 
    from
        dang_ky_khoa_hoc dkkh1_0 
    where
        dkkh1_0.makh=?
2026-07-22 12:58:26 [http-nio-8081-exec-3] TRACE org.hibernate.orm.jdbc.bind - binding parameter (1:INTEGER) <- [2]
2026-07-22 12:58:28 [http-nio-8081-exec-1] DEBUG org.hibernate.SQL - 
    select
        hv1_0.mahv,
        hv1_0.cccd,
        hv1_0.diachi,
        hv1_0.email,
        hv1_0.gioitinh,
        hv1_0.hoten,
        hv1_0.ngaydangky,
        hv1_0.ngaysinh,
        hv1_0.sodienthoai 
    from
        hoc_vien hv1_0
2026-07-22 12:58:28 [http-nio-8081-exec-7] DEBUG org.hibernate.SQL - 
    select
        hshv1_0.id,
        hshv1_0.anh_canh_caan,
        hshv1_0.file_ho_so,
        hshv1_0.ghichu,
        hshv1_0.mahv,
        hshv1_0.ngaydangky,
        hshv1_0.trang_thai_duyet 
    from
        ho_so_hoc_vien hshv1_0
2026-07-22 12:58:28 [http-nio-8081-exec-7] DEBUG org.hibernate.SQL - 
    select
        hv1_0.mahv,
        hv1_0.cccd,
        hv1_0.diachi,
        hv1_0.email,
        hv1_0.gioitinh,
        hv1_0.hoten,
        hv1_0.ngaydangky,
        hv1_0.ngaysinh,
        hv1_0.sodienthoai 
    from
        hoc_vien hv1_0 
    where
        hv1_0.mahv=?
2026-07-22 12:58:28 [http-nio-8081-exec-7] TRACE org.hibernate.orm.jdbc.bind - binding parameter (1:INTEGER) <- [1]
2026-07-22 12:58:28 [http-nio-8081-exec-7] DEBUG org.hibernate.SQL - 
    select
        hv1_0.mahv,
        hv1_0.cccd,
        hv1_0.diachi,
        hv1_0.email,
        hv1_0.gioitinh,
        hv1_0.hoten,
        hv1_0.ngaydangky,
        hv1_0.ngaysinh,
        hv1_0.sodienthoai 
    from
        hoc_vien hv1_0 
    where
        hv1_0.mahv=?
2026-07-22 12:58:28 [http-nio-8081-exec-7] TRACE org.hibernate.orm.jdbc.bind - binding parameter (1:INTEGER) <- [2]
2026-07-22 12:58:28 [http-nio-8081-exec-7] DEBUG org.hibernate.SQL - 
    select
        hv1_0.mahv,
        hv1_0.cccd,
        hv1_0.diachi,
        hv1_0.email,
        hv1_0.gioitinh,
        hv1_0.hoten,
        hv1_0.ngaydangky,
        hv1_0.ngaysinh,
        hv1_0.sodienthoai 
    from
        hoc_vien hv1_0 
    where
        hv1_0.mahv=?
2026-07-22 12:58:28 [http-nio-8081-exec-7] TRACE org.hibernate.orm.jdbc.bind - binding parameter (1:INTEGER) <- [3]
2026-07-22 12:58:29 [http-nio-8081-exec-8] DEBUG org.hibernate.SQL - 
    select
        hv1_0.mahv,
        hv1_0.cccd,
        hv1_0.diachi,
        hv1_0.email,
        hv1_0.gioitinh,
        hv1_0.hoten,
        hv1_0.ngaydangky,
        hv1_0.ngaysinh,
        hv1_0.sodienthoai 
    from
        hoc_vien hv1_0
2026-07-22 12:58:34 [http-nio-8081-exec-4] DEBUG org.hibernate.SQL - 
    select
        hv1_0.mahv,
        hv1_0.cccd,
        hv1_0.diachi,
        hv1_0.email,
        hv1_0.gioitinh,
        hv1_0.hoten,
        hv1_0.ngaydangky,
        hv1_0.ngaysinh,
        hv1_0.sodienthoai 
    from
        hoc_vien hv1_0
2026-07-22 12:58:34 [http-nio-8081-exec-10] DEBUG org.hibernate.SQL - 
    select
        hshv1_0.id,
        hshv1_0.anh_canh_caan,
        hshv1_0.file_ho_so,
        hshv1_0.ghichu,
        hshv1_0.mahv,
        hshv1_0.ngaydangky,
        hshv1_0.trang_thai_duyet 
    from
        ho_so_hoc_vien hshv1_0
2026-07-22 12:58:34 [http-nio-8081-exec-10] DEBUG org.hibernate.SQL - 
    select
        hv1_0.mahv,
        hv1_0.cccd,
        hv1_0.diachi,
        hv1_0.email,
        hv1_0.gioitinh,
        hv1_0.hoten,
        hv1_0.ngaydangky,
        hv1_0.ngaysinh,
        hv1_0.sodienthoai 
    from
        hoc_vien hv1_0 
    where
        hv1_0.mahv=?
2026-07-22 12:58:34 [http-nio-8081-exec-10] TRACE org.hibernate.orm.jdbc.bind - binding parameter (1:INTEGER) <- [1]
2026-07-22 12:58:34 [http-nio-8081-exec-10] DEBUG org.hibernate.SQL - 
    select
        hv1_0.mahv,
        hv1_0.cccd,
        hv1_0.diachi,
        hv1_0.email,
        hv1_0.gioitinh,
        hv1_0.hoten,
        hv1_0.ngaydangky,
        hv1_0.ngaysinh,
        hv1_0.sodienthoai 
    from
        hoc_vien hv1_0 
    where
        hv1_0.mahv=?
2026-07-22 12:58:34 [http-nio-8081-exec-10] TRACE org.hibernate.orm.jdbc.bind - binding parameter (1:INTEGER) <- [2]
2026-07-22 12:58:34 [http-nio-8081-exec-10] DEBUG org.hibernate.SQL - 
    select
        hv1_0.mahv,
        hv1_0.cccd,
        hv1_0.diachi,
        hv1_0.email,
        hv1_0.gioitinh,
        hv1_0.hoten,
        hv1_0.ngaydangky,
        hv1_0.ngaysinh,
        hv1_0.sodienthoai 
    from
        hoc_vien hv1_0 
    where
        hv1_0.mahv=?
2026-07-22 12:58:34 [http-nio-8081-exec-10] TRACE org.hibernate.orm.jdbc.bind - binding parameter (1:INTEGER) <- [3]
2026-07-22 12:58:35 [http-nio-8081-exec-5] DEBUG org.hibernate.SQL - 
    select
        hv1_0.mahv,
        hv1_0.cccd,
        hv1_0.diachi,
        hv1_0.email,
        hv1_0.gioitinh,
        hv1_0.hoten,
        hv1_0.ngaydangky,
        hv1_0.ngaysinh,
        hv1_0.sodienthoai 
    from
        hoc_vien hv1_0
2026-07-22 12:58:36 [http-nio-8081-exec-3] DEBUG org.hibernate.SQL - 
    select
        hv1_0.mahv,
        hv1_0.cccd,
        hv1_0.diachi,
        hv1_0.email,
        hv1_0.gioitinh,
        hv1_0.hoten,
        hv1_0.ngaydangky,
        hv1_0.ngaysinh,
        hv1_0.sodienthoai 
    from
        hoc_vien hv1_0
2026-07-22 12:58:36 [http-nio-8081-exec-1] DEBUG org.hibernate.SQL - 
    select
        hshv1_0.id,
        hshv1_0.anh_canh_caan,
        hshv1_0.file_ho_so,
        hshv1_0.ghichu,
        hshv1_0.mahv,
        hshv1_0.ngaydangky,
        hshv1_0.trang_thai_duyet 
    from
        ho_so_hoc_vien hshv1_0
2026-07-22 12:58:36 [http-nio-8081-exec-1] DEBUG org.hibernate.SQL - 
    select
        hv1_0.mahv,
        hv1_0.cccd,
        hv1_0.diachi,
        hv1_0.email,
        hv1_0.gioitinh,
        hv1_0.hoten,
        hv1_0.ngaydangky,
        hv1_0.ngaysinh,
        hv1_0.sodienthoai 
    from
        hoc_vien hv1_0 
    where
        hv1_0.mahv=?
2026-07-22 12:58:36 [http-nio-8081-exec-1] TRACE org.hibernate.orm.jdbc.bind - binding parameter (1:INTEGER) <- [1]
2026-07-22 12:58:36 [http-nio-8081-exec-1] DEBUG org.hibernate.SQL - 
    select
        hv1_0.mahv,
        hv1_0.cccd,
        hv1_0.diachi,
        hv1_0.email,
        hv1_0.gioitinh,
        hv1_0.hoten,
        hv1_0.ngaydangky,
        hv1_0.ngaysinh,
        hv1_0.sodienthoai 
    from
        hoc_vien hv1_0 
    where
        hv1_0.mahv=?
2026-07-22 12:58:36 [http-nio-8081-exec-1] TRACE org.hibernate.orm.jdbc.bind - binding parameter (1:INTEGER) <- [2]
2026-07-22 12:58:36 [http-nio-8081-exec-1] DEBUG org.hibernate.SQL - 
    select
        hv1_0.mahv,
        hv1_0.cccd,
        hv1_0.diachi,
        hv1_0.email,
        hv1_0.gioitinh,
        hv1_0.hoten,
        hv1_0.ngaydangky,
        hv1_0.ngaysinh,
        hv1_0.sodienthoai 
    from
        hoc_vien hv1_0 
    where
        hv1_0.mahv=?
2026-07-22 12:58:36 [http-nio-8081-exec-1] TRACE org.hibernate.orm.jdbc.bind - binding parameter (1:INTEGER) <- [3]
2026-07-22 12:58:36 [http-nio-8081-exec-6] DEBUG org.hibernate.SQL - 
    select
        gv1_0.magv,
        gv1_0.cccd,
        gv1_0.diachi,
        gv1_0.email,
        gv1_0.gioitinh,
        gv1_0.hangday,
        gv1_0.hoten,
        gv1_0.ngaysinh,
        gv1_0.sodienthoai 
    from
        giao_vien gv1_0
2026-07-22 12:58:37 [http-nio-8081-exec-7] DEBUG org.hibernate.SQL - 
    select
        cth1_0.macth,
        cth1_0.hangbang,
        cth1_0.hocphi,
        cth1_0.sobuoilythuyet,
        cth1_0.sobuoithuchanh,
        cth1_0.tenchuongtrinh 
    from
        chuong_trinh_hoc cth1_0
2026-07-22 12:58:40 [http-nio-8081-exec-4] DEBUG org.hibernate.SQL - 
    select
        x1_0.maxe,
        x1_0.bienso,
        x1_0.hangxe,
        x1_0.loaixe,
        x1_0.namsanxuat,
        x1_0.trangthai 
    from
        xe x1_0
2026-07-22 12:58:40 [http-nio-8081-exec-8] DEBUG org.hibernate.SQL - 
    select
        lsbtx1_0.id,
        lsbtx1_0.chi_phi,
        lsbtx1_0.don_vi_bao_tri,
        lsbtx1_0.loai_bao_tri,
        lsbtx1_0.mo_ta,
        lsbtx1_0.ngay_bao_tri,
        lsbtx1_0.ngay_bao_tri_tiep_theo,
        lsbtx1_0.ngay_tao,
        lsbtx1_0.nguoi_tao,
        lsbtx1_0.so_km_hien_tai,
        lsbtx1_0.trang_thai,
        lsbtx1_0.maxe 
    from
        lich_su_bao_tri_xe lsbtx1_0
2026-07-22 12:58:40 [http-nio-8081-exec-10] DEBUG org.hibernate.SQL - 
    select
        tk1_0.id,
        tk1_0.anh,
        tk1_0.cccd,
        tk1_0.email,
        tk1_0.ho_ten,
        tk1_0.khoa_den,
        tk1_0.lan_dang_nhap_cuoi,
        tk1_0.mat_khau,
        tk1_0.ngay_cap_nhat,
        tk1_0.ngay_tao,
        tk1_0.nguoi_tao_id,
        tk1_0.so_dien_thoai,
        tk1_0.so_lan_dang_nhap_sai,
        tk1_0.ten_dang_nhap,
        tk1_0.trang_thai,
        tk1_0.vai_tro_id 
    from
        tai_khoan tk1_0 
    where
        tk1_0.ten_dang_nhap=?
2026-07-22 12:58:40 [http-nio-8081-exec-10] TRACE org.hibernate.orm.jdbc.bind - binding parameter (1:VARCHAR) <- [nhanvien1]
2026-07-22 12:58:40 [http-nio-8081-exec-10] DEBUG org.hibernate.SQL - 
    select
        vt1_0.id,
        vt1_0.ma_vai_tro,
        vt1_0.mo_ta,
        vt1_0.ngay_cap_nhat,
        vt1_0.ngay_tao,
        vt1_0.ten_vai_tro,
        vt1_0.trang_thai 
    from
        vai_tro vt1_0 
    where
        vt1_0.id=?
2026-07-22 12:58:40 [http-nio-8081-exec-10] TRACE org.hibernate.orm.jdbc.bind - binding parameter (1:INTEGER) <- [2]
2026-07-22 12:58:40 [http-nio-8081-exec-5] DEBUG org.hibernate.SQL - 
    select
        tk1_0.id,
        tk1_0.anh,
        tk1_0.cccd,
        tk1_0.email,
        tk1_0.ho_ten,
        tk1_0.khoa_den,
        tk1_0.lan_dang_nhap_cuoi,
        tk1_0.mat_khau,
        tk1_0.ngay_cap_nhat,
        tk1_0.ngay_tao,
        tk1_0.nguoi_tao_id,
        tk1_0.so_dien_thoai,
        tk1_0.so_lan_dang_nhap_sai,
        tk1_0.ten_dang_nhap,
        tk1_0.trang_thai,
        tk1_0.vai_tro_id 
    from
        tai_khoan tk1_0 
    where
        tk1_0.ten_dang_nhap=?
2026-07-22 12:58:40 [http-nio-8081-exec-5] TRACE org.hibernate.orm.jdbc.bind - binding parameter (1:VARCHAR) <- [nhanvien1]
2026-07-22 12:58:40 [http-nio-8081-exec-5] DEBUG org.hibernate.SQL - 
    select
        vt1_0.id,
        vt1_0.ma_vai_tro,
        vt1_0.mo_ta,
        vt1_0.ngay_cap_nhat,
        vt1_0.ngay_tao,
        vt1_0.ten_vai_tro,
        vt1_0.trang_thai 
    from
        vai_tro vt1_0 
    where
        vt1_0.id=?
2026-07-22 12:58:40 [http-nio-8081-exec-5] TRACE org.hibernate.orm.jdbc.bind - binding parameter (1:INTEGER) <- [2]
2026-07-22 12:58:40 [http-nio-8081-exec-9] DEBUG org.hibernate.SQL - 
    select
        tk1_0.id,
        tk1_0.anh,
        tk1_0.cccd,
        tk1_0.email,
        tk1_0.ho_ten,
        tk1_0.khoa_den,
        tk1_0.lan_dang_nhap_cuoi,
        tk1_0.mat_khau,
        tk1_0.ngay_cap_nhat,
        tk1_0.ngay_tao,
        tk1_0.nguoi_tao_id,
        tk1_0.so_dien_thoai,
        tk1_0.so_lan_dang_nhap_sai,
        tk1_0.ten_dang_nhap,
        tk1_0.trang_thai,
        tk1_0.vai_tro_id 
    from
        tai_khoan tk1_0 
    where
        tk1_0.ten_dang_nhap=?
2026-07-22 12:58:40 [http-nio-8081-exec-9] TRACE org.hibernate.orm.jdbc.bind - binding parameter (1:VARCHAR) <- [nhanvien1]
2026-07-22 12:58:40 [http-nio-8081-exec-9] DEBUG org.hibernate.SQL - 
    select
        vt1_0.id,
        vt1_0.ma_vai_tro,
        vt1_0.mo_ta,
        vt1_0.ngay_cap_nhat,
        vt1_0.ngay_tao,
        vt1_0.ten_vai_tro,
        vt1_0.trang_thai 
    from
        vai_tro vt1_0 
    where
        vt1_0.id=?
2026-07-22 12:58:40 [http-nio-8081-exec-9] TRACE org.hibernate.orm.jdbc.bind - binding parameter (1:INTEGER) <- [2]
2026-07-22 12:58:41 [http-nio-8081-exec-3] DEBUG org.hibernate.SQL - 
    select
        acd1_0.id,
        acd1_0.ghichu,
        acd1_0.matk,
        acd1_0.ngaytao,
        acd1_0.trangthai,
        acd1_0.url 
    from
        anh_cho_duyet acd1_0 
    where
        acd1_0.trangthai=?
2026-07-22 12:58:41 [http-nio-8081-exec-3] TRACE org.hibernate.orm.jdbc.bind - binding parameter (1:VARCHAR) <- [CHO_DUYET]
2026-07-22 12:58:42 [http-nio-8081-exec-1] DEBUG org.hibernate.SQL - 
    select
        tk1_0.id,
        tk1_0.anh,
        tk1_0.cccd,
        tk1_0.email,
        tk1_0.ho_ten,
        tk1_0.khoa_den,
        tk1_0.lan_dang_nhap_cuoi,
        tk1_0.mat_khau,
        tk1_0.ngay_cap_nhat,
        tk1_0.ngay_tao,
        tk1_0.nguoi_tao_id,
        tk1_0.so_dien_thoai,
        tk1_0.so_lan_dang_nhap_sai,
        tk1_0.ten_dang_nhap,
        tk1_0.trang_thai,
        tk1_0.vai_tro_id 
    from
        tai_khoan tk1_0 
    where
        tk1_0.ten_dang_nhap=?
2026-07-22 12:58:42 [http-nio-8081-exec-1] TRACE org.hibernate.orm.jdbc.bind - binding parameter (1:VARCHAR) <- [nhanvien1]
2026-07-22 12:58:42 [http-nio-8081-exec-1] DEBUG org.hibernate.SQL - 
    select
        vt1_0.id,
        vt1_0.ma_vai_tro,
        vt1_0.mo_ta,
        vt1_0.ngay_cap_nhat,
        vt1_0.ngay_tao,
        vt1_0.ten_vai_tro,
        vt1_0.trang_thai 
    from
        vai_tro vt1_0 
    where
        vt1_0.id=?
2026-07-22 12:58:42 [http-nio-8081-exec-1] TRACE org.hibernate.orm.jdbc.bind - binding parameter (1:INTEGER) <- [2]
2026-07-22 12:58:42 [http-nio-8081-exec-6] DEBUG org.hibernate.SQL - 
    select
        tk1_0.id,
        tk1_0.anh,
        tk1_0.cccd,
        tk1_0.email,
        tk1_0.ho_ten,
        tk1_0.khoa_den,
        tk1_0.lan_dang_nhap_cuoi,
        tk1_0.mat_khau,
        tk1_0.ngay_cap_nhat,
        tk1_0.ngay_tao,
        tk1_0.nguoi_tao_id,
        tk1_0.so_dien_thoai,
        tk1_0.so_lan_dang_nhap_sai,
        tk1_0.ten_dang_nhap,
        tk1_0.trang_thai,
        tk1_0.vai_tro_id 
    from
        tai_khoan tk1_0 
    where
        tk1_0.ten_dang_nhap=?
2026-07-22 12:58:42 [http-nio-8081-exec-6] TRACE org.hibernate.orm.jdbc.bind - binding parameter (1:VARCHAR) <- [nhanvien1]
2026-07-22 12:58:42 [http-nio-8081-exec-6] DEBUG org.hibernate.SQL - 
    select
        vt1_0.id,
        vt1_0.ma_vai_tro,
        vt1_0.mo_ta,
        vt1_0.ngay_cap_nhat,
        vt1_0.ngay_tao,
        vt1_0.ten_vai_tro,
        vt1_0.trang_thai 
    from
        vai_tro vt1_0 
    where
        vt1_0.id=?
2026-07-22 12:58:42 [http-nio-8081-exec-6] TRACE org.hibernate.orm.jdbc.bind - binding parameter (1:INTEGER) <- [2]
2026-07-22 12:58:42 [http-nio-8081-exec-6] DEBUG org.hibernate.SQL - 
    select
        acd1_0.id,
        acd1_0.ghichu,
        acd1_0.matk,
        acd1_0.ngaytao,
        acd1_0.trangthai,
        acd1_0.url 
    from
        anh_cho_duyet acd1_0 
    where
        acd1_0.matk=?
2026-07-22 12:58:42 [http-nio-8081-exec-6] TRACE org.hibernate.orm.jdbc.bind - binding parameter (1:INTEGER) <- [7]
2026-07-22 12:58:44 [http-nio-8081-exec-7] DEBUG org.hibernate.SQL - 
    select
        hv1_0.mahv,
        hv1_0.cccd,
        hv1_0.diachi,
        hv1_0.email,
        hv1_0.gioitinh,
        hv1_0.hoten,
        hv1_0.ngaydangky,
        hv1_0.ngaysinh,
        hv1_0.sodienthoai 
    from
        hoc_vien hv1_0
