[INFO] Scanning for projects...
[INFO] 
[INFO] -------------------< org.example:DATN_NHOM3_BACKEND >-------------------
[INFO] Building DATN_NHOM3_BACKEND 0.0.1-SNAPSHOT
[INFO]   from pom.xml
[INFO] --------------------------------[ jar ]---------------------------------
[INFO] 
[INFO] >>> spring-boot:3.3.5:run (default-cli) > test-compile @ DATN_NHOM3_BACKEND >>>
[INFO] 
[INFO] --- resources:3.3.1:resources (default-resources) @ DATN_NHOM3_BACKEND ---
[INFO] Copying 1 resource from src\main\resources to target\classes
[INFO] Copying 1 resource from src\main\resources to target\classes
[INFO] 
[INFO] --- compiler:3.13.0:compile (default-compile) @ DATN_NHOM3_BACKEND ---
[INFO] Nothing to compile - all classes are up to date.
[INFO] 
[INFO] --- resources:3.3.1:testResources (default-testResources) @ DATN_NHOM3_BACKEND ---
[INFO] skip non existing resourceDirectory D:\DATN_NHOM3\DATN_NHOM3_BACKEND\src\test\resources
[INFO] 
[INFO] --- compiler:3.13.0:testCompile (default-testCompile) @ DATN_NHOM3_BACKEND ---
[INFO] Nothing to compile - all classes are up to date.
[INFO] 
[INFO] <<< spring-boot:3.3.5:run (default-cli) < test-compile @ DATN_NHOM3_BACKEND <<<
[INFO] 
[INFO] 
[INFO] --- spring-boot:3.3.5:run (default-cli) @ DATN_NHOM3_BACKEND ---
[INFO] Attaching agents: []

  .   ____          _            __ _ _
 /\\ / ___'_ __ _ _(_)_ __  __ _ \ \ \ \
( ( )\___ | '_ | '_| | '_ \/ _` | \ \ \ \
 \\/  ___)| |_)| | | | | || (_| |  ) ) ) )
  '  |____| .__|_| |_|_| |_\__, | / / / /
 =========|_|==============|___/=/_/_/_/

 :: Spring Boot ::                (v3.3.5)

2026-07-17 09:32:57 [main] INFO  o.e.d.DatnNhom3BackendApplication - Starting DatnNhom3BackendApplication using Java 17.0.19 with PID 3084 (D:\DATN_NHOM3\DATN_NHOM3_BACKEND\target\classes started by n2450 in D:\DATN_NHOM3\DATN_NHOM3_BACKEND)
2026-07-17 09:32:57 [main] DEBUG o.e.d.DatnNhom3BackendApplication - Running with Spring Boot v3.3.5, Spring v6.1.14
2026-07-17 09:32:57 [main] INFO  o.e.d.DatnNhom3BackendApplication - No active profile set, falling back to 1 default profile: "default"
2026-07-17 09:32:59 [main] INFO  o.s.d.r.c.RepositoryConfigurationDelegate - Bootstrapping Spring Data JPA repositories in DEFAULT mode.
2026-07-17 09:32:59 [main] INFO  o.s.d.r.c.RepositoryConfigurationDelegate - Finished Spring Data repository scanning in 247 ms. Found 30 JPA repository interfaces.
2026-07-17 09:33:00 [main] INFO  o.s.b.w.e.tomcat.TomcatWebServer - Tomcat initialized with port 8080 (http)
2026-07-17 09:33:00 [main] INFO  o.a.catalina.core.StandardService - Starting service [Tomcat]
2026-07-17 09:33:00 [main] INFO  o.a.catalina.core.StandardEngine - Starting Servlet engine: [Apache Tomcat/10.1.31]
2026-07-17 09:33:00 [main] INFO  o.a.c.c.C.[Tomcat].[localhost].[/] - Initializing Spring embedded WebApplicationContext
2026-07-17 09:33:00 [main] INFO  o.s.b.w.s.c.ServletWebServerApplicationContext - Root WebApplicationContext: initialization completed in 2885 ms
2026-07-17 09:33:01 [main] INFO  o.h.jpa.internal.util.LogHelper - HHH000204: Processing PersistenceUnitInfo [name: default]
2026-07-17 09:33:01 [main] INFO  org.hibernate.Version - HHH000412: Hibernate ORM core version 6.5.3.Final
2026-07-17 09:33:01 [main] INFO  o.h.c.i.RegionFactoryInitiator - HHH000026: Second-level cache disabled
2026-07-17 09:33:01 [main] INFO  o.s.o.j.p.SpringPersistenceUnitInfo - No LoadTimeWeaver setup: ignoring JPA class transformer
2026-07-17 09:33:01 [main] INFO  com.zaxxer.hikari.HikariDataSource - DATN-HikariPool - Starting...
2026-07-17 09:33:02 [main] INFO  com.zaxxer.hikari.pool.HikariPool - DATN-HikariPool - Added connection ConnectionID:1 ClientConnectionId: d0398a6b-aad5-4a6f-8174-858997f8f07d
2026-07-17 09:33:02 [main] INFO  com.zaxxer.hikari.HikariDataSource - DATN-HikariPool - Start completed.
2026-07-17 09:33:02 [main] WARN  org.hibernate.orm.deprecation - HHH90000025: SQLServerDialect does not need to be specified explicitly using 'hibernate.dialect' (remove the property setting and it will be selected by default)
2026-07-17 09:33:04 [main] INFO  o.h.e.t.j.p.i.JtaPlatformInitiator - HHH000489: No JTA platform available (set 'hibernate.transaction.jta.platform' to enable JTA platform integration)
2026-07-17 09:33:04 [main] INFO  o.s.o.j.LocalContainerEntityManagerFactoryBean - Initialized JPA EntityManagerFactory for persistence unit 'default'
2026-07-17 09:33:05 [main] INFO  o.s.d.j.r.query.QueryEnhancerFactory - Hibernate is in classpath; If applicable, HQL parser will be used.
2026-07-17 09:33:05 [main] INFO  o.s.s.c.a.a.c.InitializeUserDetailsBeanManagerConfigurer$InitializeUserDetailsManagerConfigurer - Global AuthenticationManager configured with UserDetailsService bean with name customUserDetailsService
2026-07-17 09:33:06 [main] INFO  o.s.b.a.w.s.WelcomePageHandlerMapping - Adding welcome page: class path resource [static/index.html]
2026-07-17 09:33:06 [main] INFO  o.s.b.w.e.tomcat.TomcatWebServer - Tomcat started on port 8080 (http) with context path '/'
2026-07-17 09:33:06 [main] INFO  o.e.d.DatnNhom3BackendApplication - Started DatnNhom3BackendApplication in 9.633 seconds (process running for 10.177)
2026-07-17 09:33:06 [main] DEBUG org.hibernate.SQL - 
    select
        vt1_0.id,
        vt1_0.ma_vai_tro,
        vt1_0.mo_ta,
        vt1_0.ngay_cap_nhat,
        vt1_0.ngay_tao,
        vt1_0.ten_vai_tro,
        vt1_0.trang_thai 
    from
        vai_tro vt1_0 
    where
        vt1_0.ma_vai_tro=?
Hibernate: 
    select
        vt1_0.id,
        vt1_0.ma_vai_tro,
        vt1_0.mo_ta,
        vt1_0.ngay_cap_nhat,
        vt1_0.ngay_tao,
        vt1_0.ten_vai_tro,
        vt1_0.trang_thai 
    from
        vai_tro vt1_0 
    where
        vt1_0.ma_vai_tro=?
2026-07-17 09:33:06 [main] TRACE org.hibernate.orm.jdbc.bind - binding parameter (1:VARCHAR) <- [NV]
2026-07-17 09:33:06 [main] DEBUG org.hibernate.SQL - 
    select
        vt1_0.id,
        vt1_0.ma_vai_tro,
        vt1_0.mo_ta,
        vt1_0.ngay_cap_nhat,
        vt1_0.ngay_tao,
        vt1_0.ten_vai_tro,
        vt1_0.trang_thai 
    from
        vai_tro vt1_0 
    where
        vt1_0.ma_vai_tro=?
Hibernate: 
    select
        vt1_0.id,
        vt1_0.ma_vai_tro,
        vt1_0.mo_ta,
        vt1_0.ngay_cap_nhat,
        vt1_0.ngay_tao,
        vt1_0.ten_vai_tro,
        vt1_0.trang_thai 
    from
        vai_tro vt1_0 
    where
        vt1_0.ma_vai_tro=?
2026-07-17 09:33:06 [main] TRACE org.hibernate.orm.jdbc.bind - binding parameter (1:VARCHAR) <- [HV]
2026-07-17 09:33:06 [main] DEBUG org.hibernate.SQL - 
    select
        vt1_0.id,
        vt1_0.ma_vai_tro,
        vt1_0.mo_ta,
        vt1_0.ngay_cap_nhat,
        vt1_0.ngay_tao,
        vt1_0.ten_vai_tro,
        vt1_0.trang_thai 
    from
        vai_tro vt1_0 
    where
        vt1_0.ma_vai_tro=?
Hibernate: 
    select
        vt1_0.id,
        vt1_0.ma_vai_tro,
        vt1_0.mo_ta,
        vt1_0.ngay_cap_nhat,
        vt1_0.ngay_tao,
        vt1_0.ten_vai_tro,
        vt1_0.trang_thai 
    from
        vai_tro vt1_0 
    where
        vt1_0.ma_vai_tro=?
2026-07-17 09:33:06 [main] TRACE org.hibernate.orm.jdbc.bind - binding parameter (1:VARCHAR) <- [ADMIN]
2026-07-17 09:33:06 [main] DEBUG org.hibernate.SQL - 
    select
        vt1_0.id,
        vt1_0.ma_vai_tro,
        vt1_0.mo_ta,
        vt1_0.ngay_cap_nhat,
        vt1_0.ngay_tao,
        vt1_0.ten_vai_tro,
        vt1_0.trang_thai 
    from
        vai_tro vt1_0 
    where
        vt1_0.ma_vai_tro=?
Hibernate: 
    select
        vt1_0.id,
        vt1_0.ma_vai_tro,
        vt1_0.mo_ta,
        vt1_0.ngay_cap_nhat,
        vt1_0.ngay_tao,
        vt1_0.ten_vai_tro,
        vt1_0.trang_thai 
    from
        vai_tro vt1_0 
    where
        vt1_0.ma_vai_tro=?
2026-07-17 09:33:07 [main] TRACE org.hibernate.orm.jdbc.bind - binding parameter (1:VARCHAR) <- [GV]
2026-07-17 09:33:07 [main] DEBUG org.hibernate.SQL - 
    select
        count_big(*) 
    from
        tai_khoan tk1_0
Hibernate: 
    select
        count_big(*) 
    from
        tai_khoan tk1_0
2026-07-17 09:33:07 [main] DEBUG org.hibernate.SQL - 
    select
        tk1_0.id,
        tk1_0.anh,
        tk1_0.cccd,
        tk1_0.email,
        tk1_0.ho_ten,
        tk1_0.khoa_den,
        tk1_0.lan_dang_nhap_cuoi,
        tk1_0.mat_khau,
        tk1_0.ngay_cap_nhat,
        tk1_0.ngay_tao,
        tk1_0.nguoi_tao_id,
        tk1_0.so_dien_thoai,
        tk1_0.so_lan_dang_nhap_sai,
        tk1_0.ten_dang_nhap,
        tk1_0.trang_thai,
        tk1_0.vai_tro_id 
    from
        tai_khoan tk1_0
Hibernate: 
    select
        tk1_0.id,
        tk1_0.anh,
        tk1_0.cccd,
        tk1_0.email,
        tk1_0.ho_ten,
        tk1_0.khoa_den,
        tk1_0.lan_dang_nhap_cuoi,
        tk1_0.mat_khau,
        tk1_0.ngay_cap_nhat,
        tk1_0.ngay_tao,
        tk1_0.nguoi_tao_id,
        tk1_0.so_dien_thoai,
        tk1_0.so_lan_dang_nhap_sai,
        tk1_0.ten_dang_nhap,
        tk1_0.trang_thai,
        tk1_0.vai_tro_id 
    from
        tai_khoan tk1_0
2026-07-17 09:33:07 [main] DEBUG org.hibernate.SQL - 
    select
        vt1_0.id,
        vt1_0.ma_vai_tro,
        vt1_0.mo_ta,
        vt1_0.ngay_cap_nhat,
        vt1_0.ngay_tao,
        vt1_0.ten_vai_tro,
        vt1_0.trang_thai 
    from
        vai_tro vt1_0 
    where
        vt1_0.id=?
Hibernate: 
    select
        vt1_0.id,
        vt1_0.ma_vai_tro,
        vt1_0.mo_ta,
        vt1_0.ngay_cap_nhat,
        vt1_0.ngay_tao,
        vt1_0.ten_vai_tro,
        vt1_0.trang_thai 
    from
        vai_tro vt1_0 
    where
        vt1_0.id=?
2026-07-17 09:33:07 [main] TRACE org.hibernate.orm.jdbc.bind - binding parameter (1:INTEGER) <- [1]
2026-07-17 09:33:07 [main] DEBUG org.hibernate.SQL - 
    select
        vt1_0.id,
        vt1_0.ma_vai_tro,
        vt1_0.mo_ta,
        vt1_0.ngay_cap_nhat,
        vt1_0.ngay_tao,
        vt1_0.ten_vai_tro,
        vt1_0.trang_thai 
    from
        vai_tro vt1_0 
    where
        vt1_0.id=?
Hibernate: 
    select
        vt1_0.id,
        vt1_0.ma_vai_tro,
        vt1_0.mo_ta,
        vt1_0.ngay_cap_nhat,
        vt1_0.ngay_tao,
        vt1_0.ten_vai_tro,
        vt1_0.trang_thai 
    from
        vai_tro vt1_0 
    where
        vt1_0.id=?
2026-07-17 09:33:07 [main] TRACE org.hibernate.orm.jdbc.bind - binding parameter (1:INTEGER) <- [2]
2026-07-17 09:33:07 [main] DEBUG org.hibernate.SQL - 
    select
        vt1_0.id,
        vt1_0.ma_vai_tro,
        vt1_0.mo_ta,
        vt1_0.ngay_cap_nhat,
        vt1_0.ngay_tao,
        vt1_0.ten_vai_tro,
        vt1_0.trang_thai 
    from
        vai_tro vt1_0 
    where
        vt1_0.id=?
Hibernate: 
    select
        vt1_0.id,
        vt1_0.ma_vai_tro,
        vt1_0.mo_ta,
        vt1_0.ngay_cap_nhat,
        vt1_0.ngay_tao,
        vt1_0.ten_vai_tro,
        vt1_0.trang_thai 
    from
        vai_tro vt1_0 
    where
        vt1_0.id=?
2026-07-17 09:33:07 [main] TRACE org.hibernate.orm.jdbc.bind - binding parameter (1:INTEGER) <- [3]
2026-07-17 09:33:07 [main] DEBUG org.hibernate.SQL - 
    select
        vt1_0.id,
        vt1_0.ma_vai_tro,
        vt1_0.mo_ta,
        vt1_0.ngay_cap_nhat,
        vt1_0.ngay_tao,
        vt1_0.ten_vai_tro,
        vt1_0.trang_thai 
    from
        vai_tro vt1_0 
    where
        vt1_0.id=?
Hibernate: 
    select
        vt1_0.id,
        vt1_0.ma_vai_tro,
        vt1_0.mo_ta,
        vt1_0.ngay_cap_nhat,
        vt1_0.ngay_tao,
        vt1_0.ten_vai_tro,
        vt1_0.trang_thai 
    from
        vai_tro vt1_0 
    where
        vt1_0.id=?
2026-07-17 09:33:07 [main] TRACE org.hibernate.orm.jdbc.bind - binding parameter (1:INTEGER) <- [4]
2026-07-17 10:02:31 [http-nio-8080-exec-1] INFO  o.a.c.c.C.[Tomcat].[localhost].[/] - Initializing Spring DispatcherServlet 'dispatcherServlet'
2026-07-17 10:02:31 [http-nio-8080-exec-1] INFO  o.s.web.servlet.DispatcherServlet - Initializing Servlet 'dispatcherServlet'
2026-07-17 10:02:31 [http-nio-8080-exec-1] INFO  o.s.web.servlet.DispatcherServlet - Completed initialization in 56 ms
2026-07-17 10:03:06 [http-nio-8080-exec-3] DEBUG org.hibernate.SQL - 
    select
        gv1_0.magv,
        gv1_0.cccd,
        gv1_0.diachi,
        gv1_0.email,
        gv1_0.gioitinh,
        gv1_0.hangday,
        gv1_0.hoten,
        gv1_0.ngaysinh,
        gv1_0.sodienthoai 
    from
        giao_vien gv1_0
Hibernate: 
    select
        gv1_0.magv,
        gv1_0.cccd,
        gv1_0.diachi,
        gv1_0.email,
        gv1_0.gioitinh,
        gv1_0.hangday,
        gv1_0.hoten,
        gv1_0.ngaysinh,
        gv1_0.sodienthoai 
    from
        giao_vien gv1_0
2026-07-17 10:03:17 [http-nio-8080-exec-6] DEBUG org.hibernate.SQL - 
    select
        tk1_0.id,
        tk1_0.anh,
        tk1_0.cccd,
        tk1_0.email,
        tk1_0.ho_ten,
        tk1_0.khoa_den,
        tk1_0.lan_dang_nhap_cuoi,
        tk1_0.mat_khau,
        tk1_0.ngay_cap_nhat,
        tk1_0.ngay_tao,
        tk1_0.nguoi_tao_id,
        tk1_0.so_dien_thoai,
        tk1_0.so_lan_dang_nhap_sai,
        tk1_0.ten_dang_nhap,
        tk1_0.trang_thai,
        tk1_0.vai_tro_id 
    from
        tai_khoan tk1_0 
    where
        tk1_0.ten_dang_nhap=?
Hibernate: 
    select
        tk1_0.id,
        tk1_0.anh,
        tk1_0.cccd,
        tk1_0.email,
        tk1_0.ho_ten,
        tk1_0.khoa_den,
        tk1_0.lan_dang_nhap_cuoi,
        tk1_0.mat_khau,
        tk1_0.ngay_cap_nhat,
        tk1_0.ngay_tao,
        tk1_0.nguoi_tao_id,
        tk1_0.so_dien_thoai,
        tk1_0.so_lan_dang_nhap_sai,
        tk1_0.ten_dang_nhap,
        tk1_0.trang_thai,
        tk1_0.vai_tro_id 
    from
        tai_khoan tk1_0 
    where
        tk1_0.ten_dang_nhap=?
2026-07-17 10:03:17 [http-nio-8080-exec-6] TRACE org.hibernate.orm.jdbc.bind - binding parameter (1:VARCHAR) <- [giaovien1]
2026-07-17 10:03:17 [http-nio-8080-exec-6] DEBUG org.hibernate.SQL - 
    select
        vt1_0.id,
        vt1_0.ma_vai_tro,
        vt1_0.mo_ta,
        vt1_0.ngay_cap_nhat,
        vt1_0.ngay_tao,
        vt1_0.ten_vai_tro,
        vt1_0.trang_thai 
    from
        vai_tro vt1_0 
    where
        vt1_0.id=?
Hibernate: 
    select
        vt1_0.id,
        vt1_0.ma_vai_tro,
        vt1_0.mo_ta,
        vt1_0.ngay_cap_nhat,
        vt1_0.ngay_tao,
        vt1_0.ten_vai_tro,
        vt1_0.trang_thai 
    from
        vai_tro vt1_0 
    where
        vt1_0.id=?
2026-07-17 10:03:17 [http-nio-8080-exec-6] TRACE org.hibernate.orm.jdbc.bind - binding parameter (1:INTEGER) <- [2]
2026-07-17 10:03:17 [http-nio-8080-exec-8] DEBUG org.hibernate.SQL - 
    select
        tk1_0.id,
        tk1_0.anh,
        tk1_0.cccd,
        tk1_0.email,
        tk1_0.ho_ten,
        tk1_0.khoa_den,
        tk1_0.lan_dang_nhap_cuoi,
        tk1_0.mat_khau,
        tk1_0.ngay_cap_nhat,
        tk1_0.ngay_tao,
        tk1_0.nguoi_tao_id,
        tk1_0.so_dien_thoai,
        tk1_0.so_lan_dang_nhap_sai,
        tk1_0.ten_dang_nhap,
        tk1_0.trang_thai,
        tk1_0.vai_tro_id 
    from
        tai_khoan tk1_0 
    where
        tk1_0.ten_dang_nhap=?
Hibernate: 
    select
        tk1_0.id,
        tk1_0.anh,
        tk1_0.cccd,
        tk1_0.email,
        tk1_0.ho_ten,
        tk1_0.khoa_den,
        tk1_0.lan_dang_nhap_cuoi,
        tk1_0.mat_khau,
        tk1_0.ngay_cap_nhat,
        tk1_0.ngay_tao,
        tk1_0.nguoi_tao_id,
        tk1_0.so_dien_thoai,
        tk1_0.so_lan_dang_nhap_sai,
        tk1_0.ten_dang_nhap,
        tk1_0.trang_thai,
        tk1_0.vai_tro_id 
    from
        tai_khoan tk1_0 
    where
        tk1_0.ten_dang_nhap=?
2026-07-17 10:03:17 [http-nio-8080-exec-8] TRACE org.hibernate.orm.jdbc.bind - binding parameter (1:VARCHAR) <- [giaovien1]
2026-07-17 10:03:17 [http-nio-8080-exec-8] DEBUG org.hibernate.SQL - 
    select
        vt1_0.id,
        vt1_0.ma_vai_tro,
        vt1_0.mo_ta,
        vt1_0.ngay_cap_nhat,
        vt1_0.ngay_tao,
        vt1_0.ten_vai_tro,
        vt1_0.trang_thai 
    from
        vai_tro vt1_0 
    where
        vt1_0.id=?
Hibernate: 
    select
        vt1_0.id,
        vt1_0.ma_vai_tro,
        vt1_0.mo_ta,
        vt1_0.ngay_cap_nhat,
        vt1_0.ngay_tao,
        vt1_0.ten_vai_tro,
        vt1_0.trang_thai 
    from
        vai_tro vt1_0 
    where
        vt1_0.id=?
2026-07-17 10:03:17 [http-nio-8080-exec-8] TRACE org.hibernate.orm.jdbc.bind - binding parameter (1:INTEGER) <- [2]
2026-07-17 10:03:17 [http-nio-8080-exec-8] DEBUG org.hibernate.SQL - 
    select
        acd1_0.id,
        acd1_0.ghichu,
        acd1_0.matk,
        acd1_0.ngaytao,
        acd1_0.trangthai,
        acd1_0.url 
    from
        anh_cho_duyet acd1_0 
    where
        acd1_0.matk=?
Hibernate: 
    select
        acd1_0.id,
        acd1_0.ghichu,
        acd1_0.matk,
        acd1_0.ngaytao,
        acd1_0.trangthai,
        acd1_0.url 
    from
        anh_cho_duyet acd1_0 
    where
        acd1_0.matk=?
2026-07-17 10:03:17 [http-nio-8080-exec-8] TRACE org.hibernate.orm.jdbc.bind - binding parameter (1:INTEGER) <- [2]
2026-07-17 10:03:20 [http-nio-8080-exec-10] DEBUG org.hibernate.SQL - 
    select
        tsh1_0.mathi,
        tsh1_0.ghichu,
        tsh1_0.mahv,
        tsh1_0.ketqua,
        tsh1_0.malichthi,
        tsh1_0.ngaythi 
    from
        thi_sat_hach tsh1_0
Hibernate: 
    select
        tsh1_0.mathi,
        tsh1_0.ghichu,
        tsh1_0.mahv,
        tsh1_0.ketqua,
        tsh1_0.malichthi,
        tsh1_0.ngaythi 
    from
        thi_sat_hach tsh1_0
2026-07-17 10:03:20 [http-nio-8080-exec-10] DEBUG org.hibernate.SQL - 
    select
        hv1_0.mahv,
        hv1_0.cccd,
        hv1_0.diachi,
        hv1_0.email,
        hv1_0.gioitinh,
        hv1_0.hoten,
        hv1_0.ngaydangky,
        hv1_0.ngaysinh,
        hv1_0.sodienthoai 
    from
        hoc_vien hv1_0 
    where
        hv1_0.mahv=?
Hibernate: 
    select
        hv1_0.mahv,
        hv1_0.cccd,
        hv1_0.diachi,
        hv1_0.email,
        hv1_0.gioitinh,
        hv1_0.hoten,
        hv1_0.ngaydangky,
        hv1_0.ngaysinh,
        hv1_0.sodienthoai 
    from
        hoc_vien hv1_0 
    where
        hv1_0.mahv=?
2026-07-17 10:03:20 [http-nio-8080-exec-10] TRACE org.hibernate.orm.jdbc.bind - binding parameter (1:INTEGER) <- [1]
2026-07-17 10:03:21 [http-nio-8080-exec-1] DEBUG org.hibernate.SQL - 
    select
        tk1_0.id,
        tk1_0.anh,
        tk1_0.cccd,
        tk1_0.email,
        tk1_0.ho_ten,
        tk1_0.khoa_den,
        tk1_0.lan_dang_nhap_cuoi,
        tk1_0.mat_khau,
        tk1_0.ngay_cap_nhat,
        tk1_0.ngay_tao,
        tk1_0.nguoi_tao_id,
        tk1_0.so_dien_thoai,
        tk1_0.so_lan_dang_nhap_sai,
        tk1_0.ten_dang_nhap,
        tk1_0.trang_thai,
        tk1_0.vai_tro_id 
    from
        tai_khoan tk1_0 
    where
        tk1_0.ten_dang_nhap=?
Hibernate: 
    select
        tk1_0.id,
        tk1_0.anh,
        tk1_0.cccd,
        tk1_0.email,
        tk1_0.ho_ten,
        tk1_0.khoa_den,
        tk1_0.lan_dang_nhap_cuoi,
        tk1_0.mat_khau,
        tk1_0.ngay_cap_nhat,
        tk1_0.ngay_tao,
        tk1_0.nguoi_tao_id,
        tk1_0.so_dien_thoai,
        tk1_0.so_lan_dang_nhap_sai,
        tk1_0.ten_dang_nhap,
        tk1_0.trang_thai,
        tk1_0.vai_tro_id 
    from
        tai_khoan tk1_0 
    where
        tk1_0.ten_dang_nhap=?
2026-07-17 10:03:21 [http-nio-8080-exec-1] TRACE org.hibernate.orm.jdbc.bind - binding parameter (1:VARCHAR) <- [giaovien1]
2026-07-17 10:03:21 [http-nio-8080-exec-1] DEBUG org.hibernate.SQL - 
    select
        vt1_0.id,
        vt1_0.ma_vai_tro,
        vt1_0.mo_ta,
        vt1_0.ngay_cap_nhat,
        vt1_0.ngay_tao,
        vt1_0.ten_vai_tro,
        vt1_0.trang_thai 
    from
        vai_tro vt1_0 
    where
        vt1_0.id=?
Hibernate: 
    select
        vt1_0.id,
        vt1_0.ma_vai_tro,
        vt1_0.mo_ta,
        vt1_0.ngay_cap_nhat,
        vt1_0.ngay_tao,
        vt1_0.ten_vai_tro,
        vt1_0.trang_thai 
    from
        vai_tro vt1_0 
    where
        vt1_0.id=?
2026-07-17 10:03:21 [http-nio-8080-exec-1] TRACE org.hibernate.orm.jdbc.bind - binding parameter (1:INTEGER) <- [2]
2026-07-17 10:03:21 [http-nio-8080-exec-9] DEBUG org.hibernate.SQL - 
    select
        tk1_0.id,
        tk1_0.anh,
        tk1_0.cccd,
        tk1_0.email,
        tk1_0.ho_ten,
        tk1_0.khoa_den,
        tk1_0.lan_dang_nhap_cuoi,
        tk1_0.mat_khau,
        tk1_0.ngay_cap_nhat,
        tk1_0.ngay_tao,
        tk1_0.nguoi_tao_id,
        tk1_0.so_dien_thoai,
        tk1_0.so_lan_dang_nhap_sai,
        tk1_0.ten_dang_nhap,
        tk1_0.trang_thai,
        tk1_0.vai_tro_id 
    from
        tai_khoan tk1_0 
    where
        tk1_0.ten_dang_nhap=?
Hibernate: 
    select
        tk1_0.id,
        tk1_0.anh,
        tk1_0.cccd,
        tk1_0.email,
        tk1_0.ho_ten,
        tk1_0.khoa_den,
        tk1_0.lan_dang_nhap_cuoi,
        tk1_0.mat_khau,
        tk1_0.ngay_cap_nhat,
        tk1_0.ngay_tao,
        tk1_0.nguoi_tao_id,
        tk1_0.so_dien_thoai,
        tk1_0.so_lan_dang_nhap_sai,
        tk1_0.ten_dang_nhap,
        tk1_0.trang_thai,
        tk1_0.vai_tro_id 
    from
        tai_khoan tk1_0 
    where
        tk1_0.ten_dang_nhap=?
2026-07-17 10:03:21 [http-nio-8080-exec-9] TRACE org.hibernate.orm.jdbc.bind - binding parameter (1:VARCHAR) <- [giaovien1]
2026-07-17 10:03:21 [http-nio-8080-exec-9] DEBUG org.hibernate.SQL - 
    select
        vt1_0.id,
        vt1_0.ma_vai_tro,
        vt1_0.mo_ta,
        vt1_0.ngay_cap_nhat,
        vt1_0.ngay_tao,
        vt1_0.ten_vai_tro,
        vt1_0.trang_thai 
    from
        vai_tro vt1_0 
    where
        vt1_0.id=?
Hibernate: 
    select
        vt1_0.id,
        vt1_0.ma_vai_tro,
        vt1_0.mo_ta,
        vt1_0.ngay_cap_nhat,
        vt1_0.ngay_tao,
        vt1_0.ten_vai_tro,
        vt1_0.trang_thai 
    from
        vai_tro vt1_0 
    where
        vt1_0.id=?
2026-07-17 10:03:21 [http-nio-8080-exec-9] TRACE org.hibernate.orm.jdbc.bind - binding parameter (1:INTEGER) <- [2]
2026-07-17 10:03:21 [http-nio-8080-exec-9] DEBUG org.hibernate.SQL - 
    select
        acd1_0.id,
        acd1_0.ghichu,
        acd1_0.matk,
        acd1_0.ngaytao,
        acd1_0.trangthai,
        acd1_0.url 
    from
        anh_cho_duyet acd1_0 
    where
        acd1_0.matk=?
Hibernate: 
    select
        acd1_0.id,
        acd1_0.ghichu,
        acd1_0.matk,
        acd1_0.ngaytao,
        acd1_0.trangthai,
        acd1_0.url 
    from
        anh_cho_duyet acd1_0 
    where
        acd1_0.matk=?
2026-07-17 10:03:21 [http-nio-8080-exec-9] TRACE org.hibernate.orm.jdbc.bind - binding parameter (1:INTEGER) <- [2]
2026-07-17 10:03:23 [http-nio-8080-exec-4] DEBUG org.hibernate.SQL - 
    select
        tsh1_0.mathi,
        tsh1_0.ghichu,
        tsh1_0.mahv,
        tsh1_0.ketqua,
        tsh1_0.malichthi,
        tsh1_0.ngaythi 
    from
        thi_sat_hach tsh1_0
Hibernate: 
    select
        tsh1_0.mathi,
        tsh1_0.ghichu,
        tsh1_0.mahv,
        tsh1_0.ketqua,
        tsh1_0.malichthi,
        tsh1_0.ngaythi 
    from
        thi_sat_hach tsh1_0
2026-07-17 10:03:23 [http-nio-8080-exec-4] DEBUG org.hibernate.SQL - 
    select
        hv1_0.mahv,
        hv1_0.cccd,
        hv1_0.diachi,
        hv1_0.email,
        hv1_0.gioitinh,
        hv1_0.hoten,
        hv1_0.ngaydangky,
        hv1_0.ngaysinh,
        hv1_0.sodienthoai 
    from
        hoc_vien hv1_0 
    where
        hv1_0.mahv=?
Hibernate: 
    select
        hv1_0.mahv,
        hv1_0.cccd,
        hv1_0.diachi,
        hv1_0.email,
        hv1_0.gioitinh,
        hv1_0.hoten,
        hv1_0.ngaydangky,
        hv1_0.ngaysinh,
        hv1_0.sodienthoai 
    from
        hoc_vien hv1_0 
    where
        hv1_0.mahv=?
2026-07-17 10:03:23 [http-nio-8080-exec-4] TRACE org.hibernate.orm.jdbc.bind - binding parameter (1:INTEGER) <- [1]
2026-07-17 10:03:25 [http-nio-8080-exec-5] DEBUG org.hibernate.SQL - 
    select
        kh1_0.makh,
        kh1_0.macth,
        kh1_0.ngaybatdau,
        kh1_0.ngayketthuc,
        kh1_0.tenkhoahoc,
        kh1_0.trangthai 
    from
        khoa_hoc kh1_0
Hibernate: 
    select
        kh1_0.makh,
        kh1_0.macth,
        kh1_0.ngaybatdau,
        kh1_0.ngayketthuc,
        kh1_0.tenkhoahoc,
        kh1_0.trangthai 
    from
        khoa_hoc kh1_0
2026-07-17 10:03:25 [http-nio-8080-exec-5] DEBUG org.hibernate.SQL - 
    select
        cth1_0.macth,
        cth1_0.hangbang,
        cth1_0.hocphi,
        cth1_0.sobuoilythuyet,
        cth1_0.sobuoithuchanh,
        cth1_0.tenchuongtrinh 
    from
        chuong_trinh_hoc cth1_0 
    where
        cth1_0.macth=?
Hibernate: 
    select
        cth1_0.macth,
        cth1_0.hangbang,
        cth1_0.hocphi,
        cth1_0.sobuoilythuyet,
        cth1_0.sobuoithuchanh,
        cth1_0.tenchuongtrinh 
    from
        chuong_trinh_hoc cth1_0 
    where
        cth1_0.macth=?
2026-07-17 10:03:25 [http-nio-8080-exec-5] TRACE org.hibernate.orm.jdbc.bind - binding parameter (1:INTEGER) <- [1]
2026-07-17 10:03:25 [http-nio-8080-exec-5] DEBUG org.hibernate.SQL - 
    select
        cth1_0.macth,
        cth1_0.hangbang,
        cth1_0.hocphi,
        cth1_0.sobuoilythuyet,
        cth1_0.sobuoithuchanh,
        cth1_0.tenchuongtrinh 
    from
        chuong_trinh_hoc cth1_0 
    where
        cth1_0.macth=?
Hibernate: 
    select
        cth1_0.macth,
        cth1_0.hangbang,
        cth1_0.hocphi,
        cth1_0.sobuoilythuyet,
        cth1_0.sobuoithuchanh,
        cth1_0.tenchuongtrinh 
    from
        chuong_trinh_hoc cth1_0 
    where
        cth1_0.macth=?
2026-07-17 10:03:25 [http-nio-8080-exec-5] TRACE org.hibernate.orm.jdbc.bind - binding parameter (1:INTEGER) <- [2]
2026-07-17 10:03:25 [http-nio-8080-exec-7] DEBUG org.hibernate.SQL - 
    select
        pt1_0.maphongthi,
        pt1_0.diadiem,
        pt1_0.succhua,
        pt1_0.tenphong,
        pt1_0.trangthai 
    from
        phong_thi pt1_0
Hibernate: 
    select
        pt1_0.maphongthi,
        pt1_0.diadiem,
        pt1_0.succhua,
        pt1_0.tenphong,
        pt1_0.trangthai 
    from
        phong_thi pt1_0
2026-07-17 10:03:25 [http-nio-8080-exec-2] DEBUG org.hibernate.SQL - 
    select
        ct1_0.macathi,
        ct1_0.gio_bat_dau,
        ct1_0.gio_ket_thuc,
        ct1_0.ten_ca 
    from
        ca_thi ct1_0
Hibernate: 
    select
        ct1_0.macathi,
        ct1_0.gio_bat_dau,
        ct1_0.gio_ket_thuc,
        ct1_0.ten_ca 
    from
        ca_thi ct1_0
2026-07-17 10:03:25 [http-nio-8080-exec-1] DEBUG org.hibernate.SQL - 
    select
        lt1_0.malichthi,
        lt1_0.macathi,
        lt1_0.ghichu,
        lt1_0.ngaythi,
        lt1_0.maphongthi 
    from
        lich_thi lt1_0
Hibernate: 
    select
        lt1_0.malichthi,
        lt1_0.macathi,
        lt1_0.ghichu,
        lt1_0.ngaythi,
        lt1_0.maphongthi 
    from
        lich_thi lt1_0
2026-07-17 10:03:25 [http-nio-8080-exec-1] DEBUG org.hibernate.SQL - 
    select
        ct1_0.macathi,
        ct1_0.gio_bat_dau,
        ct1_0.gio_ket_thuc,
        ct1_0.ten_ca 
    from
        ca_thi ct1_0 
    where
        ct1_0.macathi=?
Hibernate: 
    select
        ct1_0.macathi,
        ct1_0.gio_bat_dau,
        ct1_0.gio_ket_thuc,
        ct1_0.ten_ca 
    from
        ca_thi ct1_0 
    where
        ct1_0.macathi=?
2026-07-17 10:03:25 [http-nio-8080-exec-1] TRACE org.hibernate.orm.jdbc.bind - binding parameter (1:INTEGER) <- [1]
2026-07-17 10:03:25 [http-nio-8080-exec-1] DEBUG org.hibernate.SQL - 
    select
        pt1_0.maphongthi,
        pt1_0.diadiem,
        pt1_0.succhua,
        pt1_0.tenphong,
        pt1_0.trangthai 
    from
        phong_thi pt1_0 
    where
        pt1_0.maphongthi=?
Hibernate: 
    select
        pt1_0.maphongthi,
        pt1_0.diadiem,
        pt1_0.succhua,
        pt1_0.tenphong,
        pt1_0.trangthai 
    from
        phong_thi pt1_0 
    where
        pt1_0.maphongthi=?
2026-07-17 10:03:25 [http-nio-8080-exec-1] TRACE org.hibernate.orm.jdbc.bind - binding parameter (1:INTEGER) <- [1]
2026-07-17 10:03:25 [http-nio-8080-exec-1] DEBUG org.hibernate.SQL - 
    select
        ct1_0.macathi,
        ct1_0.gio_bat_dau,
        ct1_0.gio_ket_thuc,
        ct1_0.ten_ca 
    from
        ca_thi ct1_0 
    where
        ct1_0.macathi=?
Hibernate: 
    select
        ct1_0.macathi,
        ct1_0.gio_bat_dau,
        ct1_0.gio_ket_thuc,
        ct1_0.ten_ca 
    from
        ca_thi ct1_0 
    where
        ct1_0.macathi=?
2026-07-17 10:03:25 [http-nio-8080-exec-1] TRACE org.hibernate.orm.jdbc.bind - binding parameter (1:INTEGER) <- [2]
2026-07-17 10:03:25 [http-nio-8080-exec-1] DEBUG org.hibernate.SQL - 
    select
        pt1_0.maphongthi,
        pt1_0.diadiem,
        pt1_0.succhua,
        pt1_0.tenphong,
        pt1_0.trangthai 
    from
        phong_thi pt1_0 
    where
        pt1_0.maphongthi=?
Hibernate: 
    select
        pt1_0.maphongthi,
        pt1_0.diadiem,
        pt1_0.succhua,
        pt1_0.tenphong,
        pt1_0.trangthai 
    from
        phong_thi pt1_0 
    where
        pt1_0.maphongthi=?
2026-07-17 10:03:25 [http-nio-8080-exec-1] TRACE org.hibernate.orm.jdbc.bind - binding parameter (1:INTEGER) <- [2]
2026-07-17 10:03:26 [http-nio-8080-exec-9] DEBUG org.hibernate.SQL - 
    select
        tsh1_0.mathi,
        tsh1_0.ghichu,
        tsh1_0.mahv,
        tsh1_0.ketqua,
        tsh1_0.malichthi,
        tsh1_0.ngaythi 
    from
        thi_sat_hach tsh1_0
Hibernate: 
    select
        tsh1_0.mathi,
        tsh1_0.ghichu,
        tsh1_0.mahv,
        tsh1_0.ketqua,
        tsh1_0.malichthi,
        tsh1_0.ngaythi 
    from
        thi_sat_hach tsh1_0
2026-07-17 10:03:26 [http-nio-8080-exec-9] DEBUG org.hibernate.SQL - 
    select
        hv1_0.mahv,
        hv1_0.cccd,
        hv1_0.diachi,
        hv1_0.email,
        hv1_0.gioitinh,
        hv1_0.hoten,
        hv1_0.ngaydangky,
        hv1_0.ngaysinh,
        hv1_0.sodienthoai 
    from
        hoc_vien hv1_0 
    where
        hv1_0.mahv=?
Hibernate: 
    select
        hv1_0.mahv,
        hv1_0.cccd,
        hv1_0.diachi,
        hv1_0.email,
        hv1_0.gioitinh,
        hv1_0.hoten,
        hv1_0.ngaydangky,
        hv1_0.ngaysinh,
        hv1_0.sodienthoai 
    from
        hoc_vien hv1_0 
    where
        hv1_0.mahv=?
2026-07-17 10:03:26 [http-nio-8080-exec-9] TRACE org.hibernate.orm.jdbc.bind - binding parameter (1:INTEGER) <- [1]
2026-07-17 10:03:27 [http-nio-8080-exec-4] DEBUG org.hibernate.SQL - 
    select
        kh1_0.makh,
        kh1_0.macth,
        kh1_0.ngaybatdau,
        kh1_0.ngayketthuc,
        kh1_0.tenkhoahoc,
        kh1_0.trangthai 
    from
        khoa_hoc kh1_0
Hibernate: 
    select
        kh1_0.makh,
        kh1_0.macth,
        kh1_0.ngaybatdau,
        kh1_0.ngayketthuc,
        kh1_0.tenkhoahoc,
        kh1_0.trangthai 
    from
        khoa_hoc kh1_0
2026-07-17 10:03:27 [http-nio-8080-exec-4] DEBUG org.hibernate.SQL - 
    select
        cth1_0.macth,
        cth1_0.hangbang,
        cth1_0.hocphi,
        cth1_0.sobuoilythuyet,
        cth1_0.sobuoithuchanh,
        cth1_0.tenchuongtrinh 
    from
        chuong_trinh_hoc cth1_0 
    where
        cth1_0.macth=?
Hibernate: 
    select
        cth1_0.macth,
        cth1_0.hangbang,
        cth1_0.hocphi,
        cth1_0.sobuoilythuyet,
        cth1_0.sobuoithuchanh,
        cth1_0.tenchuongtrinh 
    from
        chuong_trinh_hoc cth1_0 
    where
        cth1_0.macth=?
2026-07-17 10:03:27 [http-nio-8080-exec-4] TRACE org.hibernate.orm.jdbc.bind - binding parameter (1:INTEGER) <- [1]
2026-07-17 10:03:27 [http-nio-8080-exec-4] DEBUG org.hibernate.SQL - 
    select
        cth1_0.macth,
        cth1_0.hangbang,
        cth1_0.hocphi,
        cth1_0.sobuoilythuyet,
        cth1_0.sobuoithuchanh,
        cth1_0.tenchuongtrinh 
    from
        chuong_trinh_hoc cth1_0 
    where
        cth1_0.macth=?
Hibernate: 
    select
        cth1_0.macth,
        cth1_0.hangbang,
        cth1_0.hocphi,
        cth1_0.sobuoilythuyet,
        cth1_0.sobuoithuchanh,
        cth1_0.tenchuongtrinh 
    from
        chuong_trinh_hoc cth1_0 
    where
        cth1_0.macth=?
2026-07-17 10:03:27 [http-nio-8080-exec-4] TRACE org.hibernate.orm.jdbc.bind - binding parameter (1:INTEGER) <- [2]
2026-07-17 10:03:27 [http-nio-8080-exec-3] DEBUG org.hibernate.SQL - 
    select
        pt1_0.maphongthi,
        pt1_0.diadiem,
        pt1_0.succhua,
        pt1_0.tenphong,
        pt1_0.trangthai 
    from
        phong_thi pt1_0
Hibernate: 
    select
        pt1_0.maphongthi,
        pt1_0.diadiem,
        pt1_0.succhua,
        pt1_0.tenphong,
        pt1_0.trangthai 
    from
        phong_thi pt1_0
2026-07-17 10:03:27 [http-nio-8080-exec-5] DEBUG org.hibernate.SQL - 
    select
        ct1_0.macathi,
        ct1_0.gio_bat_dau,
        ct1_0.gio_ket_thuc,
        ct1_0.ten_ca 
    from
        ca_thi ct1_0
Hibernate: 
    select
        ct1_0.macathi,
        ct1_0.gio_bat_dau,
        ct1_0.gio_ket_thuc,
        ct1_0.ten_ca 
    from
        ca_thi ct1_0
2026-07-17 10:03:28 [http-nio-8080-exec-6] DEBUG org.hibernate.SQL - 
    select
        lt1_0.malichthi,
        lt1_0.macathi,
        lt1_0.ghichu,
        lt1_0.ngaythi,
        lt1_0.maphongthi 
    from
        lich_thi lt1_0
Hibernate: 
    select
        lt1_0.malichthi,
        lt1_0.macathi,
        lt1_0.ghichu,
        lt1_0.ngaythi,
        lt1_0.maphongthi 
    from
        lich_thi lt1_0
2026-07-17 10:03:28 [http-nio-8080-exec-6] DEBUG org.hibernate.SQL - 
    select
        ct1_0.macathi,
        ct1_0.gio_bat_dau,
        ct1_0.gio_ket_thuc,
        ct1_0.ten_ca 
    from
        ca_thi ct1_0 
    where
        ct1_0.macathi=?
Hibernate: 
    select
        ct1_0.macathi,
        ct1_0.gio_bat_dau,
        ct1_0.gio_ket_thuc,
        ct1_0.ten_ca 
    from
        ca_thi ct1_0 
    where
        ct1_0.macathi=?
2026-07-17 10:03:28 [http-nio-8080-exec-6] TRACE org.hibernate.orm.jdbc.bind - binding parameter (1:INTEGER) <- [1]
2026-07-17 10:03:28 [http-nio-8080-exec-6] DEBUG org.hibernate.SQL - 
    select
        pt1_0.maphongthi,
        pt1_0.diadiem,
        pt1_0.succhua,
        pt1_0.tenphong,
        pt1_0.trangthai 
    from
        phong_thi pt1_0 
    where
        pt1_0.maphongthi=?
Hibernate: 
    select
        pt1_0.maphongthi,
        pt1_0.diadiem,
        pt1_0.succhua,
        pt1_0.tenphong,
        pt1_0.trangthai 
    from
        phong_thi pt1_0 
    where
        pt1_0.maphongthi=?
2026-07-17 10:03:28 [http-nio-8080-exec-6] TRACE org.hibernate.orm.jdbc.bind - binding parameter (1:INTEGER) <- [1]
2026-07-17 10:03:28 [http-nio-8080-exec-6] DEBUG org.hibernate.SQL - 
    select
        ct1_0.macathi,
        ct1_0.gio_bat_dau,
        ct1_0.gio_ket_thuc,
        ct1_0.ten_ca 
    from
        ca_thi ct1_0 
    where
        ct1_0.macathi=?
Hibernate: 
    select
        ct1_0.macathi,
        ct1_0.gio_bat_dau,
        ct1_0.gio_ket_thuc,
        ct1_0.ten_ca 
    from
        ca_thi ct1_0 
    where
        ct1_0.macathi=?
2026-07-17 10:03:28 [http-nio-8080-exec-6] TRACE org.hibernate.orm.jdbc.bind - binding parameter (1:INTEGER) <- [2]
2026-07-17 10:03:28 [http-nio-8080-exec-6] DEBUG org.hibernate.SQL - 
    select
        pt1_0.maphongthi,
        pt1_0.diadiem,
        pt1_0.succhua,
        pt1_0.tenphong,
        pt1_0.trangthai 
    from
        phong_thi pt1_0 
    where
        pt1_0.maphongthi=?
Hibernate: 
    select
        pt1_0.maphongthi,
        pt1_0.diadiem,
        pt1_0.succhua,
        pt1_0.tenphong,
        pt1_0.trangthai 
    from
        phong_thi pt1_0 
    where
        pt1_0.maphongthi=?
2026-07-17 10:03:28 [http-nio-8080-exec-6] TRACE org.hibernate.orm.jdbc.bind - binding parameter (1:INTEGER) <- [2]
2026-07-17 10:03:28 [http-nio-8080-exec-7] DEBUG org.hibernate.SQL - 
    select
        ct1_0.macathi,
        ct1_0.gio_bat_dau,
        ct1_0.gio_ket_thuc,
        ct1_0.ten_ca 
    from
        ca_thi ct1_0
Hibernate: 
    select
        ct1_0.macathi,
        ct1_0.gio_bat_dau,
        ct1_0.gio_ket_thuc,
        ct1_0.ten_ca 
    from
        ca_thi ct1_0
2026-07-17 10:03:29 [http-nio-8080-exec-2] DEBUG org.hibernate.SQL - 
    select
        lh1_0.malop,
        lh1_0.magv,
        lh1_0.makh,
        lh1_0.soluong,
        lh1_0.tenlop,
        lh1_0.trangthai 
    from
        lop_hoc lh1_0
Hibernate: 
    select
        lh1_0.malop,
        lh1_0.magv,
        lh1_0.makh,
        lh1_0.soluong,
        lh1_0.tenlop,
        lh1_0.trangthai 
    from
        lop_hoc lh1_0
2026-07-17 10:03:29 [http-nio-8080-exec-2] DEBUG org.hibernate.SQL - 
    select
        gv1_0.magv,
        gv1_0.cccd,
        gv1_0.diachi,
        gv1_0.email,
        gv1_0.gioitinh,
        gv1_0.hangday,
        gv1_0.hoten,
        gv1_0.ngaysinh,
        gv1_0.sodienthoai 
    from
        giao_vien gv1_0 
    where
        gv1_0.magv=?
Hibernate: 
    select
        gv1_0.magv,
        gv1_0.cccd,
        gv1_0.diachi,
        gv1_0.email,
        gv1_0.gioitinh,
        gv1_0.hangday,
        gv1_0.hoten,
        gv1_0.ngaysinh,
        gv1_0.sodienthoai 
    from
        giao_vien gv1_0 
    where
        gv1_0.magv=?
2026-07-17 10:03:29 [http-nio-8080-exec-2] TRACE org.hibernate.orm.jdbc.bind - binding parameter (1:INTEGER) <- [1]
2026-07-17 10:03:29 [http-nio-8080-exec-2] DEBUG org.hibernate.SQL - 
    select
        kh1_0.makh,
        cth1_0.macth,
        cth1_0.hangbang,
        cth1_0.hocphi,
        cth1_0.sobuoilythuyet,
        cth1_0.sobuoithuchanh,
        cth1_0.tenchuongtrinh,
        kh1_0.ngaybatdau,
        kh1_0.ngayketthuc,
        kh1_0.tenkhoahoc,
        kh1_0.trangthai 
    from
        khoa_hoc kh1_0 
    left join
        chuong_trinh_hoc cth1_0 
            on cth1_0.macth=kh1_0.macth 
    where
        kh1_0.makh=?
Hibernate: 
    select
        kh1_0.makh,
        cth1_0.macth,
        cth1_0.hangbang,
        cth1_0.hocphi,
        cth1_0.sobuoilythuyet,
        cth1_0.sobuoithuchanh,
        cth1_0.tenchuongtrinh,
        kh1_0.ngaybatdau,
        kh1_0.ngayketthuc,
        kh1_0.tenkhoahoc,
        kh1_0.trangthai 
    from
        khoa_hoc kh1_0 
    left join
        chuong_trinh_hoc cth1_0 
            on cth1_0.macth=kh1_0.macth 
    where
        kh1_0.makh=?
2026-07-17 10:03:29 [http-nio-8080-exec-2] TRACE org.hibernate.orm.jdbc.bind - binding parameter (1:INTEGER) <- [1]
2026-07-17 10:03:29 [http-nio-8080-exec-2] DEBUG org.hibernate.SQL - 
    select
        gv1_0.magv,
        gv1_0.cccd,
        gv1_0.diachi,
        gv1_0.email,
        gv1_0.gioitinh,
        gv1_0.hangday,
        gv1_0.hoten,
        gv1_0.ngaysinh,
        gv1_0.sodienthoai 
    from
        giao_vien gv1_0 
    where
        gv1_0.magv=?
Hibernate: 
    select
        gv1_0.magv,
        gv1_0.cccd,
        gv1_0.diachi,
        gv1_0.email,
        gv1_0.gioitinh,
        gv1_0.hangday,
        gv1_0.hoten,
        gv1_0.ngaysinh,
        gv1_0.sodienthoai 
    from
        giao_vien gv1_0 
    where
        gv1_0.magv=?
2026-07-17 10:03:29 [http-nio-8080-exec-2] TRACE org.hibernate.orm.jdbc.bind - binding parameter (1:INTEGER) <- [2]
2026-07-17 10:03:29 [http-nio-8080-exec-2] DEBUG org.hibernate.SQL - 
    select
        kh1_0.makh,
        cth1_0.macth,
        cth1_0.hangbang,
        cth1_0.hocphi,
        cth1_0.sobuoilythuyet,
        cth1_0.sobuoithuchanh,
        cth1_0.tenchuongtrinh,
        kh1_0.ngaybatdau,
        kh1_0.ngayketthuc,
        kh1_0.tenkhoahoc,
        kh1_0.trangthai 
    from
        khoa_hoc kh1_0 
    left join
        chuong_trinh_hoc cth1_0 
            on cth1_0.macth=kh1_0.macth 
    where
        kh1_0.makh=?
Hibernate: 
    select
        kh1_0.makh,
        cth1_0.macth,
        cth1_0.hangbang,
        cth1_0.hocphi,
        cth1_0.sobuoilythuyet,
        cth1_0.sobuoithuchanh,
        cth1_0.tenchuongtrinh,
        kh1_0.ngaybatdau,
        kh1_0.ngayketthuc,
        kh1_0.tenkhoahoc,
        kh1_0.trangthai 
    from
        khoa_hoc kh1_0 
    left join
        chuong_trinh_hoc cth1_0 
            on cth1_0.macth=kh1_0.macth 
    where
        kh1_0.makh=?
2026-07-17 10:03:29 [http-nio-8080-exec-2] TRACE org.hibernate.orm.jdbc.bind - binding parameter (1:INTEGER) <- [2]
2026-07-17 10:03:29 [http-nio-8080-exec-1] DEBUG org.hibernate.SQL - 
    select
        mh1_0.mamh,
        mh1_0.so_tiet,
        mh1_0.tenmonhoc 
    from
        mon_hoc mh1_0
Hibernate: 
    select
        mh1_0.mamh,
        mh1_0.so_tiet,
        mh1_0.tenmonhoc 
    from
        mon_hoc mh1_0
2026-07-17 10:03:46 [http-nio-8080-exec-5] DEBUG org.hibernate.SQL - 
    select
        tk1_0.id,
        tk1_0.anh,
        tk1_0.cccd,
        tk1_0.email,
        tk1_0.ho_ten,
        tk1_0.khoa_den,
        tk1_0.lan_dang_nhap_cuoi,
        tk1_0.mat_khau,
        tk1_0.ngay_cap_nhat,
        tk1_0.ngay_tao,
        tk1_0.nguoi_tao_id,
        tk1_0.so_dien_thoai,
        tk1_0.so_lan_dang_nhap_sai,
        tk1_0.ten_dang_nhap,
        tk1_0.trang_thai,
        tk1_0.vai_tro_id 
    from
        tai_khoan tk1_0 
    where
        tk1_0.ten_dang_nhap=?
Hibernate: 
    select
        tk1_0.id,
        tk1_0.anh,
        tk1_0.cccd,
        tk1_0.email,
        tk1_0.ho_ten,
        tk1_0.khoa_den,
        tk1_0.lan_dang_nhap_cuoi,
        tk1_0.mat_khau,
        tk1_0.ngay_cap_nhat,
        tk1_0.ngay_tao,
        tk1_0.nguoi_tao_id,
        tk1_0.so_dien_thoai,
        tk1_0.so_lan_dang_nhap_sai,
        tk1_0.ten_dang_nhap,
        tk1_0.trang_thai,
        tk1_0.vai_tro_id 
    from
        tai_khoan tk1_0 
    where
        tk1_0.ten_dang_nhap=?
2026-07-17 10:03:46 [http-nio-8080-exec-5] TRACE org.hibernate.orm.jdbc.bind - binding parameter (1:VARCHAR) <- [giaovien1]
2026-07-17 10:03:46 [http-nio-8080-exec-5] DEBUG org.hibernate.SQL - 
    select
        vt1_0.id,
        vt1_0.ma_vai_tro,
        vt1_0.mo_ta,
        vt1_0.ngay_cap_nhat,
        vt1_0.ngay_tao,
        vt1_0.ten_vai_tro,
        vt1_0.trang_thai 
    from
        vai_tro vt1_0 
    where
        vt1_0.id=?
Hibernate: 
    select
        vt1_0.id,
        vt1_0.ma_vai_tro,
        vt1_0.mo_ta,
        vt1_0.ngay_cap_nhat,
        vt1_0.ngay_tao,
        vt1_0.ten_vai_tro,
        vt1_0.trang_thai 
    from
        vai_tro vt1_0 
    where
        vt1_0.id=?
2026-07-17 10:03:46 [http-nio-8080-exec-5] TRACE org.hibernate.orm.jdbc.bind - binding parameter (1:INTEGER) <- [2]
2026-07-17 10:03:46 [http-nio-8080-exec-5] DEBUG org.hibernate.SQL - 
    select
        tk1_0.id,
        tk1_0.anh,
        tk1_0.cccd,
        tk1_0.email,
        tk1_0.ho_ten,
        tk1_0.khoa_den,
        tk1_0.lan_dang_nhap_cuoi,
        tk1_0.mat_khau,
        tk1_0.ngay_cap_nhat,
        tk1_0.ngay_tao,
        tk1_0.nguoi_tao_id,
        tk1_0.so_dien_thoai,
        tk1_0.so_lan_dang_nhap_sai,
        tk1_0.ten_dang_nhap,
        tk1_0.trang_thai,
        tk1_0.vai_tro_id 
    from
        tai_khoan tk1_0 
    where
        tk1_0.ten_dang_nhap=?
Hibernate: 
    select
        tk1_0.id,
        tk1_0.anh,
        tk1_0.cccd,
        tk1_0.email,
        tk1_0.ho_ten,
        tk1_0.khoa_den,
        tk1_0.lan_dang_nhap_cuoi,
        tk1_0.mat_khau,
        tk1_0.ngay_cap_nhat,
        tk1_0.ngay_tao,
        tk1_0.nguoi_tao_id,
        tk1_0.so_dien_thoai,
        tk1_0.so_lan_dang_nhap_sai,
        tk1_0.ten_dang_nhap,
        tk1_0.trang_thai,
        tk1_0.vai_tro_id 
    from
        tai_khoan tk1_0 
    where
        tk1_0.ten_dang_nhap=?
2026-07-17 10:03:46 [http-nio-8080-exec-5] TRACE org.hibernate.orm.jdbc.bind - binding parameter (1:VARCHAR) <- [giaovien1]
2026-07-17 10:03:46 [http-nio-8080-exec-5] DEBUG org.hibernate.SQL - 
    select
        vt1_0.id,
        vt1_0.ma_vai_tro,
        vt1_0.mo_ta,
        vt1_0.ngay_cap_nhat,
        vt1_0.ngay_tao,
        vt1_0.ten_vai_tro,
        vt1_0.trang_thai 
    from
        vai_tro vt1_0 
    where
        vt1_0.id=?
Hibernate: 
    select
        vt1_0.id,
        vt1_0.ma_vai_tro,
        vt1_0.mo_ta,
        vt1_0.ngay_cap_nhat,
        vt1_0.ngay_tao,
        vt1_0.ten_vai_tro,
        vt1_0.trang_thai 
    from
        vai_tro vt1_0 
    where
        vt1_0.id=?
2026-07-17 10:03:46 [http-nio-8080-exec-5] TRACE org.hibernate.orm.jdbc.bind - binding parameter (1:INTEGER) <- [2]
2026-07-17 10:03:46 [http-nio-8080-exec-6] DEBUG org.hibernate.SQL - 
    select
        kh1_0.makh,
        kh1_0.macth,
        kh1_0.ngaybatdau,
        kh1_0.ngayketthuc,
        kh1_0.tenkhoahoc,
        kh1_0.trangthai 
    from
        khoa_hoc kh1_0
Hibernate: 
    select
        kh1_0.makh,
        kh1_0.macth,
        kh1_0.ngaybatdau,
        kh1_0.ngayketthuc,
        kh1_0.tenkhoahoc,
        kh1_0.trangthai 
    from
        khoa_hoc kh1_0
2026-07-17 10:03:46 [http-nio-8080-exec-6] DEBUG org.hibernate.SQL - 
    select
        cth1_0.macth,
        cth1_0.hangbang,
        cth1_0.hocphi,
        cth1_0.sobuoilythuyet,
        cth1_0.sobuoithuchanh,
        cth1_0.tenchuongtrinh 
    from
        chuong_trinh_hoc cth1_0 
    where
        cth1_0.macth=?
Hibernate: 
    select
        cth1_0.macth,
        cth1_0.hangbang,
        cth1_0.hocphi,
        cth1_0.sobuoilythuyet,
        cth1_0.sobuoithuchanh,
        cth1_0.tenchuongtrinh 
    from
        chuong_trinh_hoc cth1_0 
    where
        cth1_0.macth=?
2026-07-17 10:03:46 [http-nio-8080-exec-6] TRACE org.hibernate.orm.jdbc.bind - binding parameter (1:INTEGER) <- [1]
2026-07-17 10:03:46 [http-nio-8080-exec-6] DEBUG org.hibernate.SQL - 
    select
        cth1_0.macth,
        cth1_0.hangbang,
        cth1_0.hocphi,
        cth1_0.sobuoilythuyet,
        cth1_0.sobuoithuchanh,
        cth1_0.tenchuongtrinh 
    from
        chuong_trinh_hoc cth1_0 
    where
        cth1_0.macth=?
Hibernate: 
    select
        cth1_0.macth,
        cth1_0.hangbang,
        cth1_0.hocphi,
        cth1_0.sobuoilythuyet,
        cth1_0.sobuoithuchanh,
        cth1_0.tenchuongtrinh 
    from
        chuong_trinh_hoc cth1_0 
    where
        cth1_0.macth=?
2026-07-17 10:03:46 [http-nio-8080-exec-6] TRACE org.hibernate.orm.jdbc.bind - binding parameter (1:INTEGER) <- [2]
2026-07-17 10:04:35 [http-nio-8080-exec-7] DEBUG org.hibernate.SQL - 
    select
        gv1_0.magv,
        gv1_0.cccd,
        gv1_0.diachi,
        gv1_0.email,
        gv1_0.gioitinh,
        gv1_0.hangday,
        gv1_0.hoten,
        gv1_0.ngaysinh,
        gv1_0.sodienthoai 
    from
        giao_vien gv1_0
Hibernate: 
    select
        gv1_0.magv,
        gv1_0.cccd,
        gv1_0.diachi,
        gv1_0.email,
        gv1_0.gioitinh,
        gv1_0.hangday,
        gv1_0.hoten,
        gv1_0.ngaysinh,
        gv1_0.sodienthoai 
    from
        giao_vien gv1_0
2026-07-17 10:04:38 [http-nio-8080-exec-2] DEBUG org.hibernate.SQL - 
    select
        gv1_0.magv,
        gv1_0.cccd,
        gv1_0.diachi,
        gv1_0.email,
        gv1_0.gioitinh,
        gv1_0.hangday,
        gv1_0.hoten,
        gv1_0.ngaysinh,
        gv1_0.sodienthoai 
    from
        giao_vien gv1_0 
    where
        gv1_0.magv=?
Hibernate: 
    select
        gv1_0.magv,
        gv1_0.cccd,
        gv1_0.diachi,
        gv1_0.email,
        gv1_0.gioitinh,
        gv1_0.hangday,
        gv1_0.hoten,
        gv1_0.ngaysinh,
        gv1_0.sodienthoai 
    from
        giao_vien gv1_0 
    where
        gv1_0.magv=?
2026-07-17 10:04:38 [http-nio-8080-exec-2] TRACE org.hibernate.orm.jdbc.bind - binding parameter (1:INTEGER) <- [1]
2026-07-17 10:04:38 [http-nio-8080-exec-2] DEBUG org.hibernate.SQL - 
    select
        distinct hv1_0.mahv,
        hv1_0.cccd,
        hv1_0.diachi,
        hv1_0.email,
        hv1_0.gioitinh,
        hv1_0.hoten,
        hv1_0.ngaydangky,
        hv1_0.ngaysinh,
        hv1_0.sodienthoai 
    from
        lop_hoc lh1_0 
    join
        dang_ky_khoa_hoc dkkh1_0 
            on dkkh1_0.makh=lh1_0.makh 
    join
        hoc_vien hv1_0 
            on hv1_0.mahv=dkkh1_0.mahv 
    where
        lh1_0.magv=?
Hibernate: 
    select
        distinct hv1_0.mahv,
        hv1_0.cccd,
        hv1_0.diachi,
        hv1_0.email,
        hv1_0.gioitinh,
        hv1_0.hoten,
        hv1_0.ngaydangky,
        hv1_0.ngaysinh,
        hv1_0.sodienthoai 
    from
        lop_hoc lh1_0 
    join
        dang_ky_khoa_hoc dkkh1_0 
            on dkkh1_0.makh=lh1_0.makh 
    join
        hoc_vien hv1_0 
            on hv1_0.mahv=dkkh1_0.mahv 
    where
        lh1_0.magv=?
2026-07-17 10:04:38 [http-nio-8080-exec-2] TRACE org.hibernate.orm.jdbc.bind - binding parameter (1:INTEGER) <- [1]
2026-07-17 10:04:38 [http-nio-8080-exec-2] DEBUG org.hibernate.SQL - 
    select
        distinct hv1_0.mahv,
        hv1_0.cccd,
        hv1_0.diachi,
        hv1_0.email,
        hv1_0.gioitinh,
        hv1_0.hoten,
        hv1_0.ngaydangky,
        hv1_0.ngaysinh,
        hv1_0.sodienthoai 
    from
        phan_cong pc1_0 
    join
        hoc_vien hv1_0 
            on hv1_0.mahv=pc1_0.mahv 
    where
        pc1_0.magv=?
Hibernate: 
    select
        distinct hv1_0.mahv,
        hv1_0.cccd,
        hv1_0.diachi,
        hv1_0.email,
        hv1_0.gioitinh,
        hv1_0.hoten,
        hv1_0.ngaydangky,
        hv1_0.ngaysinh,
        hv1_0.sodienthoai 
    from
        phan_cong pc1_0 
    join
        hoc_vien hv1_0 
            on hv1_0.mahv=pc1_0.mahv 
    where
        pc1_0.magv=?
2026-07-17 10:04:38 [http-nio-8080-exec-2] TRACE org.hibernate.orm.jdbc.bind - binding parameter (1:INTEGER) <- [1]
2026-07-17 10:06:31 [http-nio-8080-exec-9] DEBUG org.hibernate.SQL - 
    select
        gv1_0.magv,
        gv1_0.cccd,
        gv1_0.diachi,
        gv1_0.email,
        gv1_0.gioitinh,
        gv1_0.hangday,
        gv1_0.hoten,
        gv1_0.ngaysinh,
        gv1_0.sodienthoai 
    from
        giao_vien gv1_0 
    where
        gv1_0.magv=?
Hibernate: 
    select
        gv1_0.magv,
        gv1_0.cccd,
        gv1_0.diachi,
        gv1_0.email,
        gv1_0.gioitinh,
        gv1_0.hangday,
        gv1_0.hoten,
        gv1_0.ngaysinh,
        gv1_0.sodienthoai 
    from
        giao_vien gv1_0 
    where
        gv1_0.magv=?
2026-07-17 10:06:31 [http-nio-8080-exec-9] TRACE org.hibernate.orm.jdbc.bind - binding parameter (1:INTEGER) <- [2]
2026-07-17 10:06:31 [http-nio-8080-exec-9] DEBUG org.hibernate.SQL - 
    select
        distinct hv1_0.mahv,
        hv1_0.cccd,
        hv1_0.diachi,
        hv1_0.email,
        hv1_0.gioitinh,
        hv1_0.hoten,
        hv1_0.ngaydangky,
        hv1_0.ngaysinh,
        hv1_0.sodienthoai 
    from
        lop_hoc lh1_0 
    join
        dang_ky_khoa_hoc dkkh1_0 
            on dkkh1_0.makh=lh1_0.makh 
    join
        hoc_vien hv1_0 
            on hv1_0.mahv=dkkh1_0.mahv 
    where
        lh1_0.magv=?
Hibernate: 
    select
        distinct hv1_0.mahv,
        hv1_0.cccd,
        hv1_0.diachi,
        hv1_0.email,
        hv1_0.gioitinh,
        hv1_0.hoten,
        hv1_0.ngaydangky,
        hv1_0.ngaysinh,
        hv1_0.sodienthoai 
    from
        lop_hoc lh1_0 
    join
        dang_ky_khoa_hoc dkkh1_0 
            on dkkh1_0.makh=lh1_0.makh 
    join
        hoc_vien hv1_0 
            on hv1_0.mahv=dkkh1_0.mahv 
    where
        lh1_0.magv=?
2026-07-17 10:06:31 [http-nio-8080-exec-9] TRACE org.hibernate.orm.jdbc.bind - binding parameter (1:INTEGER) <- [2]
2026-07-17 10:06:31 [http-nio-8080-exec-9] DEBUG org.hibernate.SQL - 
    select
        distinct hv1_0.mahv,
        hv1_0.cccd,
        hv1_0.diachi,
        hv1_0.email,
        hv1_0.gioitinh,
        hv1_0.hoten,
        hv1_0.ngaydangky,
        hv1_0.ngaysinh,
        hv1_0.sodienthoai 
    from
        phan_cong pc1_0 
    join
        hoc_vien hv1_0 
            on hv1_0.mahv=pc1_0.mahv 
    where
        pc1_0.magv=?
Hibernate: 
    select
        distinct hv1_0.mahv,
        hv1_0.cccd,
        hv1_0.diachi,
        hv1_0.email,
        hv1_0.gioitinh,
        hv1_0.hoten,
        hv1_0.ngaydangky,
        hv1_0.ngaysinh,
        hv1_0.sodienthoai 
    from
        phan_cong pc1_0 
    join
        hoc_vien hv1_0 
            on hv1_0.mahv=pc1_0.mahv 
    where
        pc1_0.magv=?
2026-07-17 10:06:31 [http-nio-8080-exec-9] TRACE org.hibernate.orm.jdbc.bind - binding parameter (1:INTEGER) <- [2]
2026-07-17 10:06:35 [http-nio-8080-exec-3] DEBUG org.hibernate.SQL - 
    select
        cth1_0.macth,
        cth1_0.hangbang,
        cth1_0.hocphi,
        cth1_0.sobuoilythuyet,
        cth1_0.sobuoithuchanh,
        cth1_0.tenchuongtrinh 
    from
        chuong_trinh_hoc cth1_0
Hibernate: 
    select
        cth1_0.macth,
        cth1_0.hangbang,
        cth1_0.hocphi,
        cth1_0.sobuoilythuyet,
        cth1_0.sobuoithuchanh,
        cth1_0.tenchuongtrinh 
    from
        chuong_trinh_hoc cth1_0
2026-07-17 10:06:39 [http-nio-8080-exec-5] DEBUG org.hibernate.SQL - 
    select
        kh1_0.makh,
        kh1_0.macth,
        kh1_0.ngaybatdau,
        kh1_0.ngayketthuc,
        kh1_0.tenkhoahoc,
        kh1_0.trangthai 
    from
        khoa_hoc kh1_0
Hibernate: 
    select
        kh1_0.makh,
        kh1_0.macth,
        kh1_0.ngaybatdau,
        kh1_0.ngayketthuc,
        kh1_0.tenkhoahoc,
        kh1_0.trangthai 
    from
        khoa_hoc kh1_0
2026-07-17 10:06:39 [http-nio-8080-exec-5] DEBUG org.hibernate.SQL - 
    select
        cth1_0.macth,
        cth1_0.hangbang,
        cth1_0.hocphi,
        cth1_0.sobuoilythuyet,
        cth1_0.sobuoithuchanh,
        cth1_0.tenchuongtrinh 
    from
        chuong_trinh_hoc cth1_0 
    where
        cth1_0.macth=?
Hibernate: 
    select
        cth1_0.macth,
        cth1_0.hangbang,
        cth1_0.hocphi,
        cth1_0.sobuoilythuyet,
        cth1_0.sobuoithuchanh,
        cth1_0.tenchuongtrinh 
    from
        chuong_trinh_hoc cth1_0 
    where
        cth1_0.macth=?
2026-07-17 10:06:39 [http-nio-8080-exec-5] TRACE org.hibernate.orm.jdbc.bind - binding parameter (1:INTEGER) <- [1]
2026-07-17 10:06:39 [http-nio-8080-exec-5] DEBUG org.hibernate.SQL - 
    select
        cth1_0.macth,
        cth1_0.hangbang,
        cth1_0.hocphi,
        cth1_0.sobuoilythuyet,
        cth1_0.sobuoithuchanh,
        cth1_0.tenchuongtrinh 
    from
        chuong_trinh_hoc cth1_0 
    where
        cth1_0.macth=?
Hibernate: 
    select
        cth1_0.macth,
        cth1_0.hangbang,
        cth1_0.hocphi,
        cth1_0.sobuoilythuyet,
        cth1_0.sobuoithuchanh,
        cth1_0.tenchuongtrinh 
    from
        chuong_trinh_hoc cth1_0 
    where
        cth1_0.macth=?
2026-07-17 10:06:39 [http-nio-8080-exec-5] TRACE org.hibernate.orm.jdbc.bind - binding parameter (1:INTEGER) <- [2]
2026-07-17 10:06:39 [http-nio-8080-exec-6] DEBUG org.hibernate.SQL - 
    select
        gv1_0.magv,
        gv1_0.cccd,
        gv1_0.diachi,
        gv1_0.email,
        gv1_0.gioitinh,
        gv1_0.hangday,
        gv1_0.hoten,
        gv1_0.ngaysinh,
        gv1_0.sodienthoai 
    from
        giao_vien gv1_0
Hibernate: 
    select
        gv1_0.magv,
        gv1_0.cccd,
        gv1_0.diachi,
        gv1_0.email,
        gv1_0.gioitinh,
        gv1_0.hangday,
        gv1_0.hoten,
        gv1_0.ngaysinh,
        gv1_0.sodienthoai 
    from
        giao_vien gv1_0
2026-07-17 10:06:39 [http-nio-8080-exec-7] DEBUG org.hibernate.SQL - 
    select
        lh1_0.malop,
        lh1_0.magv,
        lh1_0.makh,
        lh1_0.soluong,
        lh1_0.tenlop,
        lh1_0.trangthai 
    from
        lop_hoc lh1_0
Hibernate: 
    select
        lh1_0.malop,
        lh1_0.magv,
        lh1_0.makh,
        lh1_0.soluong,
        lh1_0.tenlop,
        lh1_0.trangthai 
    from
        lop_hoc lh1_0
2026-07-17 10:06:39 [http-nio-8080-exec-7] DEBUG org.hibernate.SQL - 
    select
        gv1_0.magv,
        gv1_0.cccd,
        gv1_0.diachi,
        gv1_0.email,
        gv1_0.gioitinh,
        gv1_0.hangday,
        gv1_0.hoten,
        gv1_0.ngaysinh,
        gv1_0.sodienthoai 
    from
        giao_vien gv1_0 
    where
        gv1_0.magv=?
Hibernate: 
    select
        gv1_0.magv,
        gv1_0.cccd,
        gv1_0.diachi,
        gv1_0.email,
        gv1_0.gioitinh,
        gv1_0.hangday,
        gv1_0.hoten,
        gv1_0.ngaysinh,
        gv1_0.sodienthoai 
    from
        giao_vien gv1_0 
    where
        gv1_0.magv=?
2026-07-17 10:06:39 [http-nio-8080-exec-7] TRACE org.hibernate.orm.jdbc.bind - binding parameter (1:INTEGER) <- [1]
2026-07-17 10:06:39 [http-nio-8080-exec-7] DEBUG org.hibernate.SQL - 
    select
        kh1_0.makh,
        cth1_0.macth,
        cth1_0.hangbang,
        cth1_0.hocphi,
        cth1_0.sobuoilythuyet,
        cth1_0.sobuoithuchanh,
        cth1_0.tenchuongtrinh,
        kh1_0.ngaybatdau,
        kh1_0.ngayketthuc,
        kh1_0.tenkhoahoc,
        kh1_0.trangthai 
    from
        khoa_hoc kh1_0 
    left join
        chuong_trinh_hoc cth1_0 
            on cth1_0.macth=kh1_0.macth 
    where
        kh1_0.makh=?
Hibernate: 
    select
        kh1_0.makh,
        cth1_0.macth,
        cth1_0.hangbang,
        cth1_0.hocphi,
        cth1_0.sobuoilythuyet,
        cth1_0.sobuoithuchanh,
        cth1_0.tenchuongtrinh,
        kh1_0.ngaybatdau,
        kh1_0.ngayketthuc,
        kh1_0.tenkhoahoc,
        kh1_0.trangthai 
    from
        khoa_hoc kh1_0 
    left join
        chuong_trinh_hoc cth1_0 
            on cth1_0.macth=kh1_0.macth 
    where
        kh1_0.makh=?
2026-07-17 10:06:39 [http-nio-8080-exec-7] TRACE org.hibernate.orm.jdbc.bind - binding parameter (1:INTEGER) <- [1]
2026-07-17 10:06:39 [http-nio-8080-exec-7] DEBUG org.hibernate.SQL - 
    select
        gv1_0.magv,
        gv1_0.cccd,
        gv1_0.diachi,
        gv1_0.email,
        gv1_0.gioitinh,
        gv1_0.hangday,
        gv1_0.hoten,
        gv1_0.ngaysinh,
        gv1_0.sodienthoai 
    from
        giao_vien gv1_0 
    where
        gv1_0.magv=?
Hibernate: 
    select
        gv1_0.magv,
        gv1_0.cccd,
        gv1_0.diachi,
        gv1_0.email,
        gv1_0.gioitinh,
        gv1_0.hangday,
        gv1_0.hoten,
        gv1_0.ngaysinh,
        gv1_0.sodienthoai 
    from
        giao_vien gv1_0 
    where
        gv1_0.magv=?
2026-07-17 10:06:39 [http-nio-8080-exec-7] TRACE org.hibernate.orm.jdbc.bind - binding parameter (1:INTEGER) <- [2]
2026-07-17 10:06:39 [http-nio-8080-exec-7] DEBUG org.hibernate.SQL - 
    select
        kh1_0.makh,
        cth1_0.macth,
        cth1_0.hangbang,
        cth1_0.hocphi,
        cth1_0.sobuoilythuyet,
        cth1_0.sobuoithuchanh,
        cth1_0.tenchuongtrinh,
        kh1_0.ngaybatdau,
        kh1_0.ngayketthuc,
        kh1_0.tenkhoahoc,
        kh1_0.trangthai 
    from
        khoa_hoc kh1_0 
    left join
        chuong_trinh_hoc cth1_0 
            on cth1_0.macth=kh1_0.macth 
    where
        kh1_0.makh=?
Hibernate: 
    select
        kh1_0.makh,
        cth1_0.macth,
        cth1_0.hangbang,
        cth1_0.hocphi,
        cth1_0.sobuoilythuyet,
        cth1_0.sobuoithuchanh,
        cth1_0.tenchuongtrinh,
        kh1_0.ngaybatdau,
        kh1_0.ngayketthuc,
        kh1_0.tenkhoahoc,
        kh1_0.trangthai 
    from
        khoa_hoc kh1_0 
    left join
        chuong_trinh_hoc cth1_0 
            on cth1_0.macth=kh1_0.macth 
    where
        kh1_0.makh=?
2026-07-17 10:06:39 [http-nio-8080-exec-7] TRACE org.hibernate.orm.jdbc.bind - binding parameter (1:INTEGER) <- [2]
2026-07-17 10:06:41 [http-nio-8080-exec-8] DEBUG org.hibernate.SQL - 
    select
        mh1_0.mamh,
        mh1_0.so_tiet,
        mh1_0.tenmonhoc 
    from
        mon_hoc mh1_0
Hibernate: 
    select
        mh1_0.mamh,
        mh1_0.so_tiet,
        mh1_0.tenmonhoc 
    from
        mon_hoc mh1_0
2026-07-17 10:06:41 [http-nio-8080-exec-10] DEBUG org.hibernate.SQL - 
    select
        ph1_0.maphong,
        ph1_0.succhua,
        ph1_0.tenphong,
        ph1_0.trangthai 
    from
        phong_hoc ph1_0
Hibernate: 
    select
        ph1_0.maphong,
        ph1_0.succhua,
        ph1_0.tenphong,
        ph1_0.trangthai 
    from
        phong_hoc ph1_0
2026-07-17 10:06:45 [http-nio-8080-exec-9] DEBUG org.hibernate.SQL - 
    select
        x1_0.maxe,
        x1_0.bienso,
        x1_0.hangxe,
        x1_0.loaixe,
        x1_0.namsanxuat,
        x1_0.trangthai 
    from
        xe x1_0
Hibernate: 
    select
        x1_0.maxe,
        x1_0.bienso,
        x1_0.hangxe,
        x1_0.loaixe,
        x1_0.namsanxuat,
        x1_0.trangthai 
    from
        xe x1_0
2026-07-17 10:06:45 [http-nio-8080-exec-3] DEBUG org.hibernate.SQL - 
    select
        xtl1_0.maxetl,
        xtl1_0.ghichu,
        xtl1_0.handangkiem,
        xtl1_0.hangbang,
        xtl1_0.ngaydangkiem,
        xtl1_0.maxe 
    from
        xe_tap_lai xtl1_0
Hibernate: 
    select
        xtl1_0.maxetl,
        xtl1_0.ghichu,
        xtl1_0.handangkiem,
        xtl1_0.hangbang,
        xtl1_0.ngaydangkiem,
        xtl1_0.maxe 
    from
        xe_tap_lai xtl1_0
2026-07-17 10:06:45 [http-nio-8080-exec-3] DEBUG org.hibernate.SQL - 
    select
        x1_0.maxe,
        x1_0.bienso,
        x1_0.hangxe,
        x1_0.loaixe,
        x1_0.namsanxuat,
        x1_0.trangthai 
    from
        xe x1_0 
    where
        x1_0.maxe=?
Hibernate: 
    select
        x1_0.maxe,
        x1_0.bienso,
        x1_0.hangxe,
        x1_0.loaixe,
        x1_0.namsanxuat,
        x1_0.trangthai 
    from
        xe x1_0 
    where
        x1_0.maxe=?
2026-07-17 10:06:45 [http-nio-8080-exec-3] TRACE org.hibernate.orm.jdbc.bind - binding parameter (1:INTEGER) <- [1]
2026-07-17 10:06:46 [http-nio-8080-exec-5] DEBUG org.hibernate.SQL - 
    select
        x1_0.maxe,
        x1_0.bienso,
        x1_0.hangxe,
        x1_0.loaixe,
        x1_0.namsanxuat,
        x1_0.trangthai 
    from
        xe x1_0
Hibernate: 
    select
        x1_0.maxe,
        x1_0.bienso,
        x1_0.hangxe,
        x1_0.loaixe,
        x1_0.namsanxuat,
        x1_0.trangthai 
    from
        xe x1_0
2026-07-17 10:06:47 [http-nio-8080-exec-6] DEBUG org.hibernate.SQL - 
    select
        x1_0.maxe,
        x1_0.bienso,
        x1_0.hangxe,
        x1_0.loaixe,
        x1_0.namsanxuat,
        x1_0.trangthai 
    from
        xe x1_0
Hibernate: 
    select
        x1_0.maxe,
        x1_0.bienso,
        x1_0.hangxe,
        x1_0.loaixe,
        x1_0.namsanxuat,
        x1_0.trangthai 
    from
        xe x1_0
2026-07-17 10:06:47 [http-nio-8080-exec-7] DEBUG org.hibernate.SQL - 
    select
        xtl1_0.maxetl,
        xtl1_0.ghichu,
        xtl1_0.handangkiem,
        xtl1_0.hangbang,
        xtl1_0.ngaydangkiem,
        xtl1_0.maxe 
    from
        xe_tap_lai xtl1_0
Hibernate: 
    select
        xtl1_0.maxetl,
        xtl1_0.ghichu,
        xtl1_0.handangkiem,
        xtl1_0.hangbang,
        xtl1_0.ngaydangkiem,
        xtl1_0.maxe 
    from
        xe_tap_lai xtl1_0
2026-07-17 10:06:47 [http-nio-8080-exec-7] DEBUG org.hibernate.SQL - 
    select
        x1_0.maxe,
        x1_0.bienso,
        x1_0.hangxe,
        x1_0.loaixe,
        x1_0.namsanxuat,
        x1_0.trangthai 
    from
        xe x1_0 
    where
        x1_0.maxe=?
Hibernate: 
    select
        x1_0.maxe,
        x1_0.bienso,
        x1_0.hangxe,
        x1_0.loaixe,
        x1_0.namsanxuat,
        x1_0.trangthai 
    from
        xe x1_0 
    where
        x1_0.maxe=?
2026-07-17 10:06:47 [http-nio-8080-exec-7] TRACE org.hibernate.orm.jdbc.bind - binding parameter (1:INTEGER) <- [1]
2026-07-17 10:06:49 [http-nio-8080-exec-8] DEBUG org.hibernate.SQL - 
    select
        x1_0.maxe,
        x1_0.bienso,
        x1_0.hangxe,
        x1_0.loaixe,
        x1_0.namsanxuat,
        x1_0.trangthai 
    from
        xe x1_0
Hibernate: 
    select
        x1_0.maxe,
        x1_0.bienso,
        x1_0.hangxe,
        x1_0.loaixe,
        x1_0.namsanxuat,
        x1_0.trangthai 
    from
        xe x1_0
2026-07-17 10:06:50 [http-nio-8080-exec-10] DEBUG org.hibernate.SQL - 
    select
        hv1_0.mahv,
        hv1_0.cccd,
        hv1_0.diachi,
        hv1_0.email,
        hv1_0.gioitinh,
        hv1_0.hoten,
        hv1_0.ngaydangky,
        hv1_0.ngaysinh,
        hv1_0.sodienthoai 
    from
        hoc_vien hv1_0
Hibernate: 
    select
        hv1_0.mahv,
        hv1_0.cccd,
        hv1_0.diachi,
        hv1_0.email,
        hv1_0.gioitinh,
        hv1_0.hoten,
        hv1_0.ngaydangky,
        hv1_0.ngaysinh,
        hv1_0.sodienthoai 
    from
        hoc_vien hv1_0
2026-07-17 10:06:50 [http-nio-8080-exec-1] DEBUG org.hibernate.SQL - 
    select
        gv1_0.magv,
        gv1_0.cccd,
        gv1_0.diachi,
        gv1_0.email,
        gv1_0.gioitinh,
        gv1_0.hangday,
        gv1_0.hoten,
        gv1_0.ngaysinh,
        gv1_0.sodienthoai 
    from
        giao_vien gv1_0
Hibernate: 
    select
        gv1_0.magv,
        gv1_0.cccd,
        gv1_0.diachi,
        gv1_0.email,
        gv1_0.gioitinh,
        gv1_0.hangday,
        gv1_0.hoten,
        gv1_0.ngaysinh,
        gv1_0.sodienthoai 
    from
        giao_vien gv1_0
2026-07-17 10:06:50 [http-nio-8080-exec-9] DEBUG org.hibernate.SQL - 
    select
        xtl1_0.maxetl,
        xtl1_0.ghichu,
        xtl1_0.handangkiem,
        xtl1_0.hangbang,
        xtl1_0.ngaydangkiem,
        xtl1_0.maxe 
    from
        xe_tap_lai xtl1_0
Hibernate: 
    select
        xtl1_0.maxetl,
        xtl1_0.ghichu,
        xtl1_0.handangkiem,
        xtl1_0.hangbang,
        xtl1_0.ngaydangkiem,
        xtl1_0.maxe 
    from
        xe_tap_lai xtl1_0
2026-07-17 10:06:50 [http-nio-8080-exec-9] DEBUG org.hibernate.SQL - 
    select
        x1_0.maxe,
        x1_0.bienso,
        x1_0.hangxe,
        x1_0.loaixe,
        x1_0.namsanxuat,
        x1_0.trangthai 
    from
        xe x1_0 
    where
        x1_0.maxe=?
Hibernate: 
    select
        x1_0.maxe,
        x1_0.bienso,
        x1_0.hangxe,
        x1_0.loaixe,
        x1_0.namsanxuat,
        x1_0.trangthai 
    from
        xe x1_0 
    where
        x1_0.maxe=?
2026-07-17 10:06:50 [http-nio-8080-exec-9] TRACE org.hibernate.orm.jdbc.bind - binding parameter (1:INTEGER) <- [1]
2026-07-17 10:06:50 [http-nio-8080-exec-3] DEBUG org.hibernate.SQL - 
    select
        pc1_0.id,
        pc1_0.ghichu,
        pc1_0.magv,
        pc1_0.mahv,
        pc1_0.ngay_phan_cong,
        pc1_0.maxetl 
    from
        phan_cong pc1_0
Hibernate: 
    select
        pc1_0.id,
        pc1_0.ghichu,
        pc1_0.magv,
        pc1_0.mahv,
        pc1_0.ngay_phan_cong,
        pc1_0.maxetl 
    from
        phan_cong pc1_0
2026-07-17 10:06:50 [http-nio-8080-exec-3] DEBUG org.hibernate.SQL - 
    select
        gv1_0.magv,
        gv1_0.cccd,
        gv1_0.diachi,
        gv1_0.email,
        gv1_0.gioitinh,
        gv1_0.hangday,
        gv1_0.hoten,
        gv1_0.ngaysinh,
        gv1_0.sodienthoai 
    from
        giao_vien gv1_0 
    where
        gv1_0.magv=?
Hibernate: 
    select
        gv1_0.magv,
        gv1_0.cccd,
        gv1_0.diachi,
        gv1_0.email,
        gv1_0.gioitinh,
        gv1_0.hangday,
        gv1_0.hoten,
        gv1_0.ngaysinh,
        gv1_0.sodienthoai 
    from
        giao_vien gv1_0 
    where
        gv1_0.magv=?
2026-07-17 10:06:50 [http-nio-8080-exec-3] TRACE org.hibernate.orm.jdbc.bind - binding parameter (1:INTEGER) <- [1]
2026-07-17 10:06:50 [http-nio-8080-exec-3] DEBUG org.hibernate.SQL - 
    select
        hv1_0.mahv,
        hv1_0.cccd,
        hv1_0.diachi,
        hv1_0.email,
        hv1_0.gioitinh,
        hv1_0.hoten,
        hv1_0.ngaydangky,
        hv1_0.ngaysinh,
        hv1_0.sodienthoai 
    from
        hoc_vien hv1_0 
    where
        hv1_0.mahv=?
Hibernate: 
    select
        hv1_0.mahv,
        hv1_0.cccd,
        hv1_0.diachi,
        hv1_0.email,
        hv1_0.gioitinh,
        hv1_0.hoten,
        hv1_0.ngaydangky,
        hv1_0.ngaysinh,
        hv1_0.sodienthoai 
    from
        hoc_vien hv1_0 
    where
        hv1_0.mahv=?
2026-07-17 10:06:50 [http-nio-8080-exec-3] TRACE org.hibernate.orm.jdbc.bind - binding parameter (1:INTEGER) <- [1]
2026-07-17 10:06:50 [http-nio-8080-exec-3] DEBUG org.hibernate.SQL - 
    select
        xtl1_0.maxetl,
        xtl1_0.ghichu,
        xtl1_0.handangkiem,
        xtl1_0.hangbang,
        xtl1_0.ngaydangkiem,
        x1_0.maxe,
        x1_0.bienso,
        x1_0.hangxe,
        x1_0.loaixe,
        x1_0.namsanxuat,
        x1_0.trangthai 
    from
        xe_tap_lai xtl1_0 
    left join
        xe x1_0 
            on x1_0.maxe=xtl1_0.maxe 
    where
        xtl1_0.maxetl=?
Hibernate: 
    select
        xtl1_0.maxetl,
        xtl1_0.ghichu,
        xtl1_0.handangkiem,
        xtl1_0.hangbang,
        xtl1_0.ngaydangkiem,
        x1_0.maxe,
        x1_0.bienso,
        x1_0.hangxe,
        x1_0.loaixe,
        x1_0.namsanxuat,
        x1_0.trangthai 
    from
        xe_tap_lai xtl1_0 
    left join
        xe x1_0 
            on x1_0.maxe=xtl1_0.maxe 
    where
        xtl1_0.maxetl=?
2026-07-17 10:06:50 [http-nio-8080-exec-3] TRACE org.hibernate.orm.jdbc.bind - binding parameter (1:INTEGER) <- [1]
2026-07-17 10:06:50 [http-nio-8080-exec-3] DEBUG org.hibernate.SQL - 
    select
        gv1_0.magv,
        gv1_0.cccd,
        gv1_0.diachi,
        gv1_0.email,
        gv1_0.gioitinh,
        gv1_0.hangday,
        gv1_0.hoten,
        gv1_0.ngaysinh,
        gv1_0.sodienthoai 
    from
        giao_vien gv1_0 
    where
        gv1_0.magv=?
Hibernate: 
    select
        gv1_0.magv,
        gv1_0.cccd,
        gv1_0.diachi,
        gv1_0.email,
        gv1_0.gioitinh,
        gv1_0.hangday,
        gv1_0.hoten,
        gv1_0.ngaysinh,
        gv1_0.sodienthoai 
    from
        giao_vien gv1_0 
    where
        gv1_0.magv=?
2026-07-17 10:06:50 [http-nio-8080-exec-3] TRACE org.hibernate.orm.jdbc.bind - binding parameter (1:INTEGER) <- [2]
2026-07-17 10:06:50 [http-nio-8080-exec-3] DEBUG org.hibernate.SQL - 
    select
        hv1_0.mahv,
        hv1_0.cccd,
        hv1_0.diachi,
        hv1_0.email,
        hv1_0.gioitinh,
        hv1_0.hoten,
        hv1_0.ngaydangky,
        hv1_0.ngaysinh,
        hv1_0.sodienthoai 
    from
        hoc_vien hv1_0 
    where
        hv1_0.mahv=?
Hibernate: 
    select
        hv1_0.mahv,
        hv1_0.cccd,
        hv1_0.diachi,
        hv1_0.email,
        hv1_0.gioitinh,
        hv1_0.hoten,
        hv1_0.ngaydangky,
        hv1_0.ngaysinh,
        hv1_0.sodienthoai 
    from
        hoc_vien hv1_0 
    where
        hv1_0.mahv=?
2026-07-17 10:06:50 [http-nio-8080-exec-3] TRACE org.hibernate.orm.jdbc.bind - binding parameter (1:INTEGER) <- [3]
2026-07-17 10:06:52 [http-nio-8080-exec-5] DEBUG org.hibernate.SQL - 
    select
        lh1_0.malop,
        lh1_0.magv,
        lh1_0.makh,
        lh1_0.soluong,
        lh1_0.tenlop,
        lh1_0.trangthai 
    from
        lop_hoc lh1_0
Hibernate: 
    select
        lh1_0.malop,
        lh1_0.magv,
        lh1_0.makh,
        lh1_0.soluong,
        lh1_0.tenlop,
        lh1_0.trangthai 
    from
        lop_hoc lh1_0
2026-07-17 10:06:52 [http-nio-8080-exec-5] DEBUG org.hibernate.SQL - 
    select
        gv1_0.magv,
        gv1_0.cccd,
        gv1_0.diachi,
        gv1_0.email,
        gv1_0.gioitinh,
        gv1_0.hangday,
        gv1_0.hoten,
        gv1_0.ngaysinh,
        gv1_0.sodienthoai 
    from
        giao_vien gv1_0 
    where
        gv1_0.magv=?
Hibernate: 
    select
        gv1_0.magv,
        gv1_0.cccd,
        gv1_0.diachi,
        gv1_0.email,
        gv1_0.gioitinh,
        gv1_0.hangday,
        gv1_0.hoten,
        gv1_0.ngaysinh,
        gv1_0.sodienthoai 
    from
        giao_vien gv1_0 
    where
        gv1_0.magv=?
2026-07-17 10:06:52 [http-nio-8080-exec-5] TRACE org.hibernate.orm.jdbc.bind - binding parameter (1:INTEGER) <- [1]
2026-07-17 10:06:52 [http-nio-8080-exec-5] DEBUG org.hibernate.SQL - 
    select
        kh1_0.makh,
        cth1_0.macth,
        cth1_0.hangbang,
        cth1_0.hocphi,
        cth1_0.sobuoilythuyet,
        cth1_0.sobuoithuchanh,
        cth1_0.tenchuongtrinh,
        kh1_0.ngaybatdau,
        kh1_0.ngayketthuc,
        kh1_0.tenkhoahoc,
        kh1_0.trangthai 
    from
        khoa_hoc kh1_0 
    left join
        chuong_trinh_hoc cth1_0 
            on cth1_0.macth=kh1_0.macth 
    where
        kh1_0.makh=?
Hibernate: 
    select
        kh1_0.makh,
        cth1_0.macth,
        cth1_0.hangbang,
        cth1_0.hocphi,
        cth1_0.sobuoilythuyet,
        cth1_0.sobuoithuchanh,
        cth1_0.tenchuongtrinh,
        kh1_0.ngaybatdau,
        kh1_0.ngayketthuc,
        kh1_0.tenkhoahoc,
        kh1_0.trangthai 
    from
        khoa_hoc kh1_0 
    left join
        chuong_trinh_hoc cth1_0 
            on cth1_0.macth=kh1_0.macth 
    where
        kh1_0.makh=?
2026-07-17 10:06:52 [http-nio-8080-exec-5] TRACE org.hibernate.orm.jdbc.bind - binding parameter (1:INTEGER) <- [1]
2026-07-17 10:06:52 [http-nio-8080-exec-5] DEBUG org.hibernate.SQL - 
    select
        gv1_0.magv,
        gv1_0.cccd,
        gv1_0.diachi,
        gv1_0.email,
        gv1_0.gioitinh,
        gv1_0.hangday,
        gv1_0.hoten,
        gv1_0.ngaysinh,
        gv1_0.sodienthoai 
    from
        giao_vien gv1_0 
    where
        gv1_0.magv=?
Hibernate: 
    select
        gv1_0.magv,
        gv1_0.cccd,
        gv1_0.diachi,
        gv1_0.email,
        gv1_0.gioitinh,
        gv1_0.hangday,
        gv1_0.hoten,
        gv1_0.ngaysinh,
        gv1_0.sodienthoai 
    from
        giao_vien gv1_0 
    where
        gv1_0.magv=?
2026-07-17 10:06:52 [http-nio-8080-exec-5] TRACE org.hibernate.orm.jdbc.bind - binding parameter (1:INTEGER) <- [2]
2026-07-17 10:06:52 [http-nio-8080-exec-5] DEBUG org.hibernate.SQL - 
    select
        kh1_0.makh,
        cth1_0.macth,
        cth1_0.hangbang,
        cth1_0.hocphi,
        cth1_0.sobuoilythuyet,
        cth1_0.sobuoithuchanh,
        cth1_0.tenchuongtrinh,
        kh1_0.ngaybatdau,
        kh1_0.ngayketthuc,
        kh1_0.tenkhoahoc,
        kh1_0.trangthai 
    from
        khoa_hoc kh1_0 
    left join
        chuong_trinh_hoc cth1_0 
            on cth1_0.macth=kh1_0.macth 
    where
        kh1_0.makh=?
Hibernate: 
    select
        kh1_0.makh,
        cth1_0.macth,
        cth1_0.hangbang,
        cth1_0.hocphi,
        cth1_0.sobuoilythuyet,
        cth1_0.sobuoithuchanh,
        cth1_0.tenchuongtrinh,
        kh1_0.ngaybatdau,
        kh1_0.ngayketthuc,
        kh1_0.tenkhoahoc,
        kh1_0.trangthai 
    from
        khoa_hoc kh1_0 
    left join
        chuong_trinh_hoc cth1_0 
            on cth1_0.macth=kh1_0.macth 
    where
        kh1_0.makh=?
2026-07-17 10:06:52 [http-nio-8080-exec-5] TRACE org.hibernate.orm.jdbc.bind - binding parameter (1:INTEGER) <- [2]
2026-07-17 10:06:53 [http-nio-8080-exec-6] DEBUG org.hibernate.SQL - 
    select
        lh1_0.malop,
        lh1_0.magv,
        lh1_0.makh,
        lh1_0.soluong,
        lh1_0.tenlop,
        lh1_0.trangthai 
    from
        lop_hoc lh1_0
Hibernate: 
    select
        lh1_0.malop,
        lh1_0.magv,
        lh1_0.makh,
        lh1_0.soluong,
        lh1_0.tenlop,
        lh1_0.trangthai 
    from
        lop_hoc lh1_0
2026-07-17 10:06:53 [http-nio-8080-exec-6] DEBUG org.hibernate.SQL - 
    select
        gv1_0.magv,
        gv1_0.cccd,
        gv1_0.diachi,
        gv1_0.email,
        gv1_0.gioitinh,
        gv1_0.hangday,
        gv1_0.hoten,
        gv1_0.ngaysinh,
        gv1_0.sodienthoai 
    from
        giao_vien gv1_0 
    where
        gv1_0.magv=?
Hibernate: 
    select
        gv1_0.magv,
        gv1_0.cccd,
        gv1_0.diachi,
        gv1_0.email,
        gv1_0.gioitinh,
        gv1_0.hangday,
        gv1_0.hoten,
        gv1_0.ngaysinh,
        gv1_0.sodienthoai 
    from
        giao_vien gv1_0 
    where
        gv1_0.magv=?
2026-07-17 10:06:53 [http-nio-8080-exec-6] TRACE org.hibernate.orm.jdbc.bind - binding parameter (1:INTEGER) <- [1]
2026-07-17 10:06:53 [http-nio-8080-exec-6] DEBUG org.hibernate.SQL - 
    select
        kh1_0.makh,
        cth1_0.macth,
        cth1_0.hangbang,
        cth1_0.hocphi,
        cth1_0.sobuoilythuyet,
        cth1_0.sobuoithuchanh,
        cth1_0.tenchuongtrinh,
        kh1_0.ngaybatdau,
        kh1_0.ngayketthuc,
        kh1_0.tenkhoahoc,
        kh1_0.trangthai 
    from
        khoa_hoc kh1_0 
    left join
        chuong_trinh_hoc cth1_0 
            on cth1_0.macth=kh1_0.macth 
    where
        kh1_0.makh=?
Hibernate: 
    select
        kh1_0.makh,
        cth1_0.macth,
        cth1_0.hangbang,
        cth1_0.hocphi,
        cth1_0.sobuoilythuyet,
        cth1_0.sobuoithuchanh,
        cth1_0.tenchuongtrinh,
        kh1_0.ngaybatdau,
        kh1_0.ngayketthuc,
        kh1_0.tenkhoahoc,
        kh1_0.trangthai 
    from
        khoa_hoc kh1_0 
    left join
        chuong_trinh_hoc cth1_0 
            on cth1_0.macth=kh1_0.macth 
    where
        kh1_0.makh=?
2026-07-17 10:06:53 [http-nio-8080-exec-6] TRACE org.hibernate.orm.jdbc.bind - binding parameter (1:INTEGER) <- [1]
2026-07-17 10:06:53 [http-nio-8080-exec-6] DEBUG org.hibernate.SQL - 
    select
        gv1_0.magv,
        gv1_0.cccd,
        gv1_0.diachi,
        gv1_0.email,
        gv1_0.gioitinh,
        gv1_0.hangday,
        gv1_0.hoten,
        gv1_0.ngaysinh,
        gv1_0.sodienthoai 
    from
        giao_vien gv1_0 
    where
        gv1_0.magv=?
Hibernate: 
    select
        gv1_0.magv,
        gv1_0.cccd,
        gv1_0.diachi,
        gv1_0.email,
        gv1_0.gioitinh,
        gv1_0.hangday,
        gv1_0.hoten,
        gv1_0.ngaysinh,
        gv1_0.sodienthoai 
    from
        giao_vien gv1_0 
    where
        gv1_0.magv=?
2026-07-17 10:06:53 [http-nio-8080-exec-6] TRACE org.hibernate.orm.jdbc.bind - binding parameter (1:INTEGER) <- [2]
2026-07-17 10:06:53 [http-nio-8080-exec-6] DEBUG org.hibernate.SQL - 
    select
        kh1_0.makh,
        cth1_0.macth,
        cth1_0.hangbang,
        cth1_0.hocphi,
        cth1_0.sobuoilythuyet,
        cth1_0.sobuoithuchanh,
        cth1_0.tenchuongtrinh,
        kh1_0.ngaybatdau,
        kh1_0.ngayketthuc,
        kh1_0.tenkhoahoc,
        kh1_0.trangthai 
    from
        khoa_hoc kh1_0 
    left join
        chuong_trinh_hoc cth1_0 
            on cth1_0.macth=kh1_0.macth 
    where
        kh1_0.makh=?
Hibernate: 
    select
        kh1_0.makh,
        cth1_0.macth,
        cth1_0.hangbang,
        cth1_0.hocphi,
        cth1_0.sobuoilythuyet,
        cth1_0.sobuoithuchanh,
        cth1_0.tenchuongtrinh,
        kh1_0.ngaybatdau,
        kh1_0.ngayketthuc,
        kh1_0.tenkhoahoc,
        kh1_0.trangthai 
    from
        khoa_hoc kh1_0 
    left join
        chuong_trinh_hoc cth1_0 
            on cth1_0.macth=kh1_0.macth 
    where
        kh1_0.makh=?
2026-07-17 10:06:53 [http-nio-8080-exec-6] TRACE org.hibernate.orm.jdbc.bind - binding parameter (1:INTEGER) <- [2]
2026-07-17 10:06:53 [http-nio-8080-exec-7] DEBUG org.hibernate.SQL - 
    select
        mh1_0.mamh,
        mh1_0.so_tiet,
        mh1_0.tenmonhoc 
    from
        mon_hoc mh1_0
Hibernate: 
    select
        mh1_0.mamh,
        mh1_0.so_tiet,
        mh1_0.tenmonhoc 
    from
        mon_hoc mh1_0
2026-07-17 10:06:54 [http-nio-8080-exec-8] DEBUG org.hibernate.SQL - 
    select
        ct1_0.macathi,
        ct1_0.gio_bat_dau,
        ct1_0.gio_ket_thuc,
        ct1_0.ten_ca 
    from
        ca_thi ct1_0
Hibernate: 
    select
        ct1_0.macathi,
        ct1_0.gio_bat_dau,
        ct1_0.gio_ket_thuc,
        ct1_0.ten_ca 
    from
        ca_thi ct1_0
2026-07-17 10:07:41 [http-nio-8080-exec-2] DEBUG org.hibernate.SQL - 
    select
        kh1_0.makh,
        kh1_0.macth,
        kh1_0.ngaybatdau,
        kh1_0.ngayketthuc,
        kh1_0.tenkhoahoc,
        kh1_0.trangthai 
    from
        khoa_hoc kh1_0
Hibernate: 
    select
        kh1_0.makh,
        kh1_0.macth,
        kh1_0.ngaybatdau,
        kh1_0.ngayketthuc,
        kh1_0.tenkhoahoc,
        kh1_0.trangthai 
    from
        khoa_hoc kh1_0
2026-07-17 10:07:41 [http-nio-8080-exec-2] DEBUG org.hibernate.SQL - 
    select
        cth1_0.macth,
        cth1_0.hangbang,
        cth1_0.hocphi,
        cth1_0.sobuoilythuyet,
        cth1_0.sobuoithuchanh,
        cth1_0.tenchuongtrinh 
    from
        chuong_trinh_hoc cth1_0 
    where
        cth1_0.macth=?
Hibernate: 
    select
        cth1_0.macth,
        cth1_0.hangbang,
        cth1_0.hocphi,
        cth1_0.sobuoilythuyet,
        cth1_0.sobuoithuchanh,
        cth1_0.tenchuongtrinh 
    from
        chuong_trinh_hoc cth1_0 
    where
        cth1_0.macth=?
2026-07-17 10:07:41 [http-nio-8080-exec-2] TRACE org.hibernate.orm.jdbc.bind - binding parameter (1:INTEGER) <- [1]
2026-07-17 10:07:41 [http-nio-8080-exec-2] DEBUG org.hibernate.SQL - 
    select
        cth1_0.macth,
        cth1_0.hangbang,
        cth1_0.hocphi,
        cth1_0.sobuoilythuyet,
        cth1_0.sobuoithuchanh,
        cth1_0.tenchuongtrinh 
    from
        chuong_trinh_hoc cth1_0 
    where
        cth1_0.macth=?
Hibernate: 
    select
        cth1_0.macth,
        cth1_0.hangbang,
        cth1_0.hocphi,
        cth1_0.sobuoilythuyet,
        cth1_0.sobuoithuchanh,
        cth1_0.tenchuongtrinh 
    from
        chuong_trinh_hoc cth1_0 
    where
        cth1_0.macth=?
2026-07-17 10:07:41 [http-nio-8080-exec-2] TRACE org.hibernate.orm.jdbc.bind - binding parameter (1:INTEGER) <- [2]
2026-07-17 10:07:41 [http-nio-8080-exec-10] DEBUG org.hibernate.SQL - 
    select
        pt1_0.maphongthi,
        pt1_0.diadiem,
        pt1_0.succhua,
        pt1_0.tenphong,
        pt1_0.trangthai 
    from
        phong_thi pt1_0
Hibernate: 
    select
        pt1_0.maphongthi,
        pt1_0.diadiem,
        pt1_0.succhua,
        pt1_0.tenphong,
        pt1_0.trangthai 
    from
        phong_thi pt1_0
2026-07-17 10:07:41 [http-nio-8080-exec-1] DEBUG org.hibernate.SQL - 
    select
        ct1_0.macathi,
        ct1_0.gio_bat_dau,
        ct1_0.gio_ket_thuc,
        ct1_0.ten_ca 
    from
        ca_thi ct1_0
Hibernate: 
    select
        ct1_0.macathi,
        ct1_0.gio_bat_dau,
        ct1_0.gio_ket_thuc,
        ct1_0.ten_ca 
    from
        ca_thi ct1_0
2026-07-17 10:07:41 [http-nio-8080-exec-9] DEBUG org.hibernate.SQL - 
    select
        lt1_0.malichthi,
        lt1_0.macathi,
        lt1_0.ghichu,
        lt1_0.ngaythi,
        lt1_0.maphongthi 
    from
        lich_thi lt1_0
Hibernate: 
    select
        lt1_0.malichthi,
        lt1_0.macathi,
        lt1_0.ghichu,
        lt1_0.ngaythi,
        lt1_0.maphongthi 
    from
        lich_thi lt1_0
2026-07-17 10:07:41 [http-nio-8080-exec-9] DEBUG org.hibernate.SQL - 
    select
        ct1_0.macathi,
        ct1_0.gio_bat_dau,
        ct1_0.gio_ket_thuc,
        ct1_0.ten_ca 
    from
        ca_thi ct1_0 
    where
        ct1_0.macathi=?
Hibernate: 
    select
        ct1_0.macathi,
        ct1_0.gio_bat_dau,
        ct1_0.gio_ket_thuc,
        ct1_0.ten_ca 
    from
        ca_thi ct1_0 
    where
        ct1_0.macathi=?
2026-07-17 10:07:41 [http-nio-8080-exec-9] TRACE org.hibernate.orm.jdbc.bind - binding parameter (1:INTEGER) <- [1]
2026-07-17 10:07:41 [http-nio-8080-exec-9] DEBUG org.hibernate.SQL - 
    select
        pt1_0.maphongthi,
        pt1_0.diadiem,
        pt1_0.succhua,
        pt1_0.tenphong,
        pt1_0.trangthai 
    from
        phong_thi pt1_0 
    where
        pt1_0.maphongthi=?
Hibernate: 
    select
        pt1_0.maphongthi,
        pt1_0.diadiem,
        pt1_0.succhua,
        pt1_0.tenphong,
        pt1_0.trangthai 
    from
        phong_thi pt1_0 
    where
        pt1_0.maphongthi=?
2026-07-17 10:07:41 [http-nio-8080-exec-9] TRACE org.hibernate.orm.jdbc.bind - binding parameter (1:INTEGER) <- [1]
2026-07-17 10:07:41 [http-nio-8080-exec-9] DEBUG org.hibernate.SQL - 
    select
        ct1_0.macathi,
        ct1_0.gio_bat_dau,
        ct1_0.gio_ket_thuc,
        ct1_0.ten_ca 
    from
        ca_thi ct1_0 
    where
        ct1_0.macathi=?
Hibernate: 
    select
        ct1_0.macathi,
        ct1_0.gio_bat_dau,
        ct1_0.gio_ket_thuc,
        ct1_0.ten_ca 
    from
        ca_thi ct1_0 
    where
        ct1_0.macathi=?
2026-07-17 10:07:41 [http-nio-8080-exec-9] TRACE org.hibernate.orm.jdbc.bind - binding parameter (1:INTEGER) <- [2]
2026-07-17 10:07:41 [http-nio-8080-exec-9] DEBUG org.hibernate.SQL - 
    select
        pt1_0.maphongthi,
        pt1_0.diadiem,
        pt1_0.succhua,
        pt1_0.tenphong,
        pt1_0.trangthai 
    from
        phong_thi pt1_0 
    where
        pt1_0.maphongthi=?
Hibernate: 
    select
        pt1_0.maphongthi,
        pt1_0.diadiem,
        pt1_0.succhua,
        pt1_0.tenphong,
        pt1_0.trangthai 
    from
        phong_thi pt1_0 
    where
        pt1_0.maphongthi=?
2026-07-17 10:07:41 [http-nio-8080-exec-9] TRACE org.hibernate.orm.jdbc.bind - binding parameter (1:INTEGER) <- [2]
2026-07-17 10:07:43 [http-nio-8080-exec-4] DEBUG org.hibernate.SQL - 
    select
        tsh1_0.mathi,
        tsh1_0.ghichu,
        tsh1_0.mahv,
        tsh1_0.ketqua,
        tsh1_0.malichthi,
        tsh1_0.ngaythi 
    from
        thi_sat_hach tsh1_0
Hibernate: 
    select
        tsh1_0.mathi,
        tsh1_0.ghichu,
        tsh1_0.mahv,
        tsh1_0.ketqua,
        tsh1_0.malichthi,
        tsh1_0.ngaythi 
    from
        thi_sat_hach tsh1_0
2026-07-17 10:07:43 [http-nio-8080-exec-4] DEBUG org.hibernate.SQL - 
    select
        hv1_0.mahv,
        hv1_0.cccd,
        hv1_0.diachi,
        hv1_0.email,
        hv1_0.gioitinh,
        hv1_0.hoten,
        hv1_0.ngaydangky,
        hv1_0.ngaysinh,
        hv1_0.sodienthoai 
    from
        hoc_vien hv1_0 
    where
        hv1_0.mahv=?
Hibernate: 
    select
        hv1_0.mahv,
        hv1_0.cccd,
        hv1_0.diachi,
        hv1_0.email,
        hv1_0.gioitinh,
        hv1_0.hoten,
        hv1_0.ngaydangky,
        hv1_0.ngaysinh,
        hv1_0.sodienthoai 
    from
        hoc_vien hv1_0 
    where
        hv1_0.mahv=?
2026-07-17 10:07:43 [http-nio-8080-exec-4] TRACE org.hibernate.orm.jdbc.bind - binding parameter (1:INTEGER) <- [1]
2026-07-17 10:07:44 [http-nio-8080-exec-3] DEBUG org.hibernate.SQL - 
    select
        kh1_0.makh,
        kh1_0.macth,
        kh1_0.ngaybatdau,
        kh1_0.ngayketthuc,
        kh1_0.tenkhoahoc,
        kh1_0.trangthai 
    from
        khoa_hoc kh1_0
Hibernate: 
    select
        kh1_0.makh,
        kh1_0.macth,
        kh1_0.ngaybatdau,
        kh1_0.ngayketthuc,
        kh1_0.tenkhoahoc,
        kh1_0.trangthai 
    from
        khoa_hoc kh1_0
2026-07-17 10:07:44 [http-nio-8080-exec-3] DEBUG org.hibernate.SQL - 
    select
        cth1_0.macth,
        cth1_0.hangbang,
        cth1_0.hocphi,
        cth1_0.sobuoilythuyet,
        cth1_0.sobuoithuchanh,
        cth1_0.tenchuongtrinh 
    from
        chuong_trinh_hoc cth1_0 
    where
        cth1_0.macth=?
Hibernate: 
    select
        cth1_0.macth,
        cth1_0.hangbang,
        cth1_0.hocphi,
        cth1_0.sobuoilythuyet,
        cth1_0.sobuoithuchanh,
        cth1_0.tenchuongtrinh 
    from
        chuong_trinh_hoc cth1_0 
    where
        cth1_0.macth=?
2026-07-17 10:07:44 [http-nio-8080-exec-3] TRACE org.hibernate.orm.jdbc.bind - binding parameter (1:INTEGER) <- [1]
2026-07-17 10:07:44 [http-nio-8080-exec-3] DEBUG org.hibernate.SQL - 
    select
        cth1_0.macth,
        cth1_0.hangbang,
        cth1_0.hocphi,
        cth1_0.sobuoilythuyet,
        cth1_0.sobuoithuchanh,
        cth1_0.tenchuongtrinh 
    from
        chuong_trinh_hoc cth1_0 
    where
        cth1_0.macth=?
Hibernate: 
    select
        cth1_0.macth,
        cth1_0.hangbang,
        cth1_0.hocphi,
        cth1_0.sobuoilythuyet,
        cth1_0.sobuoithuchanh,
        cth1_0.tenchuongtrinh 
    from
        chuong_trinh_hoc cth1_0 
    where
        cth1_0.macth=?
2026-07-17 10:07:44 [http-nio-8080-exec-3] TRACE org.hibernate.orm.jdbc.bind - binding parameter (1:INTEGER) <- [2]
2026-07-17 10:07:44 [http-nio-8080-exec-5] DEBUG org.hibernate.SQL - 
    select
        pt1_0.maphongthi,
        pt1_0.diadiem,
        pt1_0.succhua,
        pt1_0.tenphong,
        pt1_0.trangthai 
    from
        phong_thi pt1_0
Hibernate: 
    select
        pt1_0.maphongthi,
        pt1_0.diadiem,
        pt1_0.succhua,
        pt1_0.tenphong,
        pt1_0.trangthai 
    from
        phong_thi pt1_0
2026-07-17 10:07:44 [http-nio-8080-exec-6] DEBUG org.hibernate.SQL - 
    select
        ct1_0.macathi,
        ct1_0.gio_bat_dau,
        ct1_0.gio_ket_thuc,
        ct1_0.ten_ca 
    from
        ca_thi ct1_0
Hibernate: 
    select
        ct1_0.macathi,
        ct1_0.gio_bat_dau,
        ct1_0.gio_ket_thuc,
        ct1_0.ten_ca 
    from
        ca_thi ct1_0
2026-07-17 10:07:44 [http-nio-8080-exec-7] DEBUG org.hibernate.SQL - 
    select
        lt1_0.malichthi,
        lt1_0.macathi,
        lt1_0.ghichu,
        lt1_0.ngaythi,
        lt1_0.maphongthi 
    from
        lich_thi lt1_0
Hibernate: 
    select
        lt1_0.malichthi,
        lt1_0.macathi,
        lt1_0.ghichu,
        lt1_0.ngaythi,
        lt1_0.maphongthi 
    from
        lich_thi lt1_0
2026-07-17 10:07:44 [http-nio-8080-exec-7] DEBUG org.hibernate.SQL - 
    select
        ct1_0.macathi,
        ct1_0.gio_bat_dau,
        ct1_0.gio_ket_thuc,
        ct1_0.ten_ca 
    from
        ca_thi ct1_0 
    where
        ct1_0.macathi=?
Hibernate: 
    select
        ct1_0.macathi,
        ct1_0.gio_bat_dau,
        ct1_0.gio_ket_thuc,
        ct1_0.ten_ca 
    from
        ca_thi ct1_0 
    where
        ct1_0.macathi=?
2026-07-17 10:07:44 [http-nio-8080-exec-7] TRACE org.hibernate.orm.jdbc.bind - binding parameter (1:INTEGER) <- [1]
2026-07-17 10:07:44 [http-nio-8080-exec-7] DEBUG org.hibernate.SQL - 
    select
        pt1_0.maphongthi,
        pt1_0.diadiem,
        pt1_0.succhua,
        pt1_0.tenphong,
        pt1_0.trangthai 
    from
        phong_thi pt1_0 
    where
        pt1_0.maphongthi=?
Hibernate: 
    select
        pt1_0.maphongthi,
        pt1_0.diadiem,
        pt1_0.succhua,
        pt1_0.tenphong,
        pt1_0.trangthai 
    from
        phong_thi pt1_0 
    where
        pt1_0.maphongthi=?
2026-07-17 10:07:44 [http-nio-8080-exec-7] TRACE org.hibernate.orm.jdbc.bind - binding parameter (1:INTEGER) <- [1]
2026-07-17 10:07:44 [http-nio-8080-exec-7] DEBUG org.hibernate.SQL - 
    select
        ct1_0.macathi,
        ct1_0.gio_bat_dau,
        ct1_0.gio_ket_thuc,
        ct1_0.ten_ca 
    from
        ca_thi ct1_0 
    where
        ct1_0.macathi=?
Hibernate: 
    select
        ct1_0.macathi,
        ct1_0.gio_bat_dau,
        ct1_0.gio_ket_thuc,
        ct1_0.ten_ca 
    from
        ca_thi ct1_0 
    where
        ct1_0.macathi=?
2026-07-17 10:07:44 [http-nio-8080-exec-7] TRACE org.hibernate.orm.jdbc.bind - binding parameter (1:INTEGER) <- [2]
2026-07-17 10:07:44 [http-nio-8080-exec-7] DEBUG org.hibernate.SQL - 
    select
        pt1_0.maphongthi,
        pt1_0.diadiem,
        pt1_0.succhua,
        pt1_0.tenphong,
        pt1_0.trangthai 
    from
        phong_thi pt1_0 
    where
        pt1_0.maphongthi=?
Hibernate: 
    select
        pt1_0.maphongthi,
        pt1_0.diadiem,
        pt1_0.succhua,
        pt1_0.tenphong,
        pt1_0.trangthai 
    from
        phong_thi pt1_0 
    where
        pt1_0.maphongthi=?
2026-07-17 10:07:44 [http-nio-8080-exec-7] TRACE org.hibernate.orm.jdbc.bind - binding parameter (1:INTEGER) <- [2]
2026-07-17 10:07:47 [http-nio-8080-exec-8] DEBUG org.hibernate.SQL - 
    select
        tsh1_0.mathi,
        tsh1_0.ghichu,
        tsh1_0.mahv,
        tsh1_0.ketqua,
        tsh1_0.malichthi,
        tsh1_0.ngaythi 
    from
        thi_sat_hach tsh1_0
Hibernate: 
    select
        tsh1_0.mathi,
        tsh1_0.ghichu,
        tsh1_0.mahv,
        tsh1_0.ketqua,
        tsh1_0.malichthi,
        tsh1_0.ngaythi 
    from
        thi_sat_hach tsh1_0
2026-07-17 10:07:47 [http-nio-8080-exec-8] DEBUG org.hibernate.SQL - 
    select
        hv1_0.mahv,
        hv1_0.cccd,
        hv1_0.diachi,
        hv1_0.email,
        hv1_0.gioitinh,
        hv1_0.hoten,
        hv1_0.ngaydangky,
        hv1_0.ngaysinh,
        hv1_0.sodienthoai 
    from
        hoc_vien hv1_0 
    where
        hv1_0.mahv=?
Hibernate: 
    select
        hv1_0.mahv,
        hv1_0.cccd,
        hv1_0.diachi,
        hv1_0.email,
        hv1_0.gioitinh,
        hv1_0.hoten,
        hv1_0.ngaydangky,
        hv1_0.ngaysinh,
        hv1_0.sodienthoai 
    from
        hoc_vien hv1_0 
    where
        hv1_0.mahv=?
2026-07-17 10:07:47 [http-nio-8080-exec-8] TRACE org.hibernate.orm.jdbc.bind - binding parameter (1:INTEGER) <- [1]
2026-07-17 10:07:48 [http-nio-8080-exec-2] DEBUG org.hibernate.SQL - 
    select
        tk1_0.id,
        tk1_0.anh,
        tk1_0.cccd,
        tk1_0.email,
        tk1_0.ho_ten,
        tk1_0.khoa_den,
        tk1_0.lan_dang_nhap_cuoi,
        tk1_0.mat_khau,
        tk1_0.ngay_cap_nhat,
        tk1_0.ngay_tao,
        tk1_0.nguoi_tao_id,
        tk1_0.so_dien_thoai,
        tk1_0.so_lan_dang_nhap_sai,
        tk1_0.ten_dang_nhap,
        tk1_0.trang_thai,
        tk1_0.vai_tro_id 
    from
        tai_khoan tk1_0 
    where
        tk1_0.ten_dang_nhap=?
Hibernate: 
    select
        tk1_0.id,
        tk1_0.anh,
        tk1_0.cccd,
        tk1_0.email,
        tk1_0.ho_ten,
        tk1_0.khoa_den,
        tk1_0.lan_dang_nhap_cuoi,
        tk1_0.mat_khau,
        tk1_0.ngay_cap_nhat,
        tk1_0.ngay_tao,
        tk1_0.nguoi_tao_id,
        tk1_0.so_dien_thoai,
        tk1_0.so_lan_dang_nhap_sai,
        tk1_0.ten_dang_nhap,
        tk1_0.trang_thai,
        tk1_0.vai_tro_id 
    from
        tai_khoan tk1_0 
    where
        tk1_0.ten_dang_nhap=?
2026-07-17 10:07:48 [http-nio-8080-exec-2] TRACE org.hibernate.orm.jdbc.bind - binding parameter (1:VARCHAR) <- [giaovien1]
2026-07-17 10:07:48 [http-nio-8080-exec-2] DEBUG org.hibernate.SQL - 
    select
        vt1_0.id,
        vt1_0.ma_vai_tro,
        vt1_0.mo_ta,
        vt1_0.ngay_cap_nhat,
        vt1_0.ngay_tao,
        vt1_0.ten_vai_tro,
        vt1_0.trang_thai 
    from
        vai_tro vt1_0 
    where
        vt1_0.id=?
Hibernate: 
    select
        vt1_0.id,
        vt1_0.ma_vai_tro,
        vt1_0.mo_ta,
        vt1_0.ngay_cap_nhat,
        vt1_0.ngay_tao,
        vt1_0.ten_vai_tro,
        vt1_0.trang_thai 
    from
        vai_tro vt1_0 
    where
        vt1_0.id=?
2026-07-17 10:07:48 [http-nio-8080-exec-2] TRACE org.hibernate.orm.jdbc.bind - binding parameter (1:INTEGER) <- [2]
2026-07-17 10:07:48 [http-nio-8080-exec-10] DEBUG org.hibernate.SQL - 
    select
        tk1_0.id,
        tk1_0.anh,
        tk1_0.cccd,
        tk1_0.email,
        tk1_0.ho_ten,
        tk1_0.khoa_den,
        tk1_0.lan_dang_nhap_cuoi,
        tk1_0.mat_khau,
        tk1_0.ngay_cap_nhat,
        tk1_0.ngay_tao,
        tk1_0.nguoi_tao_id,
        tk1_0.so_dien_thoai,
        tk1_0.so_lan_dang_nhap_sai,
        tk1_0.ten_dang_nhap,
        tk1_0.trang_thai,
        tk1_0.vai_tro_id 
    from
        tai_khoan tk1_0 
    where
        tk1_0.ten_dang_nhap=?
Hibernate: 
    select
        tk1_0.id,
        tk1_0.anh,
        tk1_0.cccd,
        tk1_0.email,
        tk1_0.ho_ten,
        tk1_0.khoa_den,
        tk1_0.lan_dang_nhap_cuoi,
        tk1_0.mat_khau,
        tk1_0.ngay_cap_nhat,
        tk1_0.ngay_tao,
        tk1_0.nguoi_tao_id,
        tk1_0.so_dien_thoai,
        tk1_0.so_lan_dang_nhap_sai,
        tk1_0.ten_dang_nhap,
        tk1_0.trang_thai,
        tk1_0.vai_tro_id 
    from
        tai_khoan tk1_0 
    where
        tk1_0.ten_dang_nhap=?
2026-07-17 10:07:48 [http-nio-8080-exec-10] TRACE org.hibernate.orm.jdbc.bind - binding parameter (1:VARCHAR) <- [giaovien1]
2026-07-17 10:07:48 [http-nio-8080-exec-10] DEBUG org.hibernate.SQL - 
    select
        vt1_0.id,
        vt1_0.ma_vai_tro,
        vt1_0.mo_ta,
        vt1_0.ngay_cap_nhat,
        vt1_0.ngay_tao,
        vt1_0.ten_vai_tro,
        vt1_0.trang_thai 
    from
        vai_tro vt1_0 
    where
        vt1_0.id=?
Hibernate: 
    select
        vt1_0.id,
        vt1_0.ma_vai_tro,
        vt1_0.mo_ta,
        vt1_0.ngay_cap_nhat,
        vt1_0.ngay_tao,
        vt1_0.ten_vai_tro,
        vt1_0.trang_thai 
    from
        vai_tro vt1_0 
    where
        vt1_0.id=?
2026-07-17 10:07:48 [http-nio-8080-exec-10] TRACE org.hibernate.orm.jdbc.bind - binding parameter (1:INTEGER) <- [2]
2026-07-17 10:07:48 [http-nio-8080-exec-10] DEBUG org.hibernate.SQL - 
    select
        acd1_0.id,
        acd1_0.ghichu,
        acd1_0.matk,
        acd1_0.ngaytao,
        acd1_0.trangthai,
        acd1_0.url 
    from
        anh_cho_duyet acd1_0 
    where
        acd1_0.matk=?
Hibernate: 
    select
        acd1_0.id,
        acd1_0.ghichu,
        acd1_0.matk,
        acd1_0.ngaytao,
        acd1_0.trangthai,
        acd1_0.url 
    from
        anh_cho_duyet acd1_0 
    where
        acd1_0.matk=?
2026-07-17 10:07:48 [http-nio-8080-exec-10] TRACE org.hibernate.orm.jdbc.bind - binding parameter (1:INTEGER) <- [2]
2026-07-17 10:08:01 [http-nio-8080-exec-4] DEBUG org.hibernate.SQL - 
    select
        tk1_0.id,
        tk1_0.anh,
        tk1_0.cccd,
        tk1_0.email,
        tk1_0.ho_ten,
        tk1_0.khoa_den,
        tk1_0.lan_dang_nhap_cuoi,
        tk1_0.mat_khau,
        tk1_0.ngay_cap_nhat,
        tk1_0.ngay_tao,
        tk1_0.nguoi_tao_id,
        tk1_0.so_dien_thoai,
        tk1_0.so_lan_dang_nhap_sai,
        tk1_0.ten_dang_nhap,
        tk1_0.trang_thai,
        tk1_0.vai_tro_id 
    from
        tai_khoan tk1_0 
    where
        tk1_0.ten_dang_nhap=?
Hibernate: 
    select
        tk1_0.id,
        tk1_0.anh,
        tk1_0.cccd,
        tk1_0.email,
        tk1_0.ho_ten,
        tk1_0.khoa_den,
        tk1_0.lan_dang_nhap_cuoi,
        tk1_0.mat_khau,
        tk1_0.ngay_cap_nhat,
        tk1_0.ngay_tao,
        tk1_0.nguoi_tao_id,
        tk1_0.so_dien_thoai,
        tk1_0.so_lan_dang_nhap_sai,
        tk1_0.ten_dang_nhap,
        tk1_0.trang_thai,
        tk1_0.vai_tro_id 
    from
        tai_khoan tk1_0 
    where
        tk1_0.ten_dang_nhap=?
2026-07-17 10:08:01 [http-nio-8080-exec-4] TRACE org.hibernate.orm.jdbc.bind - binding parameter (1:VARCHAR) <- [h?cvien1]
2026-07-17 10:08:17 [http-nio-8080-exec-3] DEBUG org.hibernate.SQL - 
    select
        tk1_0.id,
        tk1_0.anh,
        tk1_0.cccd,
        tk1_0.email,
        tk1_0.ho_ten,
        tk1_0.khoa_den,
        tk1_0.lan_dang_nhap_cuoi,
        tk1_0.mat_khau,
        tk1_0.ngay_cap_nhat,
        tk1_0.ngay_tao,
        tk1_0.nguoi_tao_id,
        tk1_0.so_dien_thoai,
        tk1_0.so_lan_dang_nhap_sai,
        tk1_0.ten_dang_nhap,
        tk1_0.trang_thai,
        tk1_0.vai_tro_id 
    from
        tai_khoan tk1_0 
    where
        tk1_0.ten_dang_nhap=?
Hibernate: 
    select
        tk1_0.id,
        tk1_0.anh,
        tk1_0.cccd,
        tk1_0.email,
        tk1_0.ho_ten,
        tk1_0.khoa_den,
        tk1_0.lan_dang_nhap_cuoi,
        tk1_0.mat_khau,
        tk1_0.ngay_cap_nhat,
        tk1_0.ngay_tao,
        tk1_0.nguoi_tao_id,
        tk1_0.so_dien_thoai,
        tk1_0.so_lan_dang_nhap_sai,
        tk1_0.ten_dang_nhap,
        tk1_0.trang_thai,
        tk1_0.vai_tro_id 
    from
        tai_khoan tk1_0 
    where
        tk1_0.ten_dang_nhap=?
2026-07-17 10:08:17 [http-nio-8080-exec-3] TRACE org.hibernate.orm.jdbc.bind - binding parameter (1:VARCHAR) <- [hocvien1]
2026-07-17 10:08:17 [http-nio-8080-exec-3] DEBUG org.hibernate.SQL - 
    select
        vt1_0.id,
        vt1_0.ma_vai_tro,
        vt1_0.mo_ta,
        vt1_0.ngay_cap_nhat,
        vt1_0.ngay_tao,
        vt1_0.ten_vai_tro,
        vt1_0.trang_thai 
    from
        vai_tro vt1_0 
    where
        vt1_0.id=?
Hibernate: 
    select
        vt1_0.id,
        vt1_0.ma_vai_tro,
        vt1_0.mo_ta,
        vt1_0.ngay_cap_nhat,
        vt1_0.ngay_tao,
        vt1_0.ten_vai_tro,
        vt1_0.trang_thai 
    from
        vai_tro vt1_0 
    where
        vt1_0.id=?
2026-07-17 10:08:17 [http-nio-8080-exec-3] TRACE org.hibernate.orm.jdbc.bind - binding parameter (1:INTEGER) <- [3]
2026-07-17 10:08:17 [http-nio-8080-exec-3] DEBUG org.hibernate.SQL - 
    select
        tk1_0.id,
        tk1_0.anh,
        tk1_0.cccd,
        tk1_0.email,
        tk1_0.ho_ten,
        tk1_0.khoa_den,
        tk1_0.lan_dang_nhap_cuoi,
        tk1_0.mat_khau,
        tk1_0.ngay_cap_nhat,
        tk1_0.ngay_tao,
        tk1_0.nguoi_tao_id,
        tk1_0.so_dien_thoai,
        tk1_0.so_lan_dang_nhap_sai,
        tk1_0.ten_dang_nhap,
        tk1_0.trang_thai,
        tk1_0.vai_tro_id 
    from
        tai_khoan tk1_0 
    where
        tk1_0.ten_dang_nhap=?
Hibernate: 
    select
        tk1_0.id,
        tk1_0.anh,
        tk1_0.cccd,
        tk1_0.email,
        tk1_0.ho_ten,
        tk1_0.khoa_den,
        tk1_0.lan_dang_nhap_cuoi,
        tk1_0.mat_khau,
        tk1_0.ngay_cap_nhat,
        tk1_0.ngay_tao,
        tk1_0.nguoi_tao_id,
        tk1_0.so_dien_thoai,
        tk1_0.so_lan_dang_nhap_sai,
        tk1_0.ten_dang_nhap,
        tk1_0.trang_thai,
        tk1_0.vai_tro_id 
    from
        tai_khoan tk1_0 
    where
        tk1_0.ten_dang_nhap=?
2026-07-17 10:08:17 [http-nio-8080-exec-3] TRACE org.hibernate.orm.jdbc.bind - binding parameter (1:VARCHAR) <- [hocvien1]
2026-07-17 10:08:17 [http-nio-8080-exec-3] DEBUG org.hibernate.SQL - 
    select
        vt1_0.id,
        vt1_0.ma_vai_tro,
        vt1_0.mo_ta,
        vt1_0.ngay_cap_nhat,
        vt1_0.ngay_tao,
        vt1_0.ten_vai_tro,
        vt1_0.trang_thai 
    from
        vai_tro vt1_0 
    where
        vt1_0.id=?
Hibernate: 
    select
        vt1_0.id,
        vt1_0.ma_vai_tro,
        vt1_0.mo_ta,
        vt1_0.ngay_cap_nhat,
        vt1_0.ngay_tao,
        vt1_0.ten_vai_tro,
        vt1_0.trang_thai 
    from
        vai_tro vt1_0 
    where
        vt1_0.id=?
2026-07-17 10:08:17 [http-nio-8080-exec-3] TRACE org.hibernate.orm.jdbc.bind - binding parameter (1:INTEGER) <- [3]
2026-07-17 10:08:17 [http-nio-8080-exec-5] DEBUG org.hibernate.SQL - 
    select
        kh1_0.makh,
        kh1_0.macth,
        kh1_0.ngaybatdau,
        kh1_0.ngayketthuc,
        kh1_0.tenkhoahoc,
        kh1_0.trangthai 
    from
        khoa_hoc kh1_0
Hibernate: 
    select
        kh1_0.makh,
        kh1_0.macth,
        kh1_0.ngaybatdau,
        kh1_0.ngayketthuc,
        kh1_0.tenkhoahoc,
        kh1_0.trangthai 
    from
        khoa_hoc kh1_0
2026-07-17 10:08:17 [http-nio-8080-exec-5] DEBUG org.hibernate.SQL - 
    select
        cth1_0.macth,
        cth1_0.hangbang,
        cth1_0.hocphi,
        cth1_0.sobuoilythuyet,
        cth1_0.sobuoithuchanh,
        cth1_0.tenchuongtrinh 
    from
        chuong_trinh_hoc cth1_0 
    where
        cth1_0.macth=?
Hibernate: 
    select
        cth1_0.macth,
        cth1_0.hangbang,
        cth1_0.hocphi,
        cth1_0.sobuoilythuyet,
        cth1_0.sobuoithuchanh,
        cth1_0.tenchuongtrinh 
    from
        chuong_trinh_hoc cth1_0 
    where
        cth1_0.macth=?
2026-07-17 10:08:17 [http-nio-8080-exec-5] TRACE org.hibernate.orm.jdbc.bind - binding parameter (1:INTEGER) <- [1]
2026-07-17 10:08:17 [http-nio-8080-exec-5] DEBUG org.hibernate.SQL - 
    select
        cth1_0.macth,
        cth1_0.hangbang,
        cth1_0.hocphi,
        cth1_0.sobuoilythuyet,
        cth1_0.sobuoithuchanh,
        cth1_0.tenchuongtrinh 
    from
        chuong_trinh_hoc cth1_0 
    where
        cth1_0.macth=?
Hibernate: 
    select
        cth1_0.macth,
        cth1_0.hangbang,
        cth1_0.hocphi,
        cth1_0.sobuoilythuyet,
        cth1_0.sobuoithuchanh,
        cth1_0.tenchuongtrinh 
    from
        chuong_trinh_hoc cth1_0 
    where
        cth1_0.macth=?
2026-07-17 10:08:17 [http-nio-8080-exec-5] TRACE org.hibernate.orm.jdbc.bind - binding parameter (1:INTEGER) <- [2]
2026-07-17 10:08:20 [http-nio-8080-exec-6] DEBUG org.hibernate.SQL - 
    select
        cth1_0.macth,
        cth1_0.hangbang,
        cth1_0.hocphi,
        cth1_0.sobuoilythuyet,
        cth1_0.sobuoithuchanh,
        cth1_0.tenchuongtrinh 
    from
        chuong_trinh_hoc cth1_0
Hibernate: 
    select
        cth1_0.macth,
        cth1_0.hangbang,
        cth1_0.hocphi,
        cth1_0.sobuoilythuyet,
        cth1_0.sobuoithuchanh,
        cth1_0.tenchuongtrinh 
    from
        chuong_trinh_hoc cth1_0
2026-07-17 10:08:35 [http-nio-8080-exec-7] DEBUG org.hibernate.SQL - 
    select
        kh1_0.makh,
        kh1_0.macth,
        kh1_0.ngaybatdau,
        kh1_0.ngayketthuc,
        kh1_0.tenkhoahoc,
        kh1_0.trangthai 
    from
        khoa_hoc kh1_0
Hibernate: 
    select
        kh1_0.makh,
        kh1_0.macth,
        kh1_0.ngaybatdau,
        kh1_0.ngayketthuc,
        kh1_0.tenkhoahoc,
        kh1_0.trangthai 
    from
        khoa_hoc kh1_0
2026-07-17 10:08:35 [http-nio-8080-exec-8] DEBUG org.hibernate.SQL - 
    select
        cth1_0.macth,
        cth1_0.hangbang,
        cth1_0.hocphi,
        cth1_0.sobuoilythuyet,
        cth1_0.sobuoithuchanh,
        cth1_0.tenchuongtrinh 
    from
        chuong_trinh_hoc cth1_0
Hibernate: 
    select
        cth1_0.macth,
        cth1_0.hangbang,
        cth1_0.hocphi,
        cth1_0.sobuoilythuyet,
        cth1_0.sobuoithuchanh,
        cth1_0.tenchuongtrinh 
    from
        chuong_trinh_hoc cth1_0
2026-07-17 10:08:35 [http-nio-8080-exec-7] DEBUG org.hibernate.SQL - 
    select
        cth1_0.macth,
        cth1_0.hangbang,
        cth1_0.hocphi,
        cth1_0.sobuoilythuyet,
        cth1_0.sobuoithuchanh,
        cth1_0.tenchuongtrinh 
    from
        chuong_trinh_hoc cth1_0 
    where
        cth1_0.macth=?
Hibernate: 
    select
        cth1_0.macth,
        cth1_0.hangbang,
        cth1_0.hocphi,
        cth1_0.sobuoilythuyet,
        cth1_0.sobuoithuchanh,
        cth1_0.tenchuongtrinh 
    from
        chuong_trinh_hoc cth1_0 
    where
        cth1_0.macth=?
2026-07-17 10:08:35 [http-nio-8080-exec-7] TRACE org.hibernate.orm.jdbc.bind - binding parameter (1:INTEGER) <- [1]
2026-07-17 10:08:35 [http-nio-8080-exec-7] DEBUG org.hibernate.SQL - 
    select
        cth1_0.macth,
        cth1_0.hangbang,
        cth1_0.hocphi,
        cth1_0.sobuoilythuyet,
        cth1_0.sobuoithuchanh,
        cth1_0.tenchuongtrinh 
    from
        chuong_trinh_hoc cth1_0 
    where
        cth1_0.macth=?
Hibernate: 
    select
        cth1_0.macth,
        cth1_0.hangbang,
        cth1_0.hocphi,
        cth1_0.sobuoilythuyet,
        cth1_0.sobuoithuchanh,
        cth1_0.tenchuongtrinh 
    from
        chuong_trinh_hoc cth1_0 
    where
        cth1_0.macth=?
2026-07-17 10:08:35 [http-nio-8080-exec-7] TRACE org.hibernate.orm.jdbc.bind - binding parameter (1:INTEGER) <- [2]
2026-07-17 10:09:20 [http-nio-8080-exec-2] DEBUG org.hibernate.SQL - 
    select
        kh1_0.makh,
        kh1_0.macth,
        kh1_0.ngaybatdau,
        kh1_0.ngayketthuc,
        kh1_0.tenkhoahoc,
        kh1_0.trangthai 
    from
        khoa_hoc kh1_0
Hibernate: 
    select
        kh1_0.makh,
        kh1_0.macth,
        kh1_0.ngaybatdau,
        kh1_0.ngayketthuc,
        kh1_0.tenkhoahoc,
        kh1_0.trangthai 
    from
        khoa_hoc kh1_0
2026-07-17 10:09:20 [http-nio-8080-exec-2] DEBUG org.hibernate.SQL - 
    select
        cth1_0.macth,
        cth1_0.hangbang,
        cth1_0.hocphi,
        cth1_0.sobuoilythuyet,
        cth1_0.sobuoithuchanh,
        cth1_0.tenchuongtrinh 
    from
        chuong_trinh_hoc cth1_0 
    where
        cth1_0.macth=?
Hibernate: 
    select
        cth1_0.macth,
        cth1_0.hangbang,
        cth1_0.hocphi,
        cth1_0.sobuoilythuyet,
        cth1_0.sobuoithuchanh,
        cth1_0.tenchuongtrinh 
    from
        chuong_trinh_hoc cth1_0 
    where
        cth1_0.macth=?
2026-07-17 10:09:20 [http-nio-8080-exec-2] TRACE org.hibernate.orm.jdbc.bind - binding parameter (1:INTEGER) <- [1]
2026-07-17 10:09:20 [http-nio-8080-exec-2] DEBUG org.hibernate.SQL - 
    select
        cth1_0.macth,
        cth1_0.hangbang,
        cth1_0.hocphi,
        cth1_0.sobuoilythuyet,
        cth1_0.sobuoithuchanh,
        cth1_0.tenchuongtrinh 
    from
        chuong_trinh_hoc cth1_0 
    where
        cth1_0.macth=?
Hibernate: 
    select
        cth1_0.macth,
        cth1_0.hangbang,
        cth1_0.hocphi,
        cth1_0.sobuoilythuyet,
        cth1_0.sobuoithuchanh,
        cth1_0.tenchuongtrinh 
    from
        chuong_trinh_hoc cth1_0 
    where
        cth1_0.macth=?
2026-07-17 10:09:20 [http-nio-8080-exec-2] TRACE org.hibernate.orm.jdbc.bind - binding parameter (1:INTEGER) <- [2]
2026-07-17 10:09:20 [http-nio-8080-exec-10] DEBUG org.hibernate.SQL - 
    select
        gv1_0.magv,
        gv1_0.cccd,
        gv1_0.diachi,
        gv1_0.email,
        gv1_0.gioitinh,
        gv1_0.hangday,
        gv1_0.hoten,
        gv1_0.ngaysinh,
        gv1_0.sodienthoai 
    from
        giao_vien gv1_0
Hibernate: 
    select
        gv1_0.magv,
        gv1_0.cccd,
        gv1_0.diachi,
        gv1_0.email,
        gv1_0.gioitinh,
        gv1_0.hangday,
        gv1_0.hoten,
        gv1_0.ngaysinh,
        gv1_0.sodienthoai 
    from
        giao_vien gv1_0
2026-07-17 10:09:20 [http-nio-8080-exec-1] DEBUG org.hibernate.SQL - 
    select
        lh1_0.malop,
        lh1_0.magv,
        lh1_0.makh,
        lh1_0.soluong,
        lh1_0.tenlop,
        lh1_0.trangthai 
    from
        lop_hoc lh1_0
Hibernate: 
    select
        lh1_0.malop,
        lh1_0.magv,
        lh1_0.makh,
        lh1_0.soluong,
        lh1_0.tenlop,
        lh1_0.trangthai 
    from
        lop_hoc lh1_0
2026-07-17 10:09:20 [http-nio-8080-exec-1] DEBUG org.hibernate.SQL - 
    select
        gv1_0.magv,
        gv1_0.cccd,
        gv1_0.diachi,
        gv1_0.email,
        gv1_0.gioitinh,
        gv1_0.hangday,
        gv1_0.hoten,
        gv1_0.ngaysinh,
        gv1_0.sodienthoai 
    from
        giao_vien gv1_0 
    where
        gv1_0.magv=?
Hibernate: 
    select
        gv1_0.magv,
        gv1_0.cccd,
        gv1_0.diachi,
        gv1_0.email,
        gv1_0.gioitinh,
        gv1_0.hangday,
        gv1_0.hoten,
        gv1_0.ngaysinh,
        gv1_0.sodienthoai 
    from
        giao_vien gv1_0 
    where
        gv1_0.magv=?
2026-07-17 10:09:20 [http-nio-8080-exec-1] TRACE org.hibernate.orm.jdbc.bind - binding parameter (1:INTEGER) <- [1]
2026-07-17 10:09:20 [http-nio-8080-exec-1] DEBUG org.hibernate.SQL - 
    select
        kh1_0.makh,
        cth1_0.macth,
        cth1_0.hangbang,
        cth1_0.hocphi,
        cth1_0.sobuoilythuyet,
        cth1_0.sobuoithuchanh,
        cth1_0.tenchuongtrinh,
        kh1_0.ngaybatdau,
        kh1_0.ngayketthuc,
        kh1_0.tenkhoahoc,
        kh1_0.trangthai 
    from
        khoa_hoc kh1_0 
    left join
        chuong_trinh_hoc cth1_0 
            on cth1_0.macth=kh1_0.macth 
    where
        kh1_0.makh=?
Hibernate: 
    select
        kh1_0.makh,
        cth1_0.macth,
        cth1_0.hangbang,
        cth1_0.hocphi,
        cth1_0.sobuoilythuyet,
        cth1_0.sobuoithuchanh,
        cth1_0.tenchuongtrinh,
        kh1_0.ngaybatdau,
        kh1_0.ngayketthuc,
        kh1_0.tenkhoahoc,
        kh1_0.trangthai 
    from
        khoa_hoc kh1_0 
    left join
        chuong_trinh_hoc cth1_0 
            on cth1_0.macth=kh1_0.macth 
    where
        kh1_0.makh=?
2026-07-17 10:09:20 [http-nio-8080-exec-1] TRACE org.hibernate.orm.jdbc.bind - binding parameter (1:INTEGER) <- [1]
2026-07-17 10:09:20 [http-nio-8080-exec-1] DEBUG org.hibernate.SQL - 
    select
        gv1_0.magv,
        gv1_0.cccd,
        gv1_0.diachi,
        gv1_0.email,
        gv1_0.gioitinh,
        gv1_0.hangday,
        gv1_0.hoten,
        gv1_0.ngaysinh,
        gv1_0.sodienthoai 
    from
        giao_vien gv1_0 
    where
        gv1_0.magv=?
Hibernate: 
    select
        gv1_0.magv,
        gv1_0.cccd,
        gv1_0.diachi,
        gv1_0.email,
        gv1_0.gioitinh,
        gv1_0.hangday,
        gv1_0.hoten,
        gv1_0.ngaysinh,
        gv1_0.sodienthoai 
    from
        giao_vien gv1_0 
    where
        gv1_0.magv=?
2026-07-17 10:09:20 [http-nio-8080-exec-1] TRACE org.hibernate.orm.jdbc.bind - binding parameter (1:INTEGER) <- [2]
2026-07-17 10:09:20 [http-nio-8080-exec-1] DEBUG org.hibernate.SQL - 
    select
        kh1_0.makh,
        cth1_0.macth,
        cth1_0.hangbang,
        cth1_0.hocphi,
        cth1_0.sobuoilythuyet,
        cth1_0.sobuoithuchanh,
        cth1_0.tenchuongtrinh,
        kh1_0.ngaybatdau,
        kh1_0.ngayketthuc,
        kh1_0.tenkhoahoc,
        kh1_0.trangthai 
    from
        khoa_hoc kh1_0 
    left join
        chuong_trinh_hoc cth1_0 
            on cth1_0.macth=kh1_0.macth 
    where
        kh1_0.makh=?
Hibernate: 
    select
        kh1_0.makh,
        cth1_0.macth,
        cth1_0.hangbang,
        cth1_0.hocphi,
        cth1_0.sobuoilythuyet,
        cth1_0.sobuoithuchanh,
        cth1_0.tenchuongtrinh,
        kh1_0.ngaybatdau,
        kh1_0.ngayketthuc,
        kh1_0.tenkhoahoc,
        kh1_0.trangthai 
    from
        khoa_hoc kh1_0 
    left join
        chuong_trinh_hoc cth1_0 
            on cth1_0.macth=kh1_0.macth 
    where
        kh1_0.makh=?
2026-07-17 10:09:20 [http-nio-8080-exec-1] TRACE org.hibernate.orm.jdbc.bind - binding parameter (1:INTEGER) <- [2]
2026-07-17 10:09:21 [http-nio-8080-exec-9] DEBUG org.hibernate.SQL - 
    select
        mh1_0.mamh,
        mh1_0.so_tiet,
        mh1_0.tenmonhoc 
    from
        mon_hoc mh1_0
Hibernate: 
    select
        mh1_0.mamh,
        mh1_0.so_tiet,
        mh1_0.tenmonhoc 
    from
        mon_hoc mh1_0
2026-07-17 10:09:22 [http-nio-8080-exec-4] DEBUG org.hibernate.SQL - 
    select
        ph1_0.maphong,
        ph1_0.succhua,
        ph1_0.tenphong,
        ph1_0.trangthai 
    from
        phong_hoc ph1_0
Hibernate: 
    select
        ph1_0.maphong,
        ph1_0.succhua,
        ph1_0.tenphong,
        ph1_0.trangthai 
    from
        phong_hoc ph1_0
2026-07-17 10:09:23 [http-nio-8080-exec-3] DEBUG org.hibernate.SQL - 
    select
        mh1_0.mamh,
        mh1_0.so_tiet,
        mh1_0.tenmonhoc 
    from
        mon_hoc mh1_0
Hibernate: 
    select
        mh1_0.mamh,
        mh1_0.so_tiet,
        mh1_0.tenmonhoc 
    from
        mon_hoc mh1_0
2026-07-17 10:09:25 [http-nio-8080-exec-5] DEBUG org.hibernate.SQL - 
    select
        kh1_0.makh,
        kh1_0.macth,
        kh1_0.ngaybatdau,
        kh1_0.ngayketthuc,
        kh1_0.tenkhoahoc,
        kh1_0.trangthai 
    from
        khoa_hoc kh1_0
Hibernate: 
    select
        kh1_0.makh,
        kh1_0.macth,
        kh1_0.ngaybatdau,
        kh1_0.ngayketthuc,
        kh1_0.tenkhoahoc,
        kh1_0.trangthai 
    from
        khoa_hoc kh1_0
2026-07-17 10:09:25 [http-nio-8080-exec-5] DEBUG org.hibernate.SQL - 
    select
        cth1_0.macth,
        cth1_0.hangbang,
        cth1_0.hocphi,
        cth1_0.sobuoilythuyet,
        cth1_0.sobuoithuchanh,
        cth1_0.tenchuongtrinh 
    from
        chuong_trinh_hoc cth1_0 
    where
        cth1_0.macth=?
Hibernate: 
    select
        cth1_0.macth,
        cth1_0.hangbang,
        cth1_0.hocphi,
        cth1_0.sobuoilythuyet,
        cth1_0.sobuoithuchanh,
        cth1_0.tenchuongtrinh 
    from
        chuong_trinh_hoc cth1_0 
    where
        cth1_0.macth=?
2026-07-17 10:09:25 [http-nio-8080-exec-5] TRACE org.hibernate.orm.jdbc.bind - binding parameter (1:INTEGER) <- [1]
2026-07-17 10:09:25 [http-nio-8080-exec-5] DEBUG org.hibernate.SQL - 
    select
        cth1_0.macth,
        cth1_0.hangbang,
        cth1_0.hocphi,
        cth1_0.sobuoilythuyet,
        cth1_0.sobuoithuchanh,
        cth1_0.tenchuongtrinh 
    from
        chuong_trinh_hoc cth1_0 
    where
        cth1_0.macth=?
Hibernate: 
    select
        cth1_0.macth,
        cth1_0.hangbang,
        cth1_0.hocphi,
        cth1_0.sobuoilythuyet,
        cth1_0.sobuoithuchanh,
        cth1_0.tenchuongtrinh 
    from
        chuong_trinh_hoc cth1_0 
    where
        cth1_0.macth=?
2026-07-17 10:09:25 [http-nio-8080-exec-5] TRACE org.hibernate.orm.jdbc.bind - binding parameter (1:INTEGER) <- [2]
2026-07-17 10:09:25 [http-nio-8080-exec-6] DEBUG org.hibernate.SQL - 
    select
        gv1_0.magv,
        gv1_0.cccd,
        gv1_0.diachi,
        gv1_0.email,
        gv1_0.gioitinh,
        gv1_0.hangday,
        gv1_0.hoten,
        gv1_0.ngaysinh,
        gv1_0.sodienthoai 
    from
        giao_vien gv1_0
Hibernate: 
    select
        gv1_0.magv,
        gv1_0.cccd,
        gv1_0.diachi,
        gv1_0.email,
        gv1_0.gioitinh,
        gv1_0.hangday,
        gv1_0.hoten,
        gv1_0.ngaysinh,
        gv1_0.sodienthoai 
    from
        giao_vien gv1_0
2026-07-17 10:09:25 [http-nio-8080-exec-8] DEBUG org.hibernate.SQL - 
    select
        lh1_0.malop,
        lh1_0.magv,
        lh1_0.makh,
        lh1_0.soluong,
        lh1_0.tenlop,
        lh1_0.trangthai 
    from
        lop_hoc lh1_0
Hibernate: 
    select
        lh1_0.malop,
        lh1_0.magv,
        lh1_0.makh,
        lh1_0.soluong,
        lh1_0.tenlop,
        lh1_0.trangthai 
    from
        lop_hoc lh1_0
2026-07-17 10:09:25 [http-nio-8080-exec-8] DEBUG org.hibernate.SQL - 
    select
        gv1_0.magv,
        gv1_0.cccd,
        gv1_0.diachi,
        gv1_0.email,
        gv1_0.gioitinh,
        gv1_0.hangday,
        gv1_0.hoten,
        gv1_0.ngaysinh,
        gv1_0.sodienthoai 
    from
        giao_vien gv1_0 
    where
        gv1_0.magv=?
Hibernate: 
    select
        gv1_0.magv,
        gv1_0.cccd,
        gv1_0.diachi,
        gv1_0.email,
        gv1_0.gioitinh,
        gv1_0.hangday,
        gv1_0.hoten,
        gv1_0.ngaysinh,
        gv1_0.sodienthoai 
    from
        giao_vien gv1_0 
    where
        gv1_0.magv=?
2026-07-17 10:09:25 [http-nio-8080-exec-8] TRACE org.hibernate.orm.jdbc.bind - binding parameter (1:INTEGER) <- [1]
2026-07-17 10:09:25 [http-nio-8080-exec-8] DEBUG org.hibernate.SQL - 
    select
        kh1_0.makh,
        cth1_0.macth,
        cth1_0.hangbang,
        cth1_0.hocphi,
        cth1_0.sobuoilythuyet,
        cth1_0.sobuoithuchanh,
        cth1_0.tenchuongtrinh,
        kh1_0.ngaybatdau,
        kh1_0.ngayketthuc,
        kh1_0.tenkhoahoc,
        kh1_0.trangthai 
    from
        khoa_hoc kh1_0 
    left join
        chuong_trinh_hoc cth1_0 
            on cth1_0.macth=kh1_0.macth 
    where
        kh1_0.makh=?
Hibernate: 
    select
        kh1_0.makh,
        cth1_0.macth,
        cth1_0.hangbang,
        cth1_0.hocphi,
        cth1_0.sobuoilythuyet,
        cth1_0.sobuoithuchanh,
        cth1_0.tenchuongtrinh,
        kh1_0.ngaybatdau,
        kh1_0.ngayketthuc,
        kh1_0.tenkhoahoc,
        kh1_0.trangthai 
    from
        khoa_hoc kh1_0 
    left join
        chuong_trinh_hoc cth1_0 
            on cth1_0.macth=kh1_0.macth 
    where
        kh1_0.makh=?
2026-07-17 10:09:25 [http-nio-8080-exec-8] TRACE org.hibernate.orm.jdbc.bind - binding parameter (1:INTEGER) <- [1]
2026-07-17 10:09:25 [http-nio-8080-exec-8] DEBUG org.hibernate.SQL - 
    select
        gv1_0.magv,
        gv1_0.cccd,
        gv1_0.diachi,
        gv1_0.email,
        gv1_0.gioitinh,
        gv1_0.hangday,
        gv1_0.hoten,
        gv1_0.ngaysinh,
        gv1_0.sodienthoai 
    from
        giao_vien gv1_0 
    where
        gv1_0.magv=?
Hibernate: 
    select
        gv1_0.magv,
        gv1_0.cccd,
        gv1_0.diachi,
        gv1_0.email,
        gv1_0.gioitinh,
        gv1_0.hangday,
        gv1_0.hoten,
        gv1_0.ngaysinh,
        gv1_0.sodienthoai 
    from
        giao_vien gv1_0 
    where
        gv1_0.magv=?
2026-07-17 10:09:25 [http-nio-8080-exec-8] TRACE org.hibernate.orm.jdbc.bind - binding parameter (1:INTEGER) <- [2]
2026-07-17 10:09:25 [http-nio-8080-exec-8] DEBUG org.hibernate.SQL - 
    select
        kh1_0.makh,
        cth1_0.macth,
        cth1_0.hangbang,
        cth1_0.hocphi,
        cth1_0.sobuoilythuyet,
        cth1_0.sobuoithuchanh,
        cth1_0.tenchuongtrinh,
        kh1_0.ngaybatdau,
        kh1_0.ngayketthuc,
        kh1_0.tenkhoahoc,
        kh1_0.trangthai 
    from
        khoa_hoc kh1_0 
    left join
        chuong_trinh_hoc cth1_0 
            on cth1_0.macth=kh1_0.macth 
    where
        kh1_0.makh=?
Hibernate: 
    select
        kh1_0.makh,
        cth1_0.macth,
        cth1_0.hangbang,
        cth1_0.hocphi,
        cth1_0.sobuoilythuyet,
        cth1_0.sobuoithuchanh,
        cth1_0.tenchuongtrinh,
        kh1_0.ngaybatdau,
        kh1_0.ngayketthuc,
        kh1_0.tenkhoahoc,
        kh1_0.trangthai 
    from
        khoa_hoc kh1_0 
    left join
        chuong_trinh_hoc cth1_0 
            on cth1_0.macth=kh1_0.macth 
    where
        kh1_0.makh=?
2026-07-17 10:09:25 [http-nio-8080-exec-8] TRACE org.hibernate.orm.jdbc.bind - binding parameter (1:INTEGER) <- [2]
2026-07-17 10:09:28 [http-nio-8080-exec-7] DEBUG org.hibernate.SQL - 
    select
        mh1_0.mamh,
        mh1_0.so_tiet,
        mh1_0.tenmonhoc 
    from
        mon_hoc mh1_0
Hibernate: 
    select
        mh1_0.mamh,
        mh1_0.so_tiet,
        mh1_0.tenmonhoc 
    from
        mon_hoc mh1_0
2026-07-17 10:09:31 [http-nio-8080-exec-2] DEBUG org.hibernate.SQL - 
    select
        ph1_0.maphong,
        ph1_0.succhua,
        ph1_0.tenphong,
        ph1_0.trangthai 
    from
        phong_hoc ph1_0
Hibernate: 
    select
        ph1_0.maphong,
        ph1_0.succhua,
        ph1_0.tenphong,
        ph1_0.trangthai 
    from
        phong_hoc ph1_0
2026-07-17 10:09:33 [http-nio-8080-exec-1] DEBUG org.hibernate.SQL - 
    select
        ch1_0.macahoc,
        ch1_0.giobatdau,
        ch1_0.gioketthuc,
        ch1_0.tencahoc 
    from
        ca_hoc ch1_0
Hibernate: 
    select
        ch1_0.macahoc,
        ch1_0.giobatdau,
        ch1_0.gioketthuc,
        ch1_0.tencahoc 
    from
        ca_hoc ch1_0
2026-07-17 10:09:46 [http-nio-8080-exec-4] DEBUG org.hibernate.SQL - 
    select
        lh1_0.malop,
        lh1_0.magv,
        lh1_0.makh,
        lh1_0.soluong,
        lh1_0.tenlop,
        lh1_0.trangthai 
    from
        lop_hoc lh1_0
Hibernate: 
    select
        lh1_0.malop,
        lh1_0.magv,
        lh1_0.makh,
        lh1_0.soluong,
        lh1_0.tenlop,
        lh1_0.trangthai 
    from
        lop_hoc lh1_0
2026-07-17 10:09:46 [http-nio-8080-exec-4] DEBUG org.hibernate.SQL - 
    select
        gv1_0.magv,
        gv1_0.cccd,
        gv1_0.diachi,
        gv1_0.email,
        gv1_0.gioitinh,
        gv1_0.hangday,
        gv1_0.hoten,
        gv1_0.ngaysinh,
        gv1_0.sodienthoai 
    from
        giao_vien gv1_0 
    where
        gv1_0.magv=?
Hibernate: 
    select
        gv1_0.magv,
        gv1_0.cccd,
        gv1_0.diachi,
        gv1_0.email,
        gv1_0.gioitinh,
        gv1_0.hangday,
        gv1_0.hoten,
        gv1_0.ngaysinh,
        gv1_0.sodienthoai 
    from
        giao_vien gv1_0 
    where
        gv1_0.magv=?
2026-07-17 10:09:46 [http-nio-8080-exec-4] TRACE org.hibernate.orm.jdbc.bind - binding parameter (1:INTEGER) <- [1]
2026-07-17 10:09:46 [http-nio-8080-exec-4] DEBUG org.hibernate.SQL - 
    select
        kh1_0.makh,
        cth1_0.macth,
        cth1_0.hangbang,
        cth1_0.hocphi,
        cth1_0.sobuoilythuyet,
        cth1_0.sobuoithuchanh,
        cth1_0.tenchuongtrinh,
        kh1_0.ngaybatdau,
        kh1_0.ngayketthuc,
        kh1_0.tenkhoahoc,
        kh1_0.trangthai 
    from
        khoa_hoc kh1_0 
    left join
        chuong_trinh_hoc cth1_0 
            on cth1_0.macth=kh1_0.macth 
    where
        kh1_0.makh=?
Hibernate: 
    select
        kh1_0.makh,
        cth1_0.macth,
        cth1_0.hangbang,
        cth1_0.hocphi,
        cth1_0.sobuoilythuyet,
        cth1_0.sobuoithuchanh,
        cth1_0.tenchuongtrinh,
        kh1_0.ngaybatdau,
        kh1_0.ngayketthuc,
        kh1_0.tenkhoahoc,
        kh1_0.trangthai 
    from
        khoa_hoc kh1_0 
    left join
        chuong_trinh_hoc cth1_0 
            on cth1_0.macth=kh1_0.macth 
    where
        kh1_0.makh=?
2026-07-17 10:09:46 [http-nio-8080-exec-4] TRACE org.hibernate.orm.jdbc.bind - binding parameter (1:INTEGER) <- [1]
2026-07-17 10:09:46 [http-nio-8080-exec-4] DEBUG org.hibernate.SQL - 
    select
        gv1_0.magv,
        gv1_0.cccd,
        gv1_0.diachi,
        gv1_0.email,
        gv1_0.gioitinh,
        gv1_0.hangday,
        gv1_0.hoten,
        gv1_0.ngaysinh,
        gv1_0.sodienthoai 
    from
        giao_vien gv1_0 
    where
        gv1_0.magv=?
Hibernate: 
    select
        gv1_0.magv,
        gv1_0.cccd,
        gv1_0.diachi,
        gv1_0.email,
        gv1_0.gioitinh,
        gv1_0.hangday,
        gv1_0.hoten,
        gv1_0.ngaysinh,
        gv1_0.sodienthoai 
    from
        giao_vien gv1_0 
    where
        gv1_0.magv=?
2026-07-17 10:09:46 [http-nio-8080-exec-4] TRACE org.hibernate.orm.jdbc.bind - binding parameter (1:INTEGER) <- [2]
2026-07-17 10:09:46 [http-nio-8080-exec-4] DEBUG org.hibernate.SQL - 
    select
        kh1_0.makh,
        cth1_0.macth,
        cth1_0.hangbang,
        cth1_0.hocphi,
        cth1_0.sobuoilythuyet,
        cth1_0.sobuoithuchanh,
        cth1_0.tenchuongtrinh,
        kh1_0.ngaybatdau,
        kh1_0.ngayketthuc,
        kh1_0.tenkhoahoc,
        kh1_0.trangthai 
    from
        khoa_hoc kh1_0 
    left join
        chuong_trinh_hoc cth1_0 
            on cth1_0.macth=kh1_0.macth 
    where
        kh1_0.makh=?
Hibernate: 
    select
        kh1_0.makh,
        cth1_0.macth,
        cth1_0.hangbang,
        cth1_0.hocphi,
        cth1_0.sobuoilythuyet,
        cth1_0.sobuoithuchanh,
        cth1_0.tenchuongtrinh,
        kh1_0.ngaybatdau,
        kh1_0.ngayketthuc,
        kh1_0.tenkhoahoc,
        kh1_0.trangthai 
    from
        khoa_hoc kh1_0 
    left join
        chuong_trinh_hoc cth1_0 
            on cth1_0.macth=kh1_0.macth 
    where
        kh1_0.makh=?
2026-07-17 10:09:46 [http-nio-8080-exec-4] TRACE org.hibernate.orm.jdbc.bind - binding parameter (1:INTEGER) <- [2]
2026-07-17 10:09:46 [http-nio-8080-exec-3] DEBUG org.hibernate.SQL - 
    select
        mh1_0.mamh,
        mh1_0.so_tiet,
        mh1_0.tenmonhoc 
    from
        mon_hoc mh1_0
Hibernate: 
    select
        mh1_0.mamh,
        mh1_0.so_tiet,
        mh1_0.tenmonhoc 
    from
        mon_hoc mh1_0
2026-07-17 10:09:46 [http-nio-8080-exec-5] DEBUG org.hibernate.SQL - 
    select
        gv1_0.magv,
        gv1_0.cccd,
        gv1_0.diachi,
        gv1_0.email,
        gv1_0.gioitinh,
        gv1_0.hangday,
        gv1_0.hoten,
        gv1_0.ngaysinh,
        gv1_0.sodienthoai 
    from
        giao_vien gv1_0
Hibernate: 
    select
        gv1_0.magv,
        gv1_0.cccd,
        gv1_0.diachi,
        gv1_0.email,
        gv1_0.gioitinh,
        gv1_0.hangday,
        gv1_0.hoten,
        gv1_0.ngaysinh,
        gv1_0.sodienthoai 
    from
        giao_vien gv1_0
2026-07-17 10:09:46 [http-nio-8080-exec-6] DEBUG org.hibernate.SQL - 
    select
        ph1_0.maphong,
        ph1_0.succhua,
        ph1_0.tenphong,
        ph1_0.trangthai 
    from
        phong_hoc ph1_0
Hibernate: 
    select
        ph1_0.maphong,
        ph1_0.succhua,
        ph1_0.tenphong,
        ph1_0.trangthai 
    from
        phong_hoc ph1_0
2026-07-17 10:09:46 [http-nio-8080-exec-8] DEBUG org.hibernate.SQL - 
    select
        ch1_0.macahoc,
        ch1_0.giobatdau,
        ch1_0.gioketthuc,
        ch1_0.tencahoc 
    from
        ca_hoc ch1_0
Hibernate: 
    select
        ch1_0.macahoc,
        ch1_0.giobatdau,
        ch1_0.gioketthuc,
        ch1_0.tencahoc 
    from
        ca_hoc ch1_0
2026-07-17 10:09:46 [http-nio-8080-exec-2] DEBUG org.hibernate.SQL - 
    select
        lh1_0.malich,
        lh1_0.macahoc,
        lh1_0.ghichu,
        lh1_0.magv,
        lh1_0.malop,
        lh1_0.mamh,
        lh1_0.ngayhoc,
        lh1_0.maphong 
    from
        lich_hoc lh1_0
Hibernate: 
    select
        lh1_0.malich,
        lh1_0.macahoc,
        lh1_0.ghichu,
        lh1_0.magv,
        lh1_0.malop,
        lh1_0.mamh,
        lh1_0.ngayhoc,
        lh1_0.maphong 
    from
        lich_hoc lh1_0
2026-07-17 10:09:46 [http-nio-8080-exec-2] DEBUG org.hibernate.SQL - 
    select
        ch1_0.macahoc,
        ch1_0.giobatdau,
        ch1_0.gioketthuc,
        ch1_0.tencahoc 
    from
        ca_hoc ch1_0 
    where
        ch1_0.macahoc=?
Hibernate: 
    select
        ch1_0.macahoc,
        ch1_0.giobatdau,
        ch1_0.gioketthuc,
        ch1_0.tencahoc 
    from
        ca_hoc ch1_0 
    where
        ch1_0.macahoc=?
2026-07-17 10:09:46 [http-nio-8080-exec-2] TRACE org.hibernate.orm.jdbc.bind - binding parameter (1:INTEGER) <- [1]
2026-07-17 10:09:46 [http-nio-8080-exec-2] DEBUG org.hibernate.SQL - 
    select
        gv1_0.magv,
        gv1_0.cccd,
        gv1_0.diachi,
        gv1_0.email,
        gv1_0.gioitinh,
        gv1_0.hangday,
        gv1_0.hoten,
        gv1_0.ngaysinh,
        gv1_0.sodienthoai 
    from
        giao_vien gv1_0 
    where
        gv1_0.magv=?
Hibernate: 
    select
        gv1_0.magv,
        gv1_0.cccd,
        gv1_0.diachi,
        gv1_0.email,
        gv1_0.gioitinh,
        gv1_0.hangday,
        gv1_0.hoten,
        gv1_0.ngaysinh,
        gv1_0.sodienthoai 
    from
        giao_vien gv1_0 
    where
        gv1_0.magv=?
2026-07-17 10:09:46 [http-nio-8080-exec-2] TRACE org.hibernate.orm.jdbc.bind - binding parameter (1:INTEGER) <- [1]
2026-07-17 10:09:46 [http-nio-8080-exec-2] DEBUG org.hibernate.SQL - 
    select
        lh1_0.malop,
        gv1_0.magv,
        gv1_0.cccd,
        gv1_0.diachi,
        gv1_0.email,
        gv1_0.gioitinh,
        gv1_0.hangday,
        gv1_0.hoten,
        gv1_0.ngaysinh,
        gv1_0.sodienthoai,
        kh1_0.makh,
        cth1_0.macth,
        cth1_0.hangbang,
        cth1_0.hocphi,
        cth1_0.sobuoilythuyet,
        cth1_0.sobuoithuchanh,
        cth1_0.tenchuongtrinh,
        kh1_0.ngaybatdau,
        kh1_0.ngayketthuc,
        kh1_0.tenkhoahoc,
        kh1_0.trangthai,
        lh1_0.soluong,
        lh1_0.tenlop,
        lh1_0.trangthai 
    from
        lop_hoc lh1_0 
    left join
        giao_vien gv1_0 
            on gv1_0.magv=lh1_0.magv 
    left join
        khoa_hoc kh1_0 
            on kh1_0.makh=lh1_0.makh 
    left join
        chuong_trinh_hoc cth1_0 
            on cth1_0.macth=kh1_0.macth 
    where
        lh1_0.malop=?
Hibernate: 
    select
        lh1_0.malop,
        gv1_0.magv,
        gv1_0.cccd,
        gv1_0.diachi,
        gv1_0.email,
        gv1_0.gioitinh,
        gv1_0.hangday,
        gv1_0.hoten,
        gv1_0.ngaysinh,
        gv1_0.sodienthoai,
        kh1_0.makh,
        cth1_0.macth,
        cth1_0.hangbang,
        cth1_0.hocphi,
        cth1_0.sobuoilythuyet,
        cth1_0.sobuoithuchanh,
        cth1_0.tenchuongtrinh,
        kh1_0.ngaybatdau,
        kh1_0.ngayketthuc,
        kh1_0.tenkhoahoc,
        kh1_0.trangthai,
        lh1_0.soluong,
        lh1_0.tenlop,
        lh1_0.trangthai 
    from
        lop_hoc lh1_0 
    left join
        giao_vien gv1_0 
            on gv1_0.magv=lh1_0.magv 
    left join
        khoa_hoc kh1_0 
            on kh1_0.makh=lh1_0.makh 
    left join
        chuong_trinh_hoc cth1_0 
            on cth1_0.macth=kh1_0.macth 
    where
        lh1_0.malop=?
2026-07-17 10:09:46 [http-nio-8080-exec-2] TRACE org.hibernate.orm.jdbc.bind - binding parameter (1:INTEGER) <- [1]
2026-07-17 10:09:46 [http-nio-8080-exec-2] DEBUG org.hibernate.SQL - 
    select
        mh1_0.mamh,
        mh1_0.so_tiet,
        mh1_0.tenmonhoc 
    from
        mon_hoc mh1_0 
    where
        mh1_0.mamh=?
Hibernate: 
    select
        mh1_0.mamh,
        mh1_0.so_tiet,
        mh1_0.tenmonhoc 
    from
        mon_hoc mh1_0 
    where
        mh1_0.mamh=?
2026-07-17 10:09:46 [http-nio-8080-exec-2] TRACE org.hibernate.orm.jdbc.bind - binding parameter (1:INTEGER) <- [1]
2026-07-17 10:09:46 [http-nio-8080-exec-2] DEBUG org.hibernate.SQL - 
    select
        ph1_0.maphong,
        ph1_0.succhua,
        ph1_0.tenphong,
        ph1_0.trangthai 
    from
        phong_hoc ph1_0 
    where
        ph1_0.maphong=?
Hibernate: 
    select
        ph1_0.maphong,
        ph1_0.succhua,
        ph1_0.tenphong,
        ph1_0.trangthai 
    from
        phong_hoc ph1_0 
    where
        ph1_0.maphong=?
2026-07-17 10:09:46 [http-nio-8080-exec-2] TRACE org.hibernate.orm.jdbc.bind - binding parameter (1:INTEGER) <- [1]
2026-07-17 10:09:49 [http-nio-8080-exec-10] DEBUG org.hibernate.SQL - 
    select
        tk1_0.id,
        tk1_0.anh,
        tk1_0.cccd,
        tk1_0.email,
        tk1_0.ho_ten,
        tk1_0.khoa_den,
        tk1_0.lan_dang_nhap_cuoi,
        tk1_0.mat_khau,
        tk1_0.ngay_cap_nhat,
        tk1_0.ngay_tao,
        tk1_0.nguoi_tao_id,
        tk1_0.so_dien_thoai,
        tk1_0.so_lan_dang_nhap_sai,
        tk1_0.ten_dang_nhap,
        tk1_0.trang_thai,
        tk1_0.vai_tro_id 
    from
        tai_khoan tk1_0 
    where
        tk1_0.ten_dang_nhap=?
Hibernate: 
    select
        tk1_0.id,
        tk1_0.anh,
        tk1_0.cccd,
        tk1_0.email,
        tk1_0.ho_ten,
        tk1_0.khoa_den,
        tk1_0.lan_dang_nhap_cuoi,
        tk1_0.mat_khau,
        tk1_0.ngay_cap_nhat,
        tk1_0.ngay_tao,
        tk1_0.nguoi_tao_id,
        tk1_0.so_dien_thoai,
        tk1_0.so_lan_dang_nhap_sai,
        tk1_0.ten_dang_nhap,
        tk1_0.trang_thai,
        tk1_0.vai_tro_id 
    from
        tai_khoan tk1_0 
    where
        tk1_0.ten_dang_nhap=?
2026-07-17 10:09:49 [http-nio-8080-exec-10] TRACE org.hibernate.orm.jdbc.bind - binding parameter (1:VARCHAR) <- [hocvien1]
2026-07-17 10:09:49 [http-nio-8080-exec-10] DEBUG org.hibernate.SQL - 
    select
        vt1_0.id,
        vt1_0.ma_vai_tro,
        vt1_0.mo_ta,
        vt1_0.ngay_cap_nhat,
        vt1_0.ngay_tao,
        vt1_0.ten_vai_tro,
        vt1_0.trang_thai 
    from
        vai_tro vt1_0 
    where
        vt1_0.id=?
Hibernate: 
    select
        vt1_0.id,
        vt1_0.ma_vai_tro,
        vt1_0.mo_ta,
        vt1_0.ngay_cap_nhat,
        vt1_0.ngay_tao,
        vt1_0.ten_vai_tro,
        vt1_0.trang_thai 
    from
        vai_tro vt1_0 
    where
        vt1_0.id=?
2026-07-17 10:09:49 [http-nio-8080-exec-10] TRACE org.hibernate.orm.jdbc.bind - binding parameter (1:INTEGER) <- [3]
2026-07-17 10:09:49 [http-nio-8080-exec-9] DEBUG org.hibernate.SQL - 
    select
        tk1_0.id,
        tk1_0.anh,
        tk1_0.cccd,
        tk1_0.email,
        tk1_0.ho_ten,
        tk1_0.khoa_den,
        tk1_0.lan_dang_nhap_cuoi,
        tk1_0.mat_khau,
        tk1_0.ngay_cap_nhat,
        tk1_0.ngay_tao,
        tk1_0.nguoi_tao_id,
        tk1_0.so_dien_thoai,
        tk1_0.so_lan_dang_nhap_sai,
        tk1_0.ten_dang_nhap,
        tk1_0.trang_thai,
        tk1_0.vai_tro_id 
    from
        tai_khoan tk1_0 
    where
        tk1_0.ten_dang_nhap=?
Hibernate: 
    select
        tk1_0.id,
        tk1_0.anh,
        tk1_0.cccd,
        tk1_0.email,
        tk1_0.ho_ten,
        tk1_0.khoa_den,
        tk1_0.lan_dang_nhap_cuoi,
        tk1_0.mat_khau,
        tk1_0.ngay_cap_nhat,
        tk1_0.ngay_tao,
        tk1_0.nguoi_tao_id,
        tk1_0.so_dien_thoai,
        tk1_0.so_lan_dang_nhap_sai,
        tk1_0.ten_dang_nhap,
        tk1_0.trang_thai,
        tk1_0.vai_tro_id 
    from
        tai_khoan tk1_0 
    where
        tk1_0.ten_dang_nhap=?
2026-07-17 10:09:49 [http-nio-8080-exec-9] TRACE org.hibernate.orm.jdbc.bind - binding parameter (1:VARCHAR) <- [hocvien1]
2026-07-17 10:09:49 [http-nio-8080-exec-9] DEBUG org.hibernate.SQL - 
    select
        vt1_0.id,
        vt1_0.ma_vai_tro,
        vt1_0.mo_ta,
        vt1_0.ngay_cap_nhat,
        vt1_0.ngay_tao,
        vt1_0.ten_vai_tro,
        vt1_0.trang_thai 
    from
        vai_tro vt1_0 
    where
        vt1_0.id=?
Hibernate: 
    select
        vt1_0.id,
        vt1_0.ma_vai_tro,
        vt1_0.mo_ta,
        vt1_0.ngay_cap_nhat,
        vt1_0.ngay_tao,
        vt1_0.ten_vai_tro,
        vt1_0.trang_thai 
    from
        vai_tro vt1_0 
    where
        vt1_0.id=?
2026-07-17 10:09:49 [http-nio-8080-exec-9] TRACE org.hibernate.orm.jdbc.bind - binding parameter (1:INTEGER) <- [3]
2026-07-17 10:09:49 [http-nio-8080-exec-9] DEBUG org.hibernate.SQL - 
    select
        hv1_0.mahv,
        hv1_0.cccd,
        hv1_0.diachi,
        hv1_0.email,
        hv1_0.gioitinh,
        hv1_0.hoten,
        hv1_0.ngaydangky,
        hv1_0.ngaysinh,
        hv1_0.sodienthoai 
    from
        hoc_vien hv1_0 
    where
        hv1_0.cccd=?
Hibernate: 
    select
        hv1_0.mahv,
        hv1_0.cccd,
        hv1_0.diachi,
        hv1_0.email,
        hv1_0.gioitinh,
        hv1_0.hoten,
        hv1_0.ngaydangky,
        hv1_0.ngaysinh,
        hv1_0.sodienthoai 
    from
        hoc_vien hv1_0 
    where
        hv1_0.cccd=?
2026-07-17 10:09:49 [http-nio-8080-exec-9] TRACE org.hibernate.orm.jdbc.bind - binding parameter (1:VARCHAR) <- [123456789001]
2026-07-17 10:09:49 [http-nio-8080-exec-4] DEBUG org.hibernate.SQL - 
    select
        lh1_0.malop,
        lh1_0.magv,
        lh1_0.makh,
        lh1_0.soluong,
        lh1_0.tenlop,
        lh1_0.trangthai 
    from
        lop_hoc lh1_0
Hibernate: 
    select
        lh1_0.malop,
        lh1_0.magv,
        lh1_0.makh,
        lh1_0.soluong,
        lh1_0.tenlop,
        lh1_0.trangthai 
    from
        lop_hoc lh1_0
2026-07-17 10:09:49 [http-nio-8080-exec-4] DEBUG org.hibernate.SQL - 
    select
        gv1_0.magv,
        gv1_0.cccd,
        gv1_0.diachi,
        gv1_0.email,
        gv1_0.gioitinh,
        gv1_0.hangday,
        gv1_0.hoten,
        gv1_0.ngaysinh,
        gv1_0.sodienthoai 
    from
        giao_vien gv1_0 
    where
        gv1_0.magv=?
Hibernate: 
    select
        gv1_0.magv,
        gv1_0.cccd,
        gv1_0.diachi,
        gv1_0.email,
        gv1_0.gioitinh,
        gv1_0.hangday,
        gv1_0.hoten,
        gv1_0.ngaysinh,
        gv1_0.sodienthoai 
    from
        giao_vien gv1_0 
    where
        gv1_0.magv=?
2026-07-17 10:09:49 [http-nio-8080-exec-4] TRACE org.hibernate.orm.jdbc.bind - binding parameter (1:INTEGER) <- [1]
2026-07-17 10:09:49 [http-nio-8080-exec-4] DEBUG org.hibernate.SQL - 
    select
        kh1_0.makh,
        cth1_0.macth,
        cth1_0.hangbang,
        cth1_0.hocphi,
        cth1_0.sobuoilythuyet,
        cth1_0.sobuoithuchanh,
        cth1_0.tenchuongtrinh,
        kh1_0.ngaybatdau,
        kh1_0.ngayketthuc,
        kh1_0.tenkhoahoc,
        kh1_0.trangthai 
    from
        khoa_hoc kh1_0 
    left join
        chuong_trinh_hoc cth1_0 
            on cth1_0.macth=kh1_0.macth 
    where
        kh1_0.makh=?
Hibernate: 
    select
        kh1_0.makh,
        cth1_0.macth,
        cth1_0.hangbang,
        cth1_0.hocphi,
        cth1_0.sobuoilythuyet,
        cth1_0.sobuoithuchanh,
        cth1_0.tenchuongtrinh,
        kh1_0.ngaybatdau,
        kh1_0.ngayketthuc,
        kh1_0.tenkhoahoc,
        kh1_0.trangthai 
    from
        khoa_hoc kh1_0 
    left join
        chuong_trinh_hoc cth1_0 
            on cth1_0.macth=kh1_0.macth 
    where
        kh1_0.makh=?
2026-07-17 10:09:49 [http-nio-8080-exec-4] TRACE org.hibernate.orm.jdbc.bind - binding parameter (1:INTEGER) <- [1]
2026-07-17 10:09:49 [http-nio-8080-exec-4] DEBUG org.hibernate.SQL - 
    select
        gv1_0.magv,
        gv1_0.cccd,
        gv1_0.diachi,
        gv1_0.email,
        gv1_0.gioitinh,
        gv1_0.hangday,
        gv1_0.hoten,
        gv1_0.ngaysinh,
        gv1_0.sodienthoai 
    from
        giao_vien gv1_0 
    where
        gv1_0.magv=?
Hibernate: 
    select
        gv1_0.magv,
        gv1_0.cccd,
        gv1_0.diachi,
        gv1_0.email,
        gv1_0.gioitinh,
        gv1_0.hangday,
        gv1_0.hoten,
        gv1_0.ngaysinh,
        gv1_0.sodienthoai 
    from
        giao_vien gv1_0 
    where
        gv1_0.magv=?
2026-07-17 10:09:49 [http-nio-8080-exec-4] TRACE org.hibernate.orm.jdbc.bind - binding parameter (1:INTEGER) <- [2]
2026-07-17 10:09:49 [http-nio-8080-exec-4] DEBUG org.hibernate.SQL - 
    select
        kh1_0.makh,
        cth1_0.macth,
        cth1_0.hangbang,
        cth1_0.hocphi,
        cth1_0.sobuoilythuyet,
        cth1_0.sobuoithuchanh,
        cth1_0.tenchuongtrinh,
        kh1_0.ngaybatdau,
        kh1_0.ngayketthuc,
        kh1_0.tenkhoahoc,
        kh1_0.trangthai 
    from
        khoa_hoc kh1_0 
    left join
        chuong_trinh_hoc cth1_0 
            on cth1_0.macth=kh1_0.macth 
    where
        kh1_0.makh=?
Hibernate: 
    select
        kh1_0.makh,
        cth1_0.macth,
        cth1_0.hangbang,
        cth1_0.hocphi,
        cth1_0.sobuoilythuyet,
        cth1_0.sobuoithuchanh,
        cth1_0.tenchuongtrinh,
        kh1_0.ngaybatdau,
        kh1_0.ngayketthuc,
        kh1_0.tenkhoahoc,
        kh1_0.trangthai 
    from
        khoa_hoc kh1_0 
    left join
        chuong_trinh_hoc cth1_0 
            on cth1_0.macth=kh1_0.macth 
    where
        kh1_0.makh=?
2026-07-17 10:09:49 [http-nio-8080-exec-4] TRACE org.hibernate.orm.jdbc.bind - binding parameter (1:INTEGER) <- [2]
2026-07-17 10:09:50 [http-nio-8080-exec-3] DEBUG org.hibernate.SQL - 
    select
        tk1_0.id,
        tk1_0.anh,
        tk1_0.cccd,
        tk1_0.email,
        tk1_0.ho_ten,
        tk1_0.khoa_den,
        tk1_0.lan_dang_nhap_cuoi,
        tk1_0.mat_khau,
        tk1_0.ngay_cap_nhat,
        tk1_0.ngay_tao,
        tk1_0.nguoi_tao_id,
        tk1_0.so_dien_thoai,
        tk1_0.so_lan_dang_nhap_sai,
        tk1_0.ten_dang_nhap,
        tk1_0.trang_thai,
        tk1_0.vai_tro_id 
    from
        tai_khoan tk1_0 
    where
        tk1_0.ten_dang_nhap=?
Hibernate: 
    select
        tk1_0.id,
        tk1_0.anh,
        tk1_0.cccd,
        tk1_0.email,
        tk1_0.ho_ten,
        tk1_0.khoa_den,
        tk1_0.lan_dang_nhap_cuoi,
        tk1_0.mat_khau,
        tk1_0.ngay_cap_nhat,
        tk1_0.ngay_tao,
        tk1_0.nguoi_tao_id,
        tk1_0.so_dien_thoai,
        tk1_0.so_lan_dang_nhap_sai,
        tk1_0.ten_dang_nhap,
        tk1_0.trang_thai,
        tk1_0.vai_tro_id 
    from
        tai_khoan tk1_0 
    where
        tk1_0.ten_dang_nhap=?
2026-07-17 10:09:50 [http-nio-8080-exec-3] TRACE org.hibernate.orm.jdbc.bind - binding parameter (1:VARCHAR) <- [hocvien1]
2026-07-17 10:09:50 [http-nio-8080-exec-3] DEBUG org.hibernate.SQL - 
    select
        vt1_0.id,
        vt1_0.ma_vai_tro,
        vt1_0.mo_ta,
        vt1_0.ngay_cap_nhat,
        vt1_0.ngay_tao,
        vt1_0.ten_vai_tro,
        vt1_0.trang_thai 
    from
        vai_tro vt1_0 
    where
        vt1_0.id=?
Hibernate: 
    select
        vt1_0.id,
        vt1_0.ma_vai_tro,
        vt1_0.mo_ta,
        vt1_0.ngay_cap_nhat,
        vt1_0.ngay_tao,
        vt1_0.ten_vai_tro,
        vt1_0.trang_thai 
    from
        vai_tro vt1_0 
    where
        vt1_0.id=?
2026-07-17 10:09:50 [http-nio-8080-exec-3] TRACE org.hibernate.orm.jdbc.bind - binding parameter (1:INTEGER) <- [3]
2026-07-17 10:09:50 [http-nio-8080-exec-5] DEBUG org.hibernate.SQL - 
    select
        tk1_0.id,
        tk1_0.anh,
        tk1_0.cccd,
        tk1_0.email,
        tk1_0.ho_ten,
        tk1_0.khoa_den,
        tk1_0.lan_dang_nhap_cuoi,
        tk1_0.mat_khau,
        tk1_0.ngay_cap_nhat,
        tk1_0.ngay_tao,
        tk1_0.nguoi_tao_id,
        tk1_0.so_dien_thoai,
        tk1_0.so_lan_dang_nhap_sai,
        tk1_0.ten_dang_nhap,
        tk1_0.trang_thai,
        tk1_0.vai_tro_id 
    from
        tai_khoan tk1_0 
    where
        tk1_0.ten_dang_nhap=?
Hibernate: 
    select
        tk1_0.id,
        tk1_0.anh,
        tk1_0.cccd,
        tk1_0.email,
        tk1_0.ho_ten,
        tk1_0.khoa_den,
        tk1_0.lan_dang_nhap_cuoi,
        tk1_0.mat_khau,
        tk1_0.ngay_cap_nhat,
        tk1_0.ngay_tao,
        tk1_0.nguoi_tao_id,
        tk1_0.so_dien_thoai,
        tk1_0.so_lan_dang_nhap_sai,
        tk1_0.ten_dang_nhap,
        tk1_0.trang_thai,
        tk1_0.vai_tro_id 
    from
        tai_khoan tk1_0 
    where
        tk1_0.ten_dang_nhap=?
2026-07-17 10:09:50 [http-nio-8080-exec-5] TRACE org.hibernate.orm.jdbc.bind - binding parameter (1:VARCHAR) <- [hocvien1]
2026-07-17 10:09:50 [http-nio-8080-exec-5] DEBUG org.hibernate.SQL - 
    select
        vt1_0.id,
        vt1_0.ma_vai_tro,
        vt1_0.mo_ta,
        vt1_0.ngay_cap_nhat,
        vt1_0.ngay_tao,
        vt1_0.ten_vai_tro,
        vt1_0.trang_thai 
    from
        vai_tro vt1_0 
    where
        vt1_0.id=?
Hibernate: 
    select
        vt1_0.id,
        vt1_0.ma_vai_tro,
        vt1_0.mo_ta,
        vt1_0.ngay_cap_nhat,
        vt1_0.ngay_tao,
        vt1_0.ten_vai_tro,
        vt1_0.trang_thai 
    from
        vai_tro vt1_0 
    where
        vt1_0.id=?
2026-07-17 10:09:50 [http-nio-8080-exec-5] TRACE org.hibernate.orm.jdbc.bind - binding parameter (1:INTEGER) <- [3]
2026-07-17 10:09:50 [http-nio-8080-exec-5] DEBUG org.hibernate.SQL - 
    select
        hv1_0.mahv,
        hv1_0.cccd,
        hv1_0.diachi,
        hv1_0.email,
        hv1_0.gioitinh,
        hv1_0.hoten,
        hv1_0.ngaydangky,
        hv1_0.ngaysinh,
        hv1_0.sodienthoai 
    from
        hoc_vien hv1_0 
    where
        hv1_0.cccd=?
Hibernate: 
    select
        hv1_0.mahv,
        hv1_0.cccd,
        hv1_0.diachi,
        hv1_0.email,
        hv1_0.gioitinh,
        hv1_0.hoten,
        hv1_0.ngaydangky,
        hv1_0.ngaysinh,
        hv1_0.sodienthoai 
    from
        hoc_vien hv1_0 
    where
        hv1_0.cccd=?
2026-07-17 10:09:50 [http-nio-8080-exec-5] TRACE org.hibernate.orm.jdbc.bind - binding parameter (1:VARCHAR) <- [123456789001]
2026-07-17 10:09:50 [http-nio-8080-exec-6] DEBUG org.hibernate.SQL - 
    select
        lh1_0.malop,
        lh1_0.magv,
        lh1_0.makh,
        lh1_0.soluong,
        lh1_0.tenlop,
        lh1_0.trangthai 
    from
        lop_hoc lh1_0
Hibernate: 
    select
        lh1_0.malop,
        lh1_0.magv,
        lh1_0.makh,
        lh1_0.soluong,
        lh1_0.tenlop,
        lh1_0.trangthai 
    from
        lop_hoc lh1_0
2026-07-17 10:09:50 [http-nio-8080-exec-6] DEBUG org.hibernate.SQL - 
    select
        gv1_0.magv,
        gv1_0.cccd,
        gv1_0.diachi,
        gv1_0.email,
        gv1_0.gioitinh,
        gv1_0.hangday,
        gv1_0.hoten,
        gv1_0.ngaysinh,
        gv1_0.sodienthoai 
    from
        giao_vien gv1_0 
    where
        gv1_0.magv=?
Hibernate: 
    select
        gv1_0.magv,
        gv1_0.cccd,
        gv1_0.diachi,
        gv1_0.email,
        gv1_0.gioitinh,
        gv1_0.hangday,
        gv1_0.hoten,
        gv1_0.ngaysinh,
        gv1_0.sodienthoai 
    from
        giao_vien gv1_0 
    where
        gv1_0.magv=?
2026-07-17 10:09:50 [http-nio-8080-exec-6] TRACE org.hibernate.orm.jdbc.bind - binding parameter (1:INTEGER) <- [1]
2026-07-17 10:09:50 [http-nio-8080-exec-6] DEBUG org.hibernate.SQL - 
    select
        kh1_0.makh,
        cth1_0.macth,
        cth1_0.hangbang,
        cth1_0.hocphi,
        cth1_0.sobuoilythuyet,
        cth1_0.sobuoithuchanh,
        cth1_0.tenchuongtrinh,
        kh1_0.ngaybatdau,
        kh1_0.ngayketthuc,
        kh1_0.tenkhoahoc,
        kh1_0.trangthai 
    from
        khoa_hoc kh1_0 
    left join
        chuong_trinh_hoc cth1_0 
            on cth1_0.macth=kh1_0.macth 
    where
        kh1_0.makh=?
Hibernate: 
    select
        kh1_0.makh,
        cth1_0.macth,
        cth1_0.hangbang,
        cth1_0.hocphi,
        cth1_0.sobuoilythuyet,
        cth1_0.sobuoithuchanh,
        cth1_0.tenchuongtrinh,
        kh1_0.ngaybatdau,
        kh1_0.ngayketthuc,
        kh1_0.tenkhoahoc,
        kh1_0.trangthai 
    from
        khoa_hoc kh1_0 
    left join
        chuong_trinh_hoc cth1_0 
            on cth1_0.macth=kh1_0.macth 
    where
        kh1_0.makh=?
2026-07-17 10:09:50 [http-nio-8080-exec-6] TRACE org.hibernate.orm.jdbc.bind - binding parameter (1:INTEGER) <- [1]
2026-07-17 10:09:50 [http-nio-8080-exec-6] DEBUG org.hibernate.SQL - 
    select
        gv1_0.magv,
        gv1_0.cccd,
        gv1_0.diachi,
        gv1_0.email,
        gv1_0.gioitinh,
        gv1_0.hangday,
        gv1_0.hoten,
        gv1_0.ngaysinh,
        gv1_0.sodienthoai 
    from
        giao_vien gv1_0 
    where
        gv1_0.magv=?
Hibernate: 
    select
        gv1_0.magv,
        gv1_0.cccd,
        gv1_0.diachi,
        gv1_0.email,
        gv1_0.gioitinh,
        gv1_0.hangday,
        gv1_0.hoten,
        gv1_0.ngaysinh,
        gv1_0.sodienthoai 
    from
        giao_vien gv1_0 
    where
        gv1_0.magv=?
2026-07-17 10:09:50 [http-nio-8080-exec-6] TRACE org.hibernate.orm.jdbc.bind - binding parameter (1:INTEGER) <- [2]
2026-07-17 10:09:50 [http-nio-8080-exec-6] DEBUG org.hibernate.SQL - 
    select
        kh1_0.makh,
        cth1_0.macth,
        cth1_0.hangbang,
        cth1_0.hocphi,
        cth1_0.sobuoilythuyet,
        cth1_0.sobuoithuchanh,
        cth1_0.tenchuongtrinh,
        kh1_0.ngaybatdau,
        kh1_0.ngayketthuc,
        kh1_0.tenkhoahoc,
        kh1_0.trangthai 
    from
        khoa_hoc kh1_0 
    left join
        chuong_trinh_hoc cth1_0 
            on cth1_0.macth=kh1_0.macth 
    where
        kh1_0.makh=?
Hibernate: 
    select
        kh1_0.makh,
        cth1_0.macth,
        cth1_0.hangbang,
        cth1_0.hocphi,
        cth1_0.sobuoilythuyet,
        cth1_0.sobuoithuchanh,
        cth1_0.tenchuongtrinh,
        kh1_0.ngaybatdau,
        kh1_0.ngayketthuc,
        kh1_0.tenkhoahoc,
        kh1_0.trangthai 
    from
        khoa_hoc kh1_0 
    left join
        chuong_trinh_hoc cth1_0 
            on cth1_0.macth=kh1_0.macth 
    where
        kh1_0.makh=?
2026-07-17 10:09:50 [http-nio-8080-exec-6] TRACE org.hibernate.orm.jdbc.bind - binding parameter (1:INTEGER) <- [2]
2026-07-17 10:09:50 [http-nio-8080-exec-8] DEBUG org.hibernate.SQL - 
    select
        mh1_0.mamh,
        mh1_0.so_tiet,
        mh1_0.tenmonhoc 
    from
        mon_hoc mh1_0
Hibernate: 
    select
        mh1_0.mamh,
        mh1_0.so_tiet,
        mh1_0.tenmonhoc 
    from
        mon_hoc mh1_0
2026-07-17 10:09:51 [http-nio-8080-exec-7] DEBUG org.hibernate.SQL - 
    select
        pt1_0.maphongthi,
        pt1_0.diadiem,
        pt1_0.succhua,
        pt1_0.tenphong,
        pt1_0.trangthai 
    from
        phong_thi pt1_0
Hibernate: 
    select
        pt1_0.maphongthi,
        pt1_0.diadiem,
        pt1_0.succhua,
        pt1_0.tenphong,
        pt1_0.trangthai 
    from
        phong_thi pt1_0
2026-07-17 10:09:53 [http-nio-8080-exec-2] DEBUG org.hibernate.SQL - 
    select
        ct1_0.macathi,
        ct1_0.gio_bat_dau,
        ct1_0.gio_ket_thuc,
        ct1_0.ten_ca 
    from
        ca_thi ct1_0
Hibernate: 
    select
        ct1_0.macathi,
        ct1_0.gio_bat_dau,
        ct1_0.gio_ket_thuc,
        ct1_0.ten_ca 
    from
        ca_thi ct1_0
2026-07-17 10:09:56 [http-nio-8080-exec-10] DEBUG org.hibernate.SQL - 
    select
        pt1_0.maphongthi,
        pt1_0.diadiem,
        pt1_0.succhua,
        pt1_0.tenphong,
        pt1_0.trangthai 
    from
        phong_thi pt1_0
Hibernate: 
    select
        pt1_0.maphongthi,
        pt1_0.diadiem,
        pt1_0.succhua,
        pt1_0.tenphong,
        pt1_0.trangthai 
    from
        phong_thi pt1_0
2026-07-17 10:09:57 [http-nio-8080-exec-1] DEBUG org.hibernate.SQL - 
    select
        ct1_0.macathi,
        ct1_0.gio_bat_dau,
        ct1_0.gio_ket_thuc,
        ct1_0.ten_ca 
    from
        ca_thi ct1_0
Hibernate: 
    select
        ct1_0.macathi,
        ct1_0.gio_bat_dau,
        ct1_0.gio_ket_thuc,
        ct1_0.ten_ca 
    from
        ca_thi ct1_0
2026-07-17 10:10:01 [http-nio-8080-exec-9] DEBUG org.hibernate.SQL - 
    select
        kh1_0.makh,
        kh1_0.macth,
        kh1_0.ngaybatdau,
        kh1_0.ngayketthuc,
        kh1_0.tenkhoahoc,
        kh1_0.trangthai 
    from
        khoa_hoc kh1_0
Hibernate: 
    select
        kh1_0.makh,
        kh1_0.macth,
        kh1_0.ngaybatdau,
        kh1_0.ngayketthuc,
        kh1_0.tenkhoahoc,
        kh1_0.trangthai 
    from
        khoa_hoc kh1_0
2026-07-17 10:10:01 [http-nio-8080-exec-9] DEBUG org.hibernate.SQL - 
    select
        cth1_0.macth,
        cth1_0.hangbang,
        cth1_0.hocphi,
        cth1_0.sobuoilythuyet,
        cth1_0.sobuoithuchanh,
        cth1_0.tenchuongtrinh 
    from
        chuong_trinh_hoc cth1_0 
    where
        cth1_0.macth=?
Hibernate: 
    select
        cth1_0.macth,
        cth1_0.hangbang,
        cth1_0.hocphi,
        cth1_0.sobuoilythuyet,
        cth1_0.sobuoithuchanh,
        cth1_0.tenchuongtrinh 
    from
        chuong_trinh_hoc cth1_0 
    where
        cth1_0.macth=?
2026-07-17 10:10:01 [http-nio-8080-exec-9] TRACE org.hibernate.orm.jdbc.bind - binding parameter (1:INTEGER) <- [1]
2026-07-17 10:10:01 [http-nio-8080-exec-9] DEBUG org.hibernate.SQL - 
    select
        cth1_0.macth,
        cth1_0.hangbang,
        cth1_0.hocphi,
        cth1_0.sobuoilythuyet,
        cth1_0.sobuoithuchanh,
        cth1_0.tenchuongtrinh 
    from
        chuong_trinh_hoc cth1_0 
    where
        cth1_0.macth=?
Hibernate: 
    select
        cth1_0.macth,
        cth1_0.hangbang,
        cth1_0.hocphi,
        cth1_0.sobuoilythuyet,
        cth1_0.sobuoithuchanh,
        cth1_0.tenchuongtrinh 
    from
        chuong_trinh_hoc cth1_0 
    where
        cth1_0.macth=?
2026-07-17 10:10:01 [http-nio-8080-exec-9] TRACE org.hibernate.orm.jdbc.bind - binding parameter (1:INTEGER) <- [2]
2026-07-17 10:10:02 [http-nio-8080-exec-4] DEBUG org.hibernate.SQL - 
    select
        pt1_0.maphongthi,
        pt1_0.diadiem,
        pt1_0.succhua,
        pt1_0.tenphong,
        pt1_0.trangthai 
    from
        phong_thi pt1_0
Hibernate: 
    select
        pt1_0.maphongthi,
        pt1_0.diadiem,
        pt1_0.succhua,
        pt1_0.tenphong,
        pt1_0.trangthai 
    from
        phong_thi pt1_0
2026-07-17 10:10:02 [http-nio-8080-exec-3] DEBUG org.hibernate.SQL - 
    select
        ct1_0.macathi,
        ct1_0.gio_bat_dau,
        ct1_0.gio_ket_thuc,
        ct1_0.ten_ca 
    from
        ca_thi ct1_0
Hibernate: 
    select
        ct1_0.macathi,
        ct1_0.gio_bat_dau,
        ct1_0.gio_ket_thuc,
        ct1_0.ten_ca 
    from
        ca_thi ct1_0
2026-07-17 10:10:02 [http-nio-8080-exec-5] DEBUG org.hibernate.SQL - 
    select
        lt1_0.malichthi,
        lt1_0.macathi,
        lt1_0.ghichu,
        lt1_0.ngaythi,
        lt1_0.maphongthi 
    from
        lich_thi lt1_0
Hibernate: 
    select
        lt1_0.malichthi,
        lt1_0.macathi,
        lt1_0.ghichu,
        lt1_0.ngaythi,
        lt1_0.maphongthi 
    from
        lich_thi lt1_0
2026-07-17 10:10:02 [http-nio-8080-exec-5] DEBUG org.hibernate.SQL - 
    select
        ct1_0.macathi,
        ct1_0.gio_bat_dau,
        ct1_0.gio_ket_thuc,
        ct1_0.ten_ca 
    from
        ca_thi ct1_0 
    where
        ct1_0.macathi=?
Hibernate: 
    select
        ct1_0.macathi,
        ct1_0.gio_bat_dau,
        ct1_0.gio_ket_thuc,
        ct1_0.ten_ca 
    from
        ca_thi ct1_0 
    where
        ct1_0.macathi=?
2026-07-17 10:10:02 [http-nio-8080-exec-5] TRACE org.hibernate.orm.jdbc.bind - binding parameter (1:INTEGER) <- [1]
2026-07-17 10:10:02 [http-nio-8080-exec-5] DEBUG org.hibernate.SQL - 
    select
        pt1_0.maphongthi,
        pt1_0.diadiem,
        pt1_0.succhua,
        pt1_0.tenphong,
        pt1_0.trangthai 
    from
        phong_thi pt1_0 
    where
        pt1_0.maphongthi=?
Hibernate: 
    select
        pt1_0.maphongthi,
        pt1_0.diadiem,
        pt1_0.succhua,
        pt1_0.tenphong,
        pt1_0.trangthai 
    from
        phong_thi pt1_0 
    where
        pt1_0.maphongthi=?
2026-07-17 10:10:02 [http-nio-8080-exec-5] TRACE org.hibernate.orm.jdbc.bind - binding parameter (1:INTEGER) <- [1]
2026-07-17 10:10:02 [http-nio-8080-exec-5] DEBUG org.hibernate.SQL - 
    select
        ct1_0.macathi,
        ct1_0.gio_bat_dau,
        ct1_0.gio_ket_thuc,
        ct1_0.ten_ca 
    from
        ca_thi ct1_0 
    where
        ct1_0.macathi=?
Hibernate: 
    select
        ct1_0.macathi,
        ct1_0.gio_bat_dau,
        ct1_0.gio_ket_thuc,
        ct1_0.ten_ca 
    from
        ca_thi ct1_0 
    where
        ct1_0.macathi=?
2026-07-17 10:10:02 [http-nio-8080-exec-5] TRACE org.hibernate.orm.jdbc.bind - binding parameter (1:INTEGER) <- [2]
2026-07-17 10:10:02 [http-nio-8080-exec-5] DEBUG org.hibernate.SQL - 
    select
        pt1_0.maphongthi,
        pt1_0.diadiem,
        pt1_0.succhua,
        pt1_0.tenphong,
        pt1_0.trangthai 
    from
        phong_thi pt1_0 
    where
        pt1_0.maphongthi=?
Hibernate: 
    select
        pt1_0.maphongthi,
        pt1_0.diadiem,
        pt1_0.succhua,
        pt1_0.tenphong,
        pt1_0.trangthai 
    from
        phong_thi pt1_0 
    where
        pt1_0.maphongthi=?
2026-07-17 10:10:02 [http-nio-8080-exec-5] TRACE org.hibernate.orm.jdbc.bind - binding parameter (1:INTEGER) <- [2]
2026-07-17 10:10:05 [http-nio-8080-exec-6] DEBUG org.hibernate.SQL - 
    select
        hv1_0.mahv,
        hv1_0.cccd,
        hv1_0.diachi,
        hv1_0.email,
        hv1_0.gioitinh,
        hv1_0.hoten,
        hv1_0.ngaydangky,
        hv1_0.ngaysinh,
        hv1_0.sodienthoai 
    from
        hoc_vien hv1_0
Hibernate: 
    select
        hv1_0.mahv,
        hv1_0.cccd,
        hv1_0.diachi,
        hv1_0.email,
        hv1_0.gioitinh,
        hv1_0.hoten,
        hv1_0.ngaydangky,
        hv1_0.ngaysinh,
        hv1_0.sodienthoai 
    from
        hoc_vien hv1_0
2026-07-17 10:10:05 [http-nio-8080-exec-8] DEBUG org.hibernate.SQL - 
    select
        lt1_0.malichthi,
        lt1_0.macathi,
        lt1_0.ghichu,
        lt1_0.ngaythi,
        lt1_0.maphongthi 
    from
        lich_thi lt1_0
Hibernate: 
    select
        lt1_0.malichthi,
        lt1_0.macathi,
        lt1_0.ghichu,
        lt1_0.ngaythi,
        lt1_0.maphongthi 
    from
        lich_thi lt1_0
2026-07-17 10:10:05 [http-nio-8080-exec-8] DEBUG org.hibernate.SQL - 
    select
        ct1_0.macathi,
        ct1_0.gio_bat_dau,
        ct1_0.gio_ket_thuc,
        ct1_0.ten_ca 
    from
        ca_thi ct1_0 
    where
        ct1_0.macathi=?
Hibernate: 
    select
        ct1_0.macathi,
        ct1_0.gio_bat_dau,
        ct1_0.gio_ket_thuc,
        ct1_0.ten_ca 
    from
        ca_thi ct1_0 
    where
        ct1_0.macathi=?
2026-07-17 10:10:05 [http-nio-8080-exec-8] TRACE org.hibernate.orm.jdbc.bind - binding parameter (1:INTEGER) <- [1]
2026-07-17 10:10:05 [http-nio-8080-exec-8] DEBUG org.hibernate.SQL - 
    select
        pt1_0.maphongthi,
        pt1_0.diadiem,
        pt1_0.succhua,
        pt1_0.tenphong,
        pt1_0.trangthai 
    from
        phong_thi pt1_0 
    where
        pt1_0.maphongthi=?
Hibernate: 
    select
        pt1_0.maphongthi,
        pt1_0.diadiem,
        pt1_0.succhua,
        pt1_0.tenphong,
        pt1_0.trangthai 
    from
        phong_thi pt1_0 
    where
        pt1_0.maphongthi=?
2026-07-17 10:10:05 [http-nio-8080-exec-8] TRACE org.hibernate.orm.jdbc.bind - binding parameter (1:INTEGER) <- [1]
2026-07-17 10:10:05 [http-nio-8080-exec-8] DEBUG org.hibernate.SQL - 
    select
        ct1_0.macathi,
        ct1_0.gio_bat_dau,
        ct1_0.gio_ket_thuc,
        ct1_0.ten_ca 
    from
        ca_thi ct1_0 
    where
        ct1_0.macathi=?
Hibernate: 
    select
        ct1_0.macathi,
        ct1_0.gio_bat_dau,
        ct1_0.gio_ket_thuc,
        ct1_0.ten_ca 
    from
        ca_thi ct1_0 
    where
        ct1_0.macathi=?
2026-07-17 10:10:05 [http-nio-8080-exec-8] TRACE org.hibernate.orm.jdbc.bind - binding parameter (1:INTEGER) <- [2]
2026-07-17 10:10:05 [http-nio-8080-exec-8] DEBUG org.hibernate.SQL - 
    select
        pt1_0.maphongthi,
        pt1_0.diadiem,
        pt1_0.succhua,
        pt1_0.tenphong,
        pt1_0.trangthai 
    from
        phong_thi pt1_0 
    where
        pt1_0.maphongthi=?
Hibernate: 
    select
        pt1_0.maphongthi,
        pt1_0.diadiem,
        pt1_0.succhua,
        pt1_0.tenphong,
        pt1_0.trangthai 
    from
        phong_thi pt1_0 
    where
        pt1_0.maphongthi=?
2026-07-17 10:10:05 [http-nio-8080-exec-8] TRACE org.hibernate.orm.jdbc.bind - binding parameter (1:INTEGER) <- [2]
2026-07-17 10:10:05 [http-nio-8080-exec-2] DEBUG org.hibernate.SQL - 
    select
        kqt1_0.id,
        kqt1_0.diem,
        kqt1_0.ghichu,
        kqt1_0.ketqua,
        kqt1_0.mathi 
    from
        ket_qua_thi kqt1_0
Hibernate: 
    select
        kqt1_0.id,
        kqt1_0.diem,
        kqt1_0.ghichu,
        kqt1_0.ketqua,
        kqt1_0.mathi 
    from
        ket_qua_thi kqt1_0
2026-07-17 10:10:05 [http-nio-8080-exec-2] DEBUG org.hibernate.SQL - 
    select
        tsh1_0.mathi,
        tsh1_0.ghichu,
        hv1_0.mahv,
        hv1_0.cccd,
        hv1_0.diachi,
        hv1_0.email,
        hv1_0.gioitinh,
        hv1_0.hoten,
        hv1_0.ngaydangky,
        hv1_0.ngaysinh,
        hv1_0.sodienthoai,
        tsh1_0.ketqua,
        lt1_0.malichthi,
        ct1_0.macathi,
        ct1_0.gio_bat_dau,
        ct1_0.gio_ket_thuc,
        ct1_0.ten_ca,
        lt1_0.ghichu,
        lt1_0.ngaythi,
        pt1_0.maphongthi,
        pt1_0.diadiem,
        pt1_0.succhua,
        pt1_0.tenphong,
        pt1_0.trangthai,
        tsh1_0.ngaythi 
    from
        thi_sat_hach tsh1_0 
    left join
        hoc_vien hv1_0 
            on hv1_0.mahv=tsh1_0.mahv 
    left join
        lich_thi lt1_0 
            on lt1_0.malichthi=tsh1_0.malichthi 
    left join
        ca_thi ct1_0 
            on ct1_0.macathi=lt1_0.macathi 
    left join
        phong_thi pt1_0 
            on pt1_0.maphongthi=lt1_0.maphongthi 
    where
        tsh1_0.mathi=?
Hibernate: 
    select
        tsh1_0.mathi,
        tsh1_0.ghichu,
        hv1_0.mahv,
        hv1_0.cccd,
        hv1_0.diachi,
        hv1_0.email,
        hv1_0.gioitinh,
        hv1_0.hoten,
        hv1_0.ngaydangky,
        hv1_0.ngaysinh,
        hv1_0.sodienthoai,
        tsh1_0.ketqua,
        lt1_0.malichthi,
        ct1_0.macathi,
        ct1_0.gio_bat_dau,
        ct1_0.gio_ket_thuc,
        ct1_0.ten_ca,
        lt1_0.ghichu,
        lt1_0.ngaythi,
        pt1_0.maphongthi,
        pt1_0.diadiem,
        pt1_0.succhua,
        pt1_0.tenphong,
        pt1_0.trangthai,
        tsh1_0.ngaythi 
    from
        thi_sat_hach tsh1_0 
    left join
        hoc_vien hv1_0 
            on hv1_0.mahv=tsh1_0.mahv 
    left join
        lich_thi lt1_0 
            on lt1_0.malichthi=tsh1_0.malichthi 
    left join
        ca_thi ct1_0 
            on ct1_0.macathi=lt1_0.macathi 
    left join
        phong_thi pt1_0 
            on pt1_0.maphongthi=lt1_0.maphongthi 
    where
        tsh1_0.mathi=?
2026-07-17 10:10:05 [http-nio-8080-exec-2] TRACE org.hibernate.orm.jdbc.bind - binding parameter (1:INTEGER) <- [1]
2026-07-17 10:10:06 [http-nio-8080-exec-10] DEBUG org.hibernate.SQL - 
    select
        tsh1_0.mathi,
        tsh1_0.ghichu,
        tsh1_0.mahv,
        tsh1_0.ketqua,
        tsh1_0.malichthi,
        tsh1_0.ngaythi 
    from
        thi_sat_hach tsh1_0
Hibernate: 
    select
        tsh1_0.mathi,
        tsh1_0.ghichu,
        tsh1_0.mahv,
        tsh1_0.ketqua,
        tsh1_0.malichthi,
        tsh1_0.ngaythi 
    from
        thi_sat_hach tsh1_0
2026-07-17 10:10:06 [http-nio-8080-exec-10] DEBUG org.hibernate.SQL - 
    select
        hv1_0.mahv,
        hv1_0.cccd,
        hv1_0.diachi,
        hv1_0.email,
        hv1_0.gioitinh,
        hv1_0.hoten,
        hv1_0.ngaydangky,
        hv1_0.ngaysinh,
        hv1_0.sodienthoai 
    from
        hoc_vien hv1_0 
    where
        hv1_0.mahv=?
Hibernate: 
    select
        hv1_0.mahv,
        hv1_0.cccd,
        hv1_0.diachi,
        hv1_0.email,
        hv1_0.gioitinh,
        hv1_0.hoten,
        hv1_0.ngaydangky,
        hv1_0.ngaysinh,
        hv1_0.sodienthoai 
    from
        hoc_vien hv1_0 
    where
        hv1_0.mahv=?
2026-07-17 10:10:06 [http-nio-8080-exec-10] TRACE org.hibernate.orm.jdbc.bind - binding parameter (1:INTEGER) <- [1]
2026-07-17 10:10:14 [http-nio-8080-exec-1] DEBUG org.hibernate.SQL - 
    select
        tk1_0.id,
        tk1_0.anh,
        tk1_0.cccd,
        tk1_0.email,
        tk1_0.ho_ten,
        tk1_0.khoa_den,
        tk1_0.lan_dang_nhap_cuoi,
        tk1_0.mat_khau,
        tk1_0.ngay_cap_nhat,
        tk1_0.ngay_tao,
        tk1_0.nguoi_tao_id,
        tk1_0.so_dien_thoai,
        tk1_0.so_lan_dang_nhap_sai,
        tk1_0.ten_dang_nhap,
        tk1_0.trang_thai,
        tk1_0.vai_tro_id 
    from
        tai_khoan tk1_0 
    where
        tk1_0.ten_dang_nhap=?
Hibernate: 
    select
        tk1_0.id,
        tk1_0.anh,
        tk1_0.cccd,
        tk1_0.email,
        tk1_0.ho_ten,
        tk1_0.khoa_den,
        tk1_0.lan_dang_nhap_cuoi,
        tk1_0.mat_khau,
        tk1_0.ngay_cap_nhat,
        tk1_0.ngay_tao,
        tk1_0.nguoi_tao_id,
        tk1_0.so_dien_thoai,
        tk1_0.so_lan_dang_nhap_sai,
        tk1_0.ten_dang_nhap,
        tk1_0.trang_thai,
        tk1_0.vai_tro_id 
    from
        tai_khoan tk1_0 
    where
        tk1_0.ten_dang_nhap=?
2026-07-17 10:10:14 [http-nio-8080-exec-1] TRACE org.hibernate.orm.jdbc.bind - binding parameter (1:VARCHAR) <- [hocvien1]
2026-07-17 10:10:14 [http-nio-8080-exec-1] DEBUG org.hibernate.SQL - 
    select
        vt1_0.id,
        vt1_0.ma_vai_tro,
        vt1_0.mo_ta,
        vt1_0.ngay_cap_nhat,
        vt1_0.ngay_tao,
        vt1_0.ten_vai_tro,
        vt1_0.trang_thai 
    from
        vai_tro vt1_0 
    where
        vt1_0.id=?
Hibernate: 
    select
        vt1_0.id,
        vt1_0.ma_vai_tro,
        vt1_0.mo_ta,
        vt1_0.ngay_cap_nhat,
        vt1_0.ngay_tao,
        vt1_0.ten_vai_tro,
        vt1_0.trang_thai 
    from
        vai_tro vt1_0 
    where
        vt1_0.id=?
2026-07-17 10:10:14 [http-nio-8080-exec-1] TRACE org.hibernate.orm.jdbc.bind - binding parameter (1:INTEGER) <- [3]
2026-07-17 10:10:14 [http-nio-8080-exec-9] DEBUG org.hibernate.SQL - 
    select
        tk1_0.id,
        tk1_0.anh,
        tk1_0.cccd,
        tk1_0.email,
        tk1_0.ho_ten,
        tk1_0.khoa_den,
        tk1_0.lan_dang_nhap_cuoi,
        tk1_0.mat_khau,
        tk1_0.ngay_cap_nhat,
        tk1_0.ngay_tao,
        tk1_0.nguoi_tao_id,
        tk1_0.so_dien_thoai,
        tk1_0.so_lan_dang_nhap_sai,
        tk1_0.ten_dang_nhap,
        tk1_0.trang_thai,
        tk1_0.vai_tro_id 
    from
        tai_khoan tk1_0 
    where
        tk1_0.ten_dang_nhap=?
Hibernate: 
    select
        tk1_0.id,
        tk1_0.anh,
        tk1_0.cccd,
        tk1_0.email,
        tk1_0.ho_ten,
        tk1_0.khoa_den,
        tk1_0.lan_dang_nhap_cuoi,
        tk1_0.mat_khau,
        tk1_0.ngay_cap_nhat,
        tk1_0.ngay_tao,
        tk1_0.nguoi_tao_id,
        tk1_0.so_dien_thoai,
        tk1_0.so_lan_dang_nhap_sai,
        tk1_0.ten_dang_nhap,
        tk1_0.trang_thai,
        tk1_0.vai_tro_id 
    from
        tai_khoan tk1_0 
    where
        tk1_0.ten_dang_nhap=?
2026-07-17 10:10:14 [http-nio-8080-exec-9] TRACE org.hibernate.orm.jdbc.bind - binding parameter (1:VARCHAR) <- [hocvien1]
2026-07-17 10:10:14 [http-nio-8080-exec-9] DEBUG org.hibernate.SQL - 
    select
        vt1_0.id,
        vt1_0.ma_vai_tro,
        vt1_0.mo_ta,
        vt1_0.ngay_cap_nhat,
        vt1_0.ngay_tao,
        vt1_0.ten_vai_tro,
        vt1_0.trang_thai 
    from
        vai_tro vt1_0 
    where
        vt1_0.id=?
Hibernate: 
    select
        vt1_0.id,
        vt1_0.ma_vai_tro,
        vt1_0.mo_ta,
        vt1_0.ngay_cap_nhat,
        vt1_0.ngay_tao,
        vt1_0.ten_vai_tro,
        vt1_0.trang_thai 
    from
        vai_tro vt1_0 
    where
        vt1_0.id=?
2026-07-17 10:10:14 [http-nio-8080-exec-9] TRACE org.hibernate.orm.jdbc.bind - binding parameter (1:INTEGER) <- [3]
2026-07-17 10:10:14 [http-nio-8080-exec-9] DEBUG org.hibernate.SQL - 
    select
        acd1_0.id,
        acd1_0.ghichu,
        acd1_0.matk,
        acd1_0.ngaytao,
        acd1_0.trangthai,
        acd1_0.url 
    from
        anh_cho_duyet acd1_0 
    where
        acd1_0.matk=?
Hibernate: 
    select
        acd1_0.id,
        acd1_0.ghichu,
        acd1_0.matk,
        acd1_0.ngaytao,
        acd1_0.trangthai,
        acd1_0.url 
    from
        anh_cho_duyet acd1_0 
    where
        acd1_0.matk=?
2026-07-17 10:10:14 [http-nio-8080-exec-9] TRACE org.hibernate.orm.jdbc.bind - binding parameter (1:INTEGER) <- [3]
2026-07-17 10:10:39 [http-nio-8080-exec-5] DEBUG org.hibernate.SQL - 
    select
        tt1_0.id,
        tt1_0.hinh_anh,
        tt1_0.mo_ta_ngan,
        tt1_0.ngay_dang,
        tt1_0.noi_dung,
        tt1_0.tac_gia,
        tt1_0.tieu_de,
        tt1_0.trang_thai 
    from
        tin_tuc tt1_0
Hibernate: 
    select
        tt1_0.id,
        tt1_0.hinh_anh,
        tt1_0.mo_ta_ngan,
        tt1_0.ngay_dang,
        tt1_0.noi_dung,
        tt1_0.tac_gia,
        tt1_0.tieu_de,
        tt1_0.trang_thai 
    from
        tin_tuc tt1_0
2026-07-17 10:15:04 [http-nio-8080-exec-8] DEBUG org.hibernate.SQL - 
    select
        tt1_0.id,
        tt1_0.hinh_anh,
        tt1_0.mo_ta_ngan,
        tt1_0.ngay_dang,
        tt1_0.noi_dung,
        tt1_0.tac_gia,
        tt1_0.tieu_de,
        tt1_0.trang_thai 
    from
        tin_tuc tt1_0
Hibernate: 
    select
        tt1_0.id,
        tt1_0.hinh_anh,
        tt1_0.mo_ta_ngan,
        tt1_0.ngay_dang,
        tt1_0.noi_dung,
        tt1_0.tac_gia,
        tt1_0.tieu_de,
        tt1_0.trang_thai 
    from
        tin_tuc tt1_0
2026-07-17 10:15:06 [http-nio-8080-exec-7] DEBUG org.hibernate.SQL - 
    select
        tt1_0.id,
        tt1_0.hinh_anh,
        tt1_0.mo_ta_ngan,
        tt1_0.ngay_dang,
        tt1_0.noi_dung,
        tt1_0.tac_gia,
        tt1_0.tieu_de,
        tt1_0.trang_thai 
    from
        tin_tuc tt1_0
Hibernate: 
    select
        tt1_0.id,
        tt1_0.hinh_anh,
        tt1_0.mo_ta_ngan,
        tt1_0.ngay_dang,
        tt1_0.noi_dung,
        tt1_0.tac_gia,
        tt1_0.tieu_de,
        tt1_0.trang_thai 
    from
        tin_tuc tt1_0
2026-07-17 10:16:04 [http-nio-8080-exec-2] DEBUG org.hibernate.SQL - 
    select
        tt1_0.id,
        tt1_0.hinh_anh,
        tt1_0.mo_ta_ngan,
        tt1_0.ngay_dang,
        tt1_0.noi_dung,
        tt1_0.tac_gia,
        tt1_0.tieu_de,
        tt1_0.trang_thai 
    from
        tin_tuc tt1_0
Hibernate: 
    select
        tt1_0.id,
        tt1_0.hinh_anh,
        tt1_0.mo_ta_ngan,
        tt1_0.ngay_dang,
        tt1_0.noi_dung,
        tt1_0.tac_gia,
        tt1_0.tieu_de,
        tt1_0.trang_thai 
    from
        tin_tuc tt1_0
2026-07-17 10:18:06 [http-nio-8080-exec-6] DEBUG org.hibernate.SQL - 
    select
        tt1_0.id,
        tt1_0.hinh_anh,
        tt1_0.mo_ta_ngan,
        tt1_0.ngay_dang,
        tt1_0.noi_dung,
        tt1_0.tac_gia,
        tt1_0.tieu_de,
        tt1_0.trang_thai 
    from
        tin_tuc tt1_0
Hibernate: 
    select
        tt1_0.id,
        tt1_0.hinh_anh,
        tt1_0.mo_ta_ngan,
        tt1_0.ngay_dang,
        tt1_0.noi_dung,
        tt1_0.tac_gia,
        tt1_0.tieu_de,
        tt1_0.trang_thai 
    from
        tin_tuc tt1_0
2026-07-17 10:18:19 [http-nio-8080-exec-7] DEBUG org.hibernate.SQL - 
    select
        tt1_0.id,
        tt1_0.hinh_anh,
        tt1_0.mo_ta_ngan,
        tt1_0.ngay_dang,
        tt1_0.noi_dung,
        tt1_0.tac_gia,
        tt1_0.tieu_de,
        tt1_0.trang_thai 
    from
        tin_tuc tt1_0
Hibernate: 
    select
        tt1_0.id,
        tt1_0.hinh_anh,
        tt1_0.mo_ta_ngan,
        tt1_0.ngay_dang,
        tt1_0.noi_dung,
        tt1_0.tac_gia,
        tt1_0.tieu_de,
        tt1_0.trang_thai 
    from
        tin_tuc tt1_0
2026-07-17 10:21:12 [http-nio-8080-exec-1] DEBUG org.hibernate.SQL - 
    select
        tt1_0.id,
        tt1_0.hinh_anh,
        tt1_0.mo_ta_ngan,
        tt1_0.ngay_dang,
        tt1_0.noi_dung,
        tt1_0.tac_gia,
        tt1_0.tieu_de,
        tt1_0.trang_thai 
    from
        tin_tuc tt1_0
Hibernate: 
    select
        tt1_0.id,
        tt1_0.hinh_anh,
        tt1_0.mo_ta_ngan,
        tt1_0.ngay_dang,
        tt1_0.noi_dung,
        tt1_0.tac_gia,
        tt1_0.tieu_de,
        tt1_0.trang_thai 
    from
        tin_tuc tt1_0
2026-07-17 12:43:43 [DATN-HikariPool housekeeper] WARN  com.zaxxer.hikari.pool.HikariPool - DATN-HikariPool - Thread starvation or clock leap detected (housekeeper delta=1m7s949ms697µs200ns).
2026-07-17 12:50:50 [http-nio-8080-exec-4] DEBUG org.hibernate.SQL - 
    select
        tt1_0.id,
        tt1_0.hinh_anh,
        tt1_0.mo_ta_ngan,
        tt1_0.ngay_dang,
        tt1_0.noi_dung,
        tt1_0.tac_gia,
        tt1_0.tieu_de,
        tt1_0.trang_thai 
    from
        tin_tuc tt1_0
Hibernate: 
    select
        tt1_0.id,
        tt1_0.hinh_anh,
        tt1_0.mo_ta_ngan,
        tt1_0.ngay_dang,
        tt1_0.noi_dung,
        tt1_0.tac_gia,
        tt1_0.tieu_de,
        tt1_0.trang_thai 
    from
        tin_tuc tt1_0
[INFO] ------------------------------------------------------------------------
[INFO] BUILD FAILURE
[INFO] ------------------------------------------------------------------------
[INFO] Total time:  04:25 h
[INFO] Finished at: 2026-07-17T13:58:17+07:00
[INFO] ------------------------------------------------------------------------
[ERROR] Failed to execute goal org.springframework.boot:spring-boot-maven-plugin:3.3.5:run (default-cli) on project DATN_NHOM3_BACKEND: Process terminated with exit code: -1 -> [Help 1]
[ERROR] 
[ERROR] To see the full stack trace of the errors, re-run Maven with the -e switch.
[ERROR] Re-run Maven using the -X switch to enable full debug logging.
[ERROR] 
[ERROR] For more information about the errors and possible solutions, please read the following articles:
[ERROR] [Help 1] http://cwiki.apache.org/confluence/display/MAVEN/MojoExecutionException
